ISO-10303-21;
HEADER;
FILE_DESCRIPTION(('FreeCAD Model'),'2;1');
FILE_NAME('Open CASCADE Shape Model','2026-09-25T16:25:26',('FreeCAD'),(
    'FreeCAD'),'Open CASCADE STEP processor 7.8','FreeCAD','Unknown');
FILE_SCHEMA(('AUTOMOTIVE_DESIGN { 1 0 10303 214 1 1 1 1 }'));
ENDSEC;
DATA;
#1 = APPLICATION_PROTOCOL_DEFINITION('international standard',
  'automotive_design',2000,#2);
#2 = APPLICATION_CONTEXT(
  'core data for automotive mechanical design processes');
#3 = SHAPE_DEFINITION_REPRESENTATION(#4,#10);
#4 = PRODUCT_DEFINITION_SHAPE('','',#5);
#5 = PRODUCT_DEFINITION('design','',#6,#9);
#6 = PRODUCT_DEFINITION_FORMATION('','',#7);
#7 = PRODUCT('Open CASCADE STEP translator 7.8 1',
  'Open CASCADE STEP translator 7.8 1','',(#8));
#8 = PRODUCT_CONTEXT('',#2,'mechanical');
#9 = PRODUCT_DEFINITION_CONTEXT('part definition',#2,'design');
#10 = ADVANCED_BREP_SHAPE_REPRESENTATION('',(#11,#15),#4443);
#11 = AXIS2_PLACEMENT_3D('',#12,#13,#14);
#12 = CARTESIAN_POINT('',(0.,0.,0.));
#13 = DIRECTION('',(0.,0.,1.));
#14 = DIRECTION('',(1.,0.,-0.));
#15 = MANIFOLD_SOLID_BREP('',#16);
#16 = CLOSED_SHELL('',(#17,#57,#184,#209,#234,#573,#598,#622,#647,#709,
    #738,#761,#784,#801,#830,#853,#876,#893,#925,#949,#973,#1005,#1029,
    #1053,#1085,#1109,#1133,#1165,#1189,#1213,#1245,#1269,#1293,#1325,
    #1349,#1373,#1405,#1429,#1453,#1485,#1527,#1593,#1626,#1721,#1754,
    #1819,#1852,#1938,#1955,#1972,#2003,#2027,#2051,#2068,#2099,#2123,
    #2147,#2164,#2264,#2329,#2394,#2425,#2449,#2473,#2490,#2555,#2620,
    #2807,#2853,#2878,#2903,#2934,#2958,#2982,#2999,#3024,#3049,#3073,
    #3114,#3130,#3147,#3157,#3181,#3222,#3238,#3255,#3265,#3311,#3335,
    #3376,#3392,#3409,#3419,#3443,#3484,#3500,#3517,#3527,#3549,#3566,
    #3583,#3595,#3626,#3650,#3674,#3691,#3711,#3731,#3749,#3769,#3789,
    #3814,#3839,#3864,#3889,#3898,#3907,#3916,#3925,#4087,#4113,#4122,
    #4148,#4157,#4183,#4192,#4218,#4227,#4240,#4253,#4266,#4279,#4292,
    #4305,#4318,#4331,#4345,#4359,#4373,#4387,#4401,#4415,#4429));
#17 = ADVANCED_FACE('',(#18),#52,.F.);
#18 = FACE_BOUND('',#19,.F.);
#19 = EDGE_LOOP('',(#20,#30,#38,#46));
#20 = ORIENTED_EDGE('',*,*,#21,.F.);
#21 = EDGE_CURVE('',#22,#24,#26,.T.);
#22 = VERTEX_POINT('',#23);
#23 = CARTESIAN_POINT('',(-29.,0.,3.));
#24 = VERTEX_POINT('',#25);
#25 = CARTESIAN_POINT('',(-29.,0.,124.5));
#26 = LINE('',#27,#28);
#27 = CARTESIAN_POINT('',(-29.,0.,0.));
#28 = VECTOR('',#29,1.);
#29 = DIRECTION('',(0.,0.,1.));
#30 = ORIENTED_EDGE('',*,*,#31,.T.);
#31 = EDGE_CURVE('',#22,#32,#34,.T.);
#32 = VERTEX_POINT('',#33);
#33 = CARTESIAN_POINT('',(-29.,43.,3.));
#34 = LINE('',#35,#36);
#35 = CARTESIAN_POINT('',(-29.,0.,3.));
#36 = VECTOR('',#37,1.);
#37 = DIRECTION('',(-0.,1.,0.));
#38 = ORIENTED_EDGE('',*,*,#39,.T.);
#39 = EDGE_CURVE('',#32,#40,#42,.T.);
#40 = VERTEX_POINT('',#41);
#41 = CARTESIAN_POINT('',(-29.,43.,124.5));
#42 = LINE('',#43,#44);
#43 = CARTESIAN_POINT('',(-29.,43.,0.));
#44 = VECTOR('',#45,1.);
#45 = DIRECTION('',(0.,0.,1.));
#46 = ORIENTED_EDGE('',*,*,#47,.F.);
#47 = EDGE_CURVE('',#24,#40,#48,.T.);
#48 = LINE('',#49,#50);
#49 = CARTESIAN_POINT('',(-29.,0.,124.5));
#50 = VECTOR('',#51,1.);
#51 = DIRECTION('',(-0.,1.,0.));
#52 = PLANE('',#53);
#53 = AXIS2_PLACEMENT_3D('',#54,#55,#56);
#54 = CARTESIAN_POINT('',(-29.,0.,0.));
#55 = DIRECTION('',(1.,0.,-0.));
#56 = DIRECTION('',(0.,0.,1.));
#57 = ADVANCED_FACE('',(#58,#119,#149),#179,.F.);
#58 = FACE_BOUND('',#59,.F.);
#59 = EDGE_LOOP('',(#60,#70,#77,#78,#87,#95,#104,#112));
#60 = ORIENTED_EDGE('',*,*,#61,.F.);
#61 = EDGE_CURVE('',#62,#64,#66,.T.);
#62 = VERTEX_POINT('',#63);
#63 = CARTESIAN_POINT('',(-26.,0.,-4.440892098501E-16));
#64 = VERTEX_POINT('',#65);
#65 = CARTESIAN_POINT('',(26.,0.,-4.440892098501E-16));
#66 = LINE('',#67,#68);
#67 = CARTESIAN_POINT('',(-29.,0.,0.));
#68 = VECTOR('',#69,1.);
#69 = DIRECTION('',(1.,0.,-0.));
#70 = ORIENTED_EDGE('',*,*,#71,.F.);
#71 = EDGE_CURVE('',#22,#62,#72,.T.);
#72 = CIRCLE('',#73,3.);
#73 = AXIS2_PLACEMENT_3D('',#74,#75,#76);
#74 = CARTESIAN_POINT('',(-26.,0.,3.));
#75 = DIRECTION('',(0.,-1.,0.));
#76 = DIRECTION('',(0.,0.,1.));
#77 = ORIENTED_EDGE('',*,*,#21,.T.);
#78 = ORIENTED_EDGE('',*,*,#79,.T.);
#79 = EDGE_CURVE('',#24,#80,#82,.T.);
#80 = VERTEX_POINT('',#81);
#81 = CARTESIAN_POINT('',(-26.,0.,127.5));
#82 = CIRCLE('',#83,3.);
#83 = AXIS2_PLACEMENT_3D('',#84,#85,#86);
#84 = CARTESIAN_POINT('',(-26.,0.,124.5));
#85 = DIRECTION('',(-0.,1.,0.));
#86 = DIRECTION('',(0.,0.,1.));
#87 = ORIENTED_EDGE('',*,*,#88,.T.);
#88 = EDGE_CURVE('',#80,#89,#91,.T.);
#89 = VERTEX_POINT('',#90);
#90 = CARTESIAN_POINT('',(26.,0.,127.5));
#91 = LINE('',#92,#93);
#92 = CARTESIAN_POINT('',(-29.,0.,127.5));
#93 = VECTOR('',#94,1.);
#94 = DIRECTION('',(1.,0.,-0.));
#95 = ORIENTED_EDGE('',*,*,#96,.F.);
#96 = EDGE_CURVE('',#97,#89,#99,.T.);
#97 = VERTEX_POINT('',#98);
#98 = CARTESIAN_POINT('',(29.,0.,124.5));
#99 = CIRCLE('',#100,3.);
#100 = AXIS2_PLACEMENT_3D('',#101,#102,#103);
#101 = CARTESIAN_POINT('',(26.,0.,124.5));
#102 = DIRECTION('',(0.,-1.,0.));
#103 = DIRECTION('',(0.,0.,1.));
#104 = ORIENTED_EDGE('',*,*,#105,.F.);
#105 = EDGE_CURVE('',#106,#97,#108,.T.);
#106 = VERTEX_POINT('',#107);
#107 = CARTESIAN_POINT('',(29.,0.,3.));
#108 = LINE('',#109,#110);
#109 = CARTESIAN_POINT('',(29.,0.,0.));
#110 = VECTOR('',#111,1.);
#111 = DIRECTION('',(0.,0.,1.));
#112 = ORIENTED_EDGE('',*,*,#113,.T.);
#113 = EDGE_CURVE('',#106,#64,#114,.T.);
#114 = CIRCLE('',#115,3.);
#115 = AXIS2_PLACEMENT_3D('',#116,#117,#118);
#116 = CARTESIAN_POINT('',(26.,0.,3.));
#117 = DIRECTION('',(-0.,1.,0.));
#118 = DIRECTION('',(0.,0.,1.));
#119 = FACE_BOUND('',#120,.F.);
#120 = EDGE_LOOP('',(#121,#130,#137,#144));
#121 = ORIENTED_EDGE('',*,*,#122,.F.);
#122 = EDGE_CURVE('',#123,#125,#127,.T.);
#123 = VERTEX_POINT('',#124);
#124 = CARTESIAN_POINT('',(9.990066225166,5.030698080333E-17,
    12.509933774834));
#125 = VERTEX_POINT('',#126);
#126 = CARTESIAN_POINT('',(-9.990066225166,5.030698080333E-17,
    12.509933774834));
#127 = B_SPLINE_CURVE_WITH_KNOTS('',1,(#128,#129),.UNSPECIFIED.,.F.,.F.,
  (2,2),(0.,1.),.PIECEWISE_BEZIER_KNOTS.);
#128 = CARTESIAN_POINT('',(9.990066225166,0.,12.509933774834));
#129 = CARTESIAN_POINT('',(-9.990066225166,0.,12.509933774834));
#130 = ORIENTED_EDGE('',*,*,#131,.F.);
#131 = EDGE_CURVE('',#132,#123,#134,.T.);
#132 = VERTEX_POINT('',#133);
#133 = CARTESIAN_POINT('',(9.990066225166,5.030698080333E-17,
    34.490066225166));
#134 = B_SPLINE_CURVE_WITH_KNOTS('',1,(#135,#136),.UNSPECIFIED.,.F.,.F.,
  (2,2),(0.,1.),.PIECEWISE_BEZIER_KNOTS.);
#135 = CARTESIAN_POINT('',(9.990066225166,0.,34.490066225166));
#136 = CARTESIAN_POINT('',(9.990066225166,0.,12.509933774834));
#137 = ORIENTED_EDGE('',*,*,#138,.F.);
#138 = EDGE_CURVE('',#139,#132,#141,.T.);
#139 = VERTEX_POINT('',#140);
#140 = CARTESIAN_POINT('',(-9.990066225166,5.030698080333E-17,
    34.490066225166));
#141 = B_SPLINE_CURVE_WITH_KNOTS('',1,(#142,#143),.UNSPECIFIED.,.F.,.F.,
  (2,2),(0.,1.),.PIECEWISE_BEZIER_KNOTS.);
#142 = CARTESIAN_POINT('',(-9.990066225166,0.,34.490066225166));
#143 = CARTESIAN_POINT('',(9.990066225166,0.,34.490066225166));
#144 = ORIENTED_EDGE('',*,*,#145,.F.);
#145 = EDGE_CURVE('',#125,#139,#146,.T.);
#146 = B_SPLINE_CURVE_WITH_KNOTS('',1,(#147,#148),.UNSPECIFIED.,.F.,.F.,
  (2,2),(0.,1.),.PIECEWISE_BEZIER_KNOTS.);
#147 = CARTESIAN_POINT('',(-9.990066225166,0.,12.509933774834));
#148 = CARTESIAN_POINT('',(-9.990066225166,0.,34.490066225166));
#149 = FACE_BOUND('',#150,.F.);
#150 = EDGE_LOOP('',(#151,#160,#167,#174));
#151 = ORIENTED_EDGE('',*,*,#152,.F.);
#152 = EDGE_CURVE('',#153,#155,#157,.T.);
#153 = VERTEX_POINT('',#154);
#154 = CARTESIAN_POINT('',(23.790082644628,-3.469446951954E-17,
    48.149917355372));
#155 = VERTEX_POINT('',#156);
#156 = CARTESIAN_POINT('',(-23.79008264462,-3.469446951954E-17,
    48.149917355372));
#157 = B_SPLINE_CURVE_WITH_KNOTS('',1,(#158,#159),.UNSPECIFIED.,.F.,.F.,
  (2,2),(0.,1.),.PIECEWISE_BEZIER_KNOTS.);
#158 = CARTESIAN_POINT('',(23.790082644628,0.,48.149917355372));
#159 = CARTESIAN_POINT('',(-23.79008264462,0.,48.149917355372));
#160 = ORIENTED_EDGE('',*,*,#161,.F.);
#161 = EDGE_CURVE('',#162,#153,#164,.T.);
#162 = VERTEX_POINT('',#163);
#163 = CARTESIAN_POINT('',(23.790082644628,-3.469446951954E-17,
    110.18008264462));
#164 = B_SPLINE_CURVE_WITH_KNOTS('',1,(#165,#166),.UNSPECIFIED.,.F.,.F.,
  (2,2),(0.,1.),.PIECEWISE_BEZIER_KNOTS.);
#165 = CARTESIAN_POINT('',(23.790082644628,0.,110.18008264462));
#166 = CARTESIAN_POINT('',(23.790082644628,0.,48.149917355372));
#167 = ORIENTED_EDGE('',*,*,#168,.F.);
#168 = EDGE_CURVE('',#169,#162,#171,.T.);
#169 = VERTEX_POINT('',#170);
#170 = CARTESIAN_POINT('',(-23.79008264462,-3.469446951954E-17,
    110.18008264462));
#171 = B_SPLINE_CURVE_WITH_KNOTS('',1,(#172,#173),.UNSPECIFIED.,.F.,.F.,
  (2,2),(0.,1.),.PIECEWISE_BEZIER_KNOTS.);
#172 = CARTESIAN_POINT('',(-23.79008264462,0.,110.18008264462));
#173 = CARTESIAN_POINT('',(23.790082644628,0.,110.18008264462));
#174 = ORIENTED_EDGE('',*,*,#175,.F.);
#175 = EDGE_CURVE('',#155,#169,#176,.T.);
#176 = B_SPLINE_CURVE_WITH_KNOTS('',1,(#177,#178),.UNSPECIFIED.,.F.,.F.,
  (2,2),(0.,1.),.PIECEWISE_BEZIER_KNOTS.);
#177 = CARTESIAN_POINT('',(-23.79008264462,0.,48.149917355372));
#178 = CARTESIAN_POINT('',(-23.79008264462,0.,110.18008264462));
#179 = PLANE('',#180);
#180 = AXIS2_PLACEMENT_3D('',#181,#182,#183);
#181 = CARTESIAN_POINT('',(-29.,0.,0.));
#182 = DIRECTION('',(-0.,1.,0.));
#183 = DIRECTION('',(0.,0.,1.));
#184 = ADVANCED_FACE('',(#185),#204,.T.);
#185 = FACE_BOUND('',#186,.F.);
#186 = EDGE_LOOP('',(#187,#188,#196,#203));
#187 = ORIENTED_EDGE('',*,*,#71,.T.);
#188 = ORIENTED_EDGE('',*,*,#189,.T.);
#189 = EDGE_CURVE('',#62,#190,#192,.T.);
#190 = VERTEX_POINT('',#191);
#191 = CARTESIAN_POINT('',(-26.,43.,-4.440892098501E-16));
#192 = LINE('',#193,#194);
#193 = CARTESIAN_POINT('',(-26.,0.,-4.440892098501E-16));
#194 = VECTOR('',#195,1.);
#195 = DIRECTION('',(-0.,1.,0.));
#196 = ORIENTED_EDGE('',*,*,#197,.F.);
#197 = EDGE_CURVE('',#32,#190,#198,.T.);
#198 = CIRCLE('',#199,3.);
#199 = AXIS2_PLACEMENT_3D('',#200,#201,#202);
#200 = CARTESIAN_POINT('',(-26.,43.,3.));
#201 = DIRECTION('',(0.,-1.,0.));
#202 = DIRECTION('',(0.,0.,1.));
#203 = ORIENTED_EDGE('',*,*,#31,.F.);
#204 = CYLINDRICAL_SURFACE('',#205,3.);
#205 = AXIS2_PLACEMENT_3D('',#206,#207,#208);
#206 = CARTESIAN_POINT('',(-26.,0.,3.));
#207 = DIRECTION('',(-0.,1.,0.));
#208 = DIRECTION('',(-1.,-0.,0.));
#209 = ADVANCED_FACE('',(#210),#229,.T.);
#210 = FACE_BOUND('',#211,.T.);
#211 = EDGE_LOOP('',(#212,#213,#221,#228));
#212 = ORIENTED_EDGE('',*,*,#79,.T.);
#213 = ORIENTED_EDGE('',*,*,#214,.T.);
#214 = EDGE_CURVE('',#80,#215,#217,.T.);
#215 = VERTEX_POINT('',#216);
#216 = CARTESIAN_POINT('',(-26.,43.,127.5));
#217 = LINE('',#218,#219);
#218 = CARTESIAN_POINT('',(-26.,0.,127.5));
#219 = VECTOR('',#220,1.);
#220 = DIRECTION('',(-0.,1.,0.));
#221 = ORIENTED_EDGE('',*,*,#222,.F.);
#222 = EDGE_CURVE('',#40,#215,#223,.T.);
#223 = CIRCLE('',#224,3.);
#224 = AXIS2_PLACEMENT_3D('',#225,#226,#227);
#225 = CARTESIAN_POINT('',(-26.,43.,124.5));
#226 = DIRECTION('',(-0.,1.,0.));
#227 = DIRECTION('',(0.,0.,1.));
#228 = ORIENTED_EDGE('',*,*,#47,.F.);
#229 = CYLINDRICAL_SURFACE('',#230,3.);
#230 = AXIS2_PLACEMENT_3D('',#231,#232,#233);
#231 = CARTESIAN_POINT('',(-26.,0.,124.5));
#232 = DIRECTION('',(-0.,1.,0.));
#233 = DIRECTION('',(-1.,-0.,0.));
#234 = ADVANCED_FACE('',(#235,#253,#298,#343,#388,#433,#478,#523),#568,
  .F.);
#235 = FACE_BOUND('',#236,.F.);
#236 = EDGE_LOOP('',(#237,#245,#246,#247));
#237 = ORIENTED_EDGE('',*,*,#238,.F.);
#238 = EDGE_CURVE('',#190,#239,#241,.T.);
#239 = VERTEX_POINT('',#240);
#240 = CARTESIAN_POINT('',(26.,43.,-4.440892098501E-16));
#241 = LINE('',#242,#243);
#242 = CARTESIAN_POINT('',(-29.,43.,0.));
#243 = VECTOR('',#244,1.);
#244 = DIRECTION('',(1.,0.,-0.));
#245 = ORIENTED_EDGE('',*,*,#189,.F.);
#246 = ORIENTED_EDGE('',*,*,#61,.T.);
#247 = ORIENTED_EDGE('',*,*,#248,.T.);
#248 = EDGE_CURVE('',#64,#239,#249,.T.);
#249 = LINE('',#250,#251);
#250 = CARTESIAN_POINT('',(26.,0.,-4.440892098501E-16));
#251 = VECTOR('',#252,1.);
#252 = DIRECTION('',(-0.,1.,0.));
#253 = FACE_BOUND('',#254,.F.);
#254 = EDGE_LOOP('',(#255,#266,#274,#283,#292));
#255 = ORIENTED_EDGE('',*,*,#256,.F.);
#256 = EDGE_CURVE('',#257,#259,#261,.T.);
#257 = VERTEX_POINT('',#258);
#258 = CARTESIAN_POINT('',(-13.,13.5,0.));
#259 = VERTEX_POINT('',#260);
#260 = CARTESIAN_POINT('',(-13.,11.5,0.));
#261 = CIRCLE('',#262,1.);
#262 = AXIS2_PLACEMENT_3D('',#263,#264,#265);
#263 = CARTESIAN_POINT('',(-13.,12.5,0.));
#264 = DIRECTION('',(0.,0.,1.));
#265 = DIRECTION('',(1.,0.,-0.));
#266 = ORIENTED_EDGE('',*,*,#267,.F.);
#267 = EDGE_CURVE('',#268,#257,#270,.T.);
#268 = VERTEX_POINT('',#269);
#269 = CARTESIAN_POINT('',(13.,13.5,0.));
#270 = LINE('',#271,#272);
#271 = CARTESIAN_POINT('',(-21.,13.5,0.));
#272 = VECTOR('',#273,1.);
#273 = DIRECTION('',(-1.,-0.,0.));
#274 = ORIENTED_EDGE('',*,*,#275,.F.);
#275 = EDGE_CURVE('',#276,#268,#278,.T.);
#276 = VERTEX_POINT('',#277);
#277 = CARTESIAN_POINT('',(14.,12.5,0.));
#278 = CIRCLE('',#279,1.);
#279 = AXIS2_PLACEMENT_3D('',#280,#281,#282);
#280 = CARTESIAN_POINT('',(13.,12.5,0.));
#281 = DIRECTION('',(0.,0.,1.));
#282 = DIRECTION('',(1.,0.,-0.));
#283 = ORIENTED_EDGE('',*,*,#284,.F.);
#284 = EDGE_CURVE('',#285,#276,#287,.T.);
#285 = VERTEX_POINT('',#286);
#286 = CARTESIAN_POINT('',(13.,11.5,0.));
#287 = CIRCLE('',#288,1.);
#288 = AXIS2_PLACEMENT_3D('',#289,#290,#291);
#289 = CARTESIAN_POINT('',(13.,12.5,0.));
#290 = DIRECTION('',(0.,0.,1.));
#291 = DIRECTION('',(1.,0.,-0.));
#292 = ORIENTED_EDGE('',*,*,#293,.T.);
#293 = EDGE_CURVE('',#285,#259,#294,.T.);
#294 = LINE('',#295,#296);
#295 = CARTESIAN_POINT('',(-21.,11.5,0.));
#296 = VECTOR('',#297,1.);
#297 = DIRECTION('',(-1.,-0.,0.));
#298 = FACE_BOUND('',#299,.F.);
#299 = EDGE_LOOP('',(#300,#311,#319,#328,#337));
#300 = ORIENTED_EDGE('',*,*,#301,.F.);
#301 = EDGE_CURVE('',#302,#304,#306,.T.);
#302 = VERTEX_POINT('',#303);
#303 = CARTESIAN_POINT('',(-13.,16.833333333333,0.));
#304 = VERTEX_POINT('',#305);
#305 = CARTESIAN_POINT('',(-13.,14.833333333333,0.));
#306 = CIRCLE('',#307,1.);
#307 = AXIS2_PLACEMENT_3D('',#308,#309,#310);
#308 = CARTESIAN_POINT('',(-13.,15.833333333333,0.));
#309 = DIRECTION('',(0.,0.,1.));
#310 = DIRECTION('',(1.,0.,-0.));
#311 = ORIENTED_EDGE('',*,*,#312,.F.);
#312 = EDGE_CURVE('',#313,#302,#315,.T.);
#313 = VERTEX_POINT('',#314);
#314 = CARTESIAN_POINT('',(13.,16.833333333333,0.));
#315 = LINE('',#316,#317);
#316 = CARTESIAN_POINT('',(-21.,16.833333333333,0.));
#317 = VECTOR('',#318,1.);
#318 = DIRECTION('',(-1.,-0.,0.));
#319 = ORIENTED_EDGE('',*,*,#320,.F.);
#320 = EDGE_CURVE('',#321,#313,#323,.T.);
#321 = VERTEX_POINT('',#322);
#322 = CARTESIAN_POINT('',(14.,15.833333333333,0.));
#323 = CIRCLE('',#324,1.);
#324 = AXIS2_PLACEMENT_3D('',#325,#326,#327);
#325 = CARTESIAN_POINT('',(13.,15.833333333333,0.));
#326 = DIRECTION('',(0.,0.,1.));
#327 = DIRECTION('',(1.,0.,-0.));
#328 = ORIENTED_EDGE('',*,*,#329,.F.);
#329 = EDGE_CURVE('',#330,#321,#332,.T.);
#330 = VERTEX_POINT('',#331);
#331 = CARTESIAN_POINT('',(13.,14.833333333333,0.));
#332 = CIRCLE('',#333,1.);
#333 = AXIS2_PLACEMENT_3D('',#334,#335,#336);
#334 = CARTESIAN_POINT('',(13.,15.833333333333,0.));
#335 = DIRECTION('',(0.,0.,1.));
#336 = DIRECTION('',(1.,0.,-0.));
#337 = ORIENTED_EDGE('',*,*,#338,.T.);
#338 = EDGE_CURVE('',#330,#304,#339,.T.);
#339 = LINE('',#340,#341);
#340 = CARTESIAN_POINT('',(-21.,14.833333333333,0.));
#341 = VECTOR('',#342,1.);
#342 = DIRECTION('',(-1.,-0.,0.));
#343 = FACE_BOUND('',#344,.F.);
#344 = EDGE_LOOP('',(#345,#356,#364,#373,#382));
#345 = ORIENTED_EDGE('',*,*,#346,.F.);
#346 = EDGE_CURVE('',#347,#349,#351,.T.);
#347 = VERTEX_POINT('',#348);
#348 = CARTESIAN_POINT('',(-13.,20.166666666667,0.));
#349 = VERTEX_POINT('',#350);
#350 = CARTESIAN_POINT('',(-13.,18.166666666667,0.));
#351 = CIRCLE('',#352,1.);
#352 = AXIS2_PLACEMENT_3D('',#353,#354,#355);
#353 = CARTESIAN_POINT('',(-13.,19.166666666667,0.));
#354 = DIRECTION('',(0.,0.,1.));
#355 = DIRECTION('',(1.,0.,-0.));
#356 = ORIENTED_EDGE('',*,*,#357,.F.);
#357 = EDGE_CURVE('',#358,#347,#360,.T.);
#358 = VERTEX_POINT('',#359);
#359 = CARTESIAN_POINT('',(13.,20.166666666667,0.));
#360 = LINE('',#361,#362);
#361 = CARTESIAN_POINT('',(-21.,20.166666666667,0.));
#362 = VECTOR('',#363,1.);
#363 = DIRECTION('',(-1.,-0.,0.));
#364 = ORIENTED_EDGE('',*,*,#365,.F.);
#365 = EDGE_CURVE('',#366,#358,#368,.T.);
#366 = VERTEX_POINT('',#367);
#367 = CARTESIAN_POINT('',(14.,19.166666666667,0.));
#368 = CIRCLE('',#369,1.);
#369 = AXIS2_PLACEMENT_3D('',#370,#371,#372);
#370 = CARTESIAN_POINT('',(13.,19.166666666667,0.));
#371 = DIRECTION('',(0.,0.,1.));
#372 = DIRECTION('',(1.,0.,-0.));
#373 = ORIENTED_EDGE('',*,*,#374,.F.);
#374 = EDGE_CURVE('',#375,#366,#377,.T.);
#375 = VERTEX_POINT('',#376);
#376 = CARTESIAN_POINT('',(13.,18.166666666667,0.));
#377 = CIRCLE('',#378,1.);
#378 = AXIS2_PLACEMENT_3D('',#379,#380,#381);
#379 = CARTESIAN_POINT('',(13.,19.166666666667,0.));
#380 = DIRECTION('',(0.,0.,1.));
#381 = DIRECTION('',(1.,0.,-0.));
#382 = ORIENTED_EDGE('',*,*,#383,.T.);
#383 = EDGE_CURVE('',#375,#349,#384,.T.);
#384 = LINE('',#385,#386);
#385 = CARTESIAN_POINT('',(-21.,18.166666666667,0.));
#386 = VECTOR('',#387,1.);
#387 = DIRECTION('',(-1.,-0.,0.));
#388 = FACE_BOUND('',#389,.F.);
#389 = EDGE_LOOP('',(#390,#401,#409,#418,#427));
#390 = ORIENTED_EDGE('',*,*,#391,.F.);
#391 = EDGE_CURVE('',#392,#394,#396,.T.);
#392 = VERTEX_POINT('',#393);
#393 = CARTESIAN_POINT('',(-13.,23.5,0.));
#394 = VERTEX_POINT('',#395);
#395 = CARTESIAN_POINT('',(-13.,21.5,0.));
#396 = CIRCLE('',#397,1.);
#397 = AXIS2_PLACEMENT_3D('',#398,#399,#400);
#398 = CARTESIAN_POINT('',(-13.,22.5,0.));
#399 = DIRECTION('',(0.,0.,1.));
#400 = DIRECTION('',(1.,0.,-0.));
#401 = ORIENTED_EDGE('',*,*,#402,.F.);
#402 = EDGE_CURVE('',#403,#392,#405,.T.);
#403 = VERTEX_POINT('',#404);
#404 = CARTESIAN_POINT('',(13.,23.5,0.));
#405 = LINE('',#406,#407);
#406 = CARTESIAN_POINT('',(-21.,23.5,0.));
#407 = VECTOR('',#408,1.);
#408 = DIRECTION('',(-1.,-0.,0.));
#409 = ORIENTED_EDGE('',*,*,#410,.F.);
#410 = EDGE_CURVE('',#411,#403,#413,.T.);
#411 = VERTEX_POINT('',#412);
#412 = CARTESIAN_POINT('',(14.,22.5,0.));
#413 = CIRCLE('',#414,1.);
#414 = AXIS2_PLACEMENT_3D('',#415,#416,#417);
#415 = CARTESIAN_POINT('',(13.,22.5,0.));
#416 = DIRECTION('',(0.,0.,1.));
#417 = DIRECTION('',(1.,0.,-0.));
#418 = ORIENTED_EDGE('',*,*,#419,.F.);
#419 = EDGE_CURVE('',#420,#411,#422,.T.);
#420 = VERTEX_POINT('',#421);
#421 = CARTESIAN_POINT('',(13.,21.5,0.));
#422 = CIRCLE('',#423,1.);
#423 = AXIS2_PLACEMENT_3D('',#424,#425,#426);
#424 = CARTESIAN_POINT('',(13.,22.5,0.));
#425 = DIRECTION('',(0.,0.,1.));
#426 = DIRECTION('',(1.,0.,-0.));
#427 = ORIENTED_EDGE('',*,*,#428,.T.);
#428 = EDGE_CURVE('',#420,#394,#429,.T.);
#429 = LINE('',#430,#431);
#430 = CARTESIAN_POINT('',(-21.,21.5,0.));
#431 = VECTOR('',#432,1.);
#432 = DIRECTION('',(-1.,-0.,0.));
#433 = FACE_BOUND('',#434,.F.);
#434 = EDGE_LOOP('',(#435,#446,#454,#463,#472));
#435 = ORIENTED_EDGE('',*,*,#436,.F.);
#436 = EDGE_CURVE('',#437,#439,#441,.T.);
#437 = VERTEX_POINT('',#438);
#438 = CARTESIAN_POINT('',(-13.,26.833333333333,0.));
#439 = VERTEX_POINT('',#440);
#440 = CARTESIAN_POINT('',(-13.,24.833333333333,0.));
#441 = CIRCLE('',#442,1.);
#442 = AXIS2_PLACEMENT_3D('',#443,#444,#445);
#443 = CARTESIAN_POINT('',(-13.,25.833333333333,0.));
#444 = DIRECTION('',(0.,0.,1.));
#445 = DIRECTION('',(1.,0.,-0.));
#446 = ORIENTED_EDGE('',*,*,#447,.F.);
#447 = EDGE_CURVE('',#448,#437,#450,.T.);
#448 = VERTEX_POINT('',#449);
#449 = CARTESIAN_POINT('',(13.,26.833333333333,0.));
#450 = LINE('',#451,#452);
#451 = CARTESIAN_POINT('',(-21.,26.833333333333,0.));
#452 = VECTOR('',#453,1.);
#453 = DIRECTION('',(-1.,-0.,0.));
#454 = ORIENTED_EDGE('',*,*,#455,.F.);
#455 = EDGE_CURVE('',#456,#448,#458,.T.);
#456 = VERTEX_POINT('',#457);
#457 = CARTESIAN_POINT('',(14.,25.833333333333,0.));
#458 = CIRCLE('',#459,1.);
#459 = AXIS2_PLACEMENT_3D('',#460,#461,#462);
#460 = CARTESIAN_POINT('',(13.,25.833333333333,0.));
#461 = DIRECTION('',(0.,0.,1.));
#462 = DIRECTION('',(1.,0.,-0.));
#463 = ORIENTED_EDGE('',*,*,#464,.F.);
#464 = EDGE_CURVE('',#465,#456,#467,.T.);
#465 = VERTEX_POINT('',#466);
#466 = CARTESIAN_POINT('',(13.,24.833333333333,0.));
#467 = CIRCLE('',#468,1.);
#468 = AXIS2_PLACEMENT_3D('',#469,#470,#471);
#469 = CARTESIAN_POINT('',(13.,25.833333333333,0.));
#470 = DIRECTION('',(0.,0.,1.));
#471 = DIRECTION('',(1.,0.,-0.));
#472 = ORIENTED_EDGE('',*,*,#473,.T.);
#473 = EDGE_CURVE('',#465,#439,#474,.T.);
#474 = LINE('',#475,#476);
#475 = CARTESIAN_POINT('',(-21.,24.833333333333,0.));
#476 = VECTOR('',#477,1.);
#477 = DIRECTION('',(-1.,-0.,0.));
#478 = FACE_BOUND('',#479,.F.);
#479 = EDGE_LOOP('',(#480,#491,#499,#508,#517));
#480 = ORIENTED_EDGE('',*,*,#481,.F.);
#481 = EDGE_CURVE('',#482,#484,#486,.T.);
#482 = VERTEX_POINT('',#483);
#483 = CARTESIAN_POINT('',(-13.,30.166666666667,0.));
#484 = VERTEX_POINT('',#485);
#485 = CARTESIAN_POINT('',(-13.,28.166666666667,0.));
#486 = CIRCLE('',#487,1.);
#487 = AXIS2_PLACEMENT_3D('',#488,#489,#490);
#488 = CARTESIAN_POINT('',(-13.,29.166666666667,0.));
#489 = DIRECTION('',(0.,0.,1.));
#490 = DIRECTION('',(1.,0.,-0.));
#491 = ORIENTED_EDGE('',*,*,#492,.F.);
#492 = EDGE_CURVE('',#493,#482,#495,.T.);
#493 = VERTEX_POINT('',#494);
#494 = CARTESIAN_POINT('',(13.,30.166666666667,0.));
#495 = LINE('',#496,#497);
#496 = CARTESIAN_POINT('',(-21.,30.166666666667,0.));
#497 = VECTOR('',#498,1.);
#498 = DIRECTION('',(-1.,-0.,0.));
#499 = ORIENTED_EDGE('',*,*,#500,.F.);
#500 = EDGE_CURVE('',#501,#493,#503,.T.);
#501 = VERTEX_POINT('',#502);
#502 = CARTESIAN_POINT('',(14.,29.166666666667,0.));
#503 = CIRCLE('',#504,1.);
#504 = AXIS2_PLACEMENT_3D('',#505,#506,#507);
#505 = CARTESIAN_POINT('',(13.,29.166666666667,0.));
#506 = DIRECTION('',(0.,0.,1.));
#507 = DIRECTION('',(1.,0.,-0.));
#508 = ORIENTED_EDGE('',*,*,#509,.F.);
#509 = EDGE_CURVE('',#510,#501,#512,.T.);
#510 = VERTEX_POINT('',#511);
#511 = CARTESIAN_POINT('',(13.,28.166666666667,0.));
#512 = CIRCLE('',#513,1.);
#513 = AXIS2_PLACEMENT_3D('',#514,#515,#516);
#514 = CARTESIAN_POINT('',(13.,29.166666666667,0.));
#515 = DIRECTION('',(0.,0.,1.));
#516 = DIRECTION('',(1.,0.,-0.));
#517 = ORIENTED_EDGE('',*,*,#518,.T.);
#518 = EDGE_CURVE('',#510,#484,#519,.T.);
#519 = LINE('',#520,#521);
#520 = CARTESIAN_POINT('',(-21.,28.166666666667,0.));
#521 = VECTOR('',#522,1.);
#522 = DIRECTION('',(-1.,-0.,0.));
#523 = FACE_BOUND('',#524,.F.);
#524 = EDGE_LOOP('',(#525,#536,#544,#553,#562));
#525 = ORIENTED_EDGE('',*,*,#526,.F.);
#526 = EDGE_CURVE('',#527,#529,#531,.T.);
#527 = VERTEX_POINT('',#528);
#528 = CARTESIAN_POINT('',(-13.,33.5,0.));
#529 = VERTEX_POINT('',#530);
#530 = CARTESIAN_POINT('',(-13.,31.5,0.));
#531 = CIRCLE('',#532,1.);
#532 = AXIS2_PLACEMENT_3D('',#533,#534,#535);
#533 = CARTESIAN_POINT('',(-13.,32.5,0.));
#534 = DIRECTION('',(0.,0.,1.));
#535 = DIRECTION('',(1.,0.,-0.));
#536 = ORIENTED_EDGE('',*,*,#537,.F.);
#537 = EDGE_CURVE('',#538,#527,#540,.T.);
#538 = VERTEX_POINT('',#539);
#539 = CARTESIAN_POINT('',(13.,33.5,0.));
#540 = LINE('',#541,#542);
#541 = CARTESIAN_POINT('',(-21.,33.5,0.));
#542 = VECTOR('',#543,1.);
#543 = DIRECTION('',(-1.,-0.,0.));
#544 = ORIENTED_EDGE('',*,*,#545,.F.);
#545 = EDGE_CURVE('',#546,#538,#548,.T.);
#546 = VERTEX_POINT('',#547);
#547 = CARTESIAN_POINT('',(14.,32.5,0.));
#548 = CIRCLE('',#549,1.);
#549 = AXIS2_PLACEMENT_3D('',#550,#551,#552);
#550 = CARTESIAN_POINT('',(13.,32.5,0.));
#551 = DIRECTION('',(0.,0.,1.));
#552 = DIRECTION('',(1.,0.,-0.));
#553 = ORIENTED_EDGE('',*,*,#554,.F.);
#554 = EDGE_CURVE('',#555,#546,#557,.T.);
#555 = VERTEX_POINT('',#556);
#556 = CARTESIAN_POINT('',(13.,31.5,0.));
#557 = CIRCLE('',#558,1.);
#558 = AXIS2_PLACEMENT_3D('',#559,#560,#561);
#559 = CARTESIAN_POINT('',(13.,32.5,0.));
#560 = DIRECTION('',(0.,0.,1.));
#561 = DIRECTION('',(1.,0.,-0.));
#562 = ORIENTED_EDGE('',*,*,#563,.T.);
#563 = EDGE_CURVE('',#555,#529,#564,.T.);
#564 = LINE('',#565,#566);
#565 = CARTESIAN_POINT('',(-21.,31.5,0.));
#566 = VECTOR('',#567,1.);
#567 = DIRECTION('',(-1.,-0.,0.));
#568 = PLANE('',#569);
#569 = AXIS2_PLACEMENT_3D('',#570,#571,#572);
#570 = CARTESIAN_POINT('',(-29.,0.,0.));
#571 = DIRECTION('',(0.,0.,1.));
#572 = DIRECTION('',(1.,0.,-0.));
#573 = ADVANCED_FACE('',(#574),#593,.T.);
#574 = FACE_BOUND('',#575,.T.);
#575 = EDGE_LOOP('',(#576,#577,#578,#587));
#576 = ORIENTED_EDGE('',*,*,#113,.T.);
#577 = ORIENTED_EDGE('',*,*,#248,.T.);
#578 = ORIENTED_EDGE('',*,*,#579,.F.);
#579 = EDGE_CURVE('',#580,#239,#582,.T.);
#580 = VERTEX_POINT('',#581);
#581 = CARTESIAN_POINT('',(29.,43.,3.));
#582 = CIRCLE('',#583,3.);
#583 = AXIS2_PLACEMENT_3D('',#584,#585,#586);
#584 = CARTESIAN_POINT('',(26.,43.,3.));
#585 = DIRECTION('',(-0.,1.,0.));
#586 = DIRECTION('',(0.,0.,1.));
#587 = ORIENTED_EDGE('',*,*,#588,.F.);
#588 = EDGE_CURVE('',#106,#580,#589,.T.);
#589 = LINE('',#590,#591);
#590 = CARTESIAN_POINT('',(29.,0.,3.));
#591 = VECTOR('',#592,1.);
#592 = DIRECTION('',(-0.,1.,0.));
#593 = CYLINDRICAL_SURFACE('',#594,3.);
#594 = AXIS2_PLACEMENT_3D('',#595,#596,#597);
#595 = CARTESIAN_POINT('',(26.,0.,3.));
#596 = DIRECTION('',(-0.,1.,0.));
#597 = DIRECTION('',(1.,0.,-0.));
#598 = ADVANCED_FACE('',(#599),#617,.T.);
#599 = FACE_BOUND('',#600,.T.);
#600 = EDGE_LOOP('',(#601,#602,#603,#611));
#601 = ORIENTED_EDGE('',*,*,#105,.F.);
#602 = ORIENTED_EDGE('',*,*,#588,.T.);
#603 = ORIENTED_EDGE('',*,*,#604,.T.);
#604 = EDGE_CURVE('',#580,#605,#607,.T.);
#605 = VERTEX_POINT('',#606);
#606 = CARTESIAN_POINT('',(29.,43.,124.5));
#607 = LINE('',#608,#609);
#608 = CARTESIAN_POINT('',(29.,43.,0.));
#609 = VECTOR('',#610,1.);
#610 = DIRECTION('',(0.,0.,1.));
#611 = ORIENTED_EDGE('',*,*,#612,.F.);
#612 = EDGE_CURVE('',#97,#605,#613,.T.);
#613 = LINE('',#614,#615);
#614 = CARTESIAN_POINT('',(29.,0.,124.5));
#615 = VECTOR('',#616,1.);
#616 = DIRECTION('',(-0.,1.,0.));
#617 = PLANE('',#618);
#618 = AXIS2_PLACEMENT_3D('',#619,#620,#621);
#619 = CARTESIAN_POINT('',(29.,0.,0.));
#620 = DIRECTION('',(1.,0.,-0.));
#621 = DIRECTION('',(0.,0.,1.));
#622 = ADVANCED_FACE('',(#623),#642,.T.);
#623 = FACE_BOUND('',#624,.F.);
#624 = EDGE_LOOP('',(#625,#626,#634,#641));
#625 = ORIENTED_EDGE('',*,*,#96,.T.);
#626 = ORIENTED_EDGE('',*,*,#627,.T.);
#627 = EDGE_CURVE('',#89,#628,#630,.T.);
#628 = VERTEX_POINT('',#629);
#629 = CARTESIAN_POINT('',(26.,43.,127.5));
#630 = LINE('',#631,#632);
#631 = CARTESIAN_POINT('',(26.,0.,127.5));
#632 = VECTOR('',#633,1.);
#633 = DIRECTION('',(-0.,1.,0.));
#634 = ORIENTED_EDGE('',*,*,#635,.F.);
#635 = EDGE_CURVE('',#605,#628,#636,.T.);
#636 = CIRCLE('',#637,3.);
#637 = AXIS2_PLACEMENT_3D('',#638,#639,#640);
#638 = CARTESIAN_POINT('',(26.,43.,124.5));
#639 = DIRECTION('',(0.,-1.,0.));
#640 = DIRECTION('',(0.,0.,1.));
#641 = ORIENTED_EDGE('',*,*,#612,.F.);
#642 = CYLINDRICAL_SURFACE('',#643,3.);
#643 = AXIS2_PLACEMENT_3D('',#644,#645,#646);
#644 = CARTESIAN_POINT('',(26.,0.,124.5));
#645 = DIRECTION('',(-0.,1.,0.));
#646 = DIRECTION('',(1.,0.,-0.));
#647 = ADVANCED_FACE('',(#648,#659),#704,.T.);
#648 = FACE_BOUND('',#649,.T.);
#649 = EDGE_LOOP('',(#650,#656,#657,#658));
#650 = ORIENTED_EDGE('',*,*,#651,.F.);
#651 = EDGE_CURVE('',#215,#628,#652,.T.);
#652 = LINE('',#653,#654);
#653 = CARTESIAN_POINT('',(-29.,43.,127.5));
#654 = VECTOR('',#655,1.);
#655 = DIRECTION('',(1.,0.,-0.));
#656 = ORIENTED_EDGE('',*,*,#214,.F.);
#657 = ORIENTED_EDGE('',*,*,#88,.T.);
#658 = ORIENTED_EDGE('',*,*,#627,.T.);
#659 = FACE_BOUND('',#660,.T.);
#660 = EDGE_LOOP('',(#661,#672,#680,#689,#698));
#661 = ORIENTED_EDGE('',*,*,#662,.F.);
#662 = EDGE_CURVE('',#663,#665,#667,.T.);
#663 = VERTEX_POINT('',#664);
#664 = CARTESIAN_POINT('',(-2.75,12.75,127.5));
#665 = VERTEX_POINT('',#666);
#666 = CARTESIAN_POINT('',(-2.75,5.25,127.5));
#667 = CIRCLE('',#668,3.75);
#668 = AXIS2_PLACEMENT_3D('',#669,#670,#671);
#669 = CARTESIAN_POINT('',(-2.75,9.,127.5));
#670 = DIRECTION('',(0.,0.,1.));
#671 = DIRECTION('',(1.,0.,-0.));
#672 = ORIENTED_EDGE('',*,*,#673,.F.);
#673 = EDGE_CURVE('',#674,#663,#676,.T.);
#674 = VERTEX_POINT('',#675);
#675 = CARTESIAN_POINT('',(2.75,12.75,127.5));
#676 = LINE('',#677,#678);
#677 = CARTESIAN_POINT('',(-15.875,12.75,127.5));
#678 = VECTOR('',#679,1.);
#679 = DIRECTION('',(-1.,-0.,0.));
#680 = ORIENTED_EDGE('',*,*,#681,.F.);
#681 = EDGE_CURVE('',#682,#674,#684,.T.);
#682 = VERTEX_POINT('',#683);
#683 = CARTESIAN_POINT('',(6.5,9.,127.5));
#684 = CIRCLE('',#685,3.75);
#685 = AXIS2_PLACEMENT_3D('',#686,#687,#688);
#686 = CARTESIAN_POINT('',(2.75,9.,127.5));
#687 = DIRECTION('',(0.,0.,1.));
#688 = DIRECTION('',(1.,0.,-0.));
#689 = ORIENTED_EDGE('',*,*,#690,.F.);
#690 = EDGE_CURVE('',#691,#682,#693,.T.);
#691 = VERTEX_POINT('',#692);
#692 = CARTESIAN_POINT('',(2.75,5.25,127.5));
#693 = CIRCLE('',#694,3.75);
#694 = AXIS2_PLACEMENT_3D('',#695,#696,#697);
#695 = CARTESIAN_POINT('',(2.75,9.,127.5));
#696 = DIRECTION('',(0.,0.,1.));
#697 = DIRECTION('',(1.,0.,-0.));
#698 = ORIENTED_EDGE('',*,*,#699,.T.);
#699 = EDGE_CURVE('',#691,#665,#700,.T.);
#700 = LINE('',#701,#702);
#701 = CARTESIAN_POINT('',(-15.875,5.25,127.5));
#702 = VECTOR('',#703,1.);
#703 = DIRECTION('',(-1.,-0.,0.));
#704 = PLANE('',#705);
#705 = AXIS2_PLACEMENT_3D('',#706,#707,#708);
#706 = CARTESIAN_POINT('',(-29.,0.,127.5));
#707 = DIRECTION('',(0.,0.,1.));
#708 = DIRECTION('',(1.,0.,-0.));
#709 = ADVANCED_FACE('',(#710),#733,.T.);
#710 = FACE_BOUND('',#711,.T.);
#711 = EDGE_LOOP('',(#712,#719,#720,#727));
#712 = ORIENTED_EDGE('',*,*,#713,.F.);
#713 = EDGE_CURVE('',#125,#714,#716,.T.);
#714 = VERTEX_POINT('',#715);
#715 = CARTESIAN_POINT('',(-8.5,1.5,14.));
#716 = B_SPLINE_CURVE_WITH_KNOTS('',1,(#717,#718),.UNSPECIFIED.,.F.,.F.,
  (2,2),(0.,1.),.PIECEWISE_BEZIER_KNOTS.);
#717 = CARTESIAN_POINT('',(-10.,-1.E-02,12.5));
#718 = CARTESIAN_POINT('',(-8.5,1.5,14.));
#719 = ORIENTED_EDGE('',*,*,#122,.F.);
#720 = ORIENTED_EDGE('',*,*,#721,.T.);
#721 = EDGE_CURVE('',#123,#722,#724,.T.);
#722 = VERTEX_POINT('',#723);
#723 = CARTESIAN_POINT('',(8.5,1.5,14.));
#724 = B_SPLINE_CURVE_WITH_KNOTS('',1,(#725,#726),.UNSPECIFIED.,.F.,.F.,
  (2,2),(0.,1.),.PIECEWISE_BEZIER_KNOTS.);
#725 = CARTESIAN_POINT('',(10.,-1.E-02,12.5));
#726 = CARTESIAN_POINT('',(8.5,1.5,14.));
#727 = ORIENTED_EDGE('',*,*,#728,.F.);
#728 = EDGE_CURVE('',#714,#722,#729,.T.);
#729 = LINE('',#730,#731);
#730 = CARTESIAN_POINT('',(-8.5,1.5,14.));
#731 = VECTOR('',#732,1.);
#732 = DIRECTION('',(1.,0.,0.));
#733 = B_SPLINE_SURFACE_WITH_KNOTS('',1,1,(
    (#734,#735)
    ,(#736,#737
  )),.UNSPECIFIED.,.F.,.F.,.F.,(2,2),(2,2),(0.,20.),(0.,1.),
  .PIECEWISE_BEZIER_KNOTS.);
#734 = CARTESIAN_POINT('',(-10.,-1.E-02,12.5));
#735 = CARTESIAN_POINT('',(-8.5,1.5,14.));
#736 = CARTESIAN_POINT('',(10.,-1.E-02,12.5));
#737 = CARTESIAN_POINT('',(8.5,1.5,14.));
#738 = ADVANCED_FACE('',(#739),#756,.T.);
#739 = FACE_BOUND('',#740,.T.);
#740 = EDGE_LOOP('',(#741,#748,#749,#750));
#741 = ORIENTED_EDGE('',*,*,#742,.F.);
#742 = EDGE_CURVE('',#139,#743,#745,.T.);
#743 = VERTEX_POINT('',#744);
#744 = CARTESIAN_POINT('',(-8.5,1.5,33.));
#745 = B_SPLINE_CURVE_WITH_KNOTS('',1,(#746,#747),.UNSPECIFIED.,.F.,.F.,
  (2,2),(0.,1.),.PIECEWISE_BEZIER_KNOTS.);
#746 = CARTESIAN_POINT('',(-10.,-1.E-02,34.5));
#747 = CARTESIAN_POINT('',(-8.5,1.5,33.));
#748 = ORIENTED_EDGE('',*,*,#145,.F.);
#749 = ORIENTED_EDGE('',*,*,#713,.T.);
#750 = ORIENTED_EDGE('',*,*,#751,.F.);
#751 = EDGE_CURVE('',#743,#714,#752,.T.);
#752 = LINE('',#753,#754);
#753 = CARTESIAN_POINT('',(-8.5,1.5,33.));
#754 = VECTOR('',#755,1.);
#755 = DIRECTION('',(0.,0.,-1.));
#756 = B_SPLINE_SURFACE_WITH_KNOTS('',1,1,(
    (#757,#758)
    ,(#759,#760
  )),.UNSPECIFIED.,.F.,.F.,.F.,(2,2),(2,2),(0.,22.),(0.,1.),
  .PIECEWISE_BEZIER_KNOTS.);
#757 = CARTESIAN_POINT('',(-10.,-1.E-02,34.5));
#758 = CARTESIAN_POINT('',(-8.5,1.5,33.));
#759 = CARTESIAN_POINT('',(-10.,-1.E-02,12.5));
#760 = CARTESIAN_POINT('',(-8.5,1.5,14.));
#761 = ADVANCED_FACE('',(#762),#779,.T.);
#762 = FACE_BOUND('',#763,.T.);
#763 = EDGE_LOOP('',(#764,#771,#772,#773));
#764 = ORIENTED_EDGE('',*,*,#765,.F.);
#765 = EDGE_CURVE('',#132,#766,#768,.T.);
#766 = VERTEX_POINT('',#767);
#767 = CARTESIAN_POINT('',(8.5,1.5,33.));
#768 = B_SPLINE_CURVE_WITH_KNOTS('',1,(#769,#770),.UNSPECIFIED.,.F.,.F.,
  (2,2),(0.,1.),.PIECEWISE_BEZIER_KNOTS.);
#769 = CARTESIAN_POINT('',(10.,-1.E-02,34.5));
#770 = CARTESIAN_POINT('',(8.5,1.5,33.));
#771 = ORIENTED_EDGE('',*,*,#138,.F.);
#772 = ORIENTED_EDGE('',*,*,#742,.T.);
#773 = ORIENTED_EDGE('',*,*,#774,.F.);
#774 = EDGE_CURVE('',#766,#743,#775,.T.);
#775 = LINE('',#776,#777);
#776 = CARTESIAN_POINT('',(8.5,1.5,33.));
#777 = VECTOR('',#778,1.);
#778 = DIRECTION('',(-1.,0.,0.));
#779 = B_SPLINE_SURFACE_WITH_KNOTS('',1,1,(
    (#780,#781)
    ,(#782,#783
  )),.UNSPECIFIED.,.F.,.F.,.F.,(2,2),(2,2),(0.,20.),(0.,1.),
  .PIECEWISE_BEZIER_KNOTS.);
#780 = CARTESIAN_POINT('',(10.,-1.E-02,34.5));
#781 = CARTESIAN_POINT('',(8.5,1.5,33.));
#782 = CARTESIAN_POINT('',(-10.,-1.E-02,34.5));
#783 = CARTESIAN_POINT('',(-8.5,1.5,33.));
#784 = ADVANCED_FACE('',(#785),#796,.T.);
#785 = FACE_BOUND('',#786,.T.);
#786 = EDGE_LOOP('',(#787,#788,#789,#790));
#787 = ORIENTED_EDGE('',*,*,#721,.F.);
#788 = ORIENTED_EDGE('',*,*,#131,.F.);
#789 = ORIENTED_EDGE('',*,*,#765,.T.);
#790 = ORIENTED_EDGE('',*,*,#791,.F.);
#791 = EDGE_CURVE('',#722,#766,#792,.T.);
#792 = LINE('',#793,#794);
#793 = CARTESIAN_POINT('',(8.5,1.5,14.));
#794 = VECTOR('',#795,1.);
#795 = DIRECTION('',(0.,0.,1.));
#796 = B_SPLINE_SURFACE_WITH_KNOTS('',1,1,(
    (#797,#798)
    ,(#799,#800
  )),.UNSPECIFIED.,.F.,.F.,.F.,(2,2),(2,2),(0.,22.),(0.,1.),
  .PIECEWISE_BEZIER_KNOTS.);
#797 = CARTESIAN_POINT('',(10.,-1.E-02,12.5));
#798 = CARTESIAN_POINT('',(8.5,1.5,14.));
#799 = CARTESIAN_POINT('',(10.,-1.E-02,34.5));
#800 = CARTESIAN_POINT('',(8.5,1.5,33.));
#801 = ADVANCED_FACE('',(#802),#825,.T.);
#802 = FACE_BOUND('',#803,.T.);
#803 = EDGE_LOOP('',(#804,#811,#812,#819));
#804 = ORIENTED_EDGE('',*,*,#805,.F.);
#805 = EDGE_CURVE('',#155,#806,#808,.T.);
#806 = VERTEX_POINT('',#807);
#807 = CARTESIAN_POINT('',(-22.6,1.2,49.34));
#808 = B_SPLINE_CURVE_WITH_KNOTS('',1,(#809,#810),.UNSPECIFIED.,.F.,.F.,
  (2,2),(0.,1.),.PIECEWISE_BEZIER_KNOTS.);
#809 = CARTESIAN_POINT('',(-23.8,-1.E-02,48.14));
#810 = CARTESIAN_POINT('',(-22.6,1.2,49.34));
#811 = ORIENTED_EDGE('',*,*,#152,.F.);
#812 = ORIENTED_EDGE('',*,*,#813,.T.);
#813 = EDGE_CURVE('',#153,#814,#816,.T.);
#814 = VERTEX_POINT('',#815);
#815 = CARTESIAN_POINT('',(22.6,1.2,49.34));
#816 = B_SPLINE_CURVE_WITH_KNOTS('',1,(#817,#818),.UNSPECIFIED.,.F.,.F.,
  (2,2),(0.,1.),.PIECEWISE_BEZIER_KNOTS.);
#817 = CARTESIAN_POINT('',(23.8,-1.E-02,48.14));
#818 = CARTESIAN_POINT('',(22.6,1.2,49.34));
#819 = ORIENTED_EDGE('',*,*,#820,.F.);
#820 = EDGE_CURVE('',#806,#814,#821,.T.);
#821 = LINE('',#822,#823);
#822 = CARTESIAN_POINT('',(-22.6,1.2,49.34));
#823 = VECTOR('',#824,1.);
#824 = DIRECTION('',(1.,0.,0.));
#825 = B_SPLINE_SURFACE_WITH_KNOTS('',1,1,(
    (#826,#827)
    ,(#828,#829
    )),.UNSPECIFIED.,.F.,.F.,.F.,(2,2),(2,2),(0.,47.6),(0.,1.),
  .PIECEWISE_BEZIER_KNOTS.);
#826 = CARTESIAN_POINT('',(-23.8,-1.E-02,48.14));
#827 = CARTESIAN_POINT('',(-22.6,1.2,49.34));
#828 = CARTESIAN_POINT('',(23.8,-1.E-02,48.14));
#829 = CARTESIAN_POINT('',(22.6,1.2,49.34));
#830 = ADVANCED_FACE('',(#831),#848,.T.);
#831 = FACE_BOUND('',#832,.T.);
#832 = EDGE_LOOP('',(#833,#834,#835,#842));
#833 = ORIENTED_EDGE('',*,*,#813,.F.);
#834 = ORIENTED_EDGE('',*,*,#161,.F.);
#835 = ORIENTED_EDGE('',*,*,#836,.T.);
#836 = EDGE_CURVE('',#162,#837,#839,.T.);
#837 = VERTEX_POINT('',#838);
#838 = CARTESIAN_POINT('',(22.6,1.2,108.99));
#839 = B_SPLINE_CURVE_WITH_KNOTS('',1,(#840,#841),.UNSPECIFIED.,.F.,.F.,
  (2,2),(0.,1.),.PIECEWISE_BEZIER_KNOTS.);
#840 = CARTESIAN_POINT('',(23.8,-1.E-02,110.19));
#841 = CARTESIAN_POINT('',(22.6,1.2,108.99));
#842 = ORIENTED_EDGE('',*,*,#843,.F.);
#843 = EDGE_CURVE('',#814,#837,#844,.T.);
#844 = LINE('',#845,#846);
#845 = CARTESIAN_POINT('',(22.6,1.2,49.34));
#846 = VECTOR('',#847,1.);
#847 = DIRECTION('',(0.,0.,1.));
#848 = B_SPLINE_SURFACE_WITH_KNOTS('',1,1,(
    (#849,#850)
    ,(#851,#852
    )),.UNSPECIFIED.,.F.,.F.,.F.,(2,2),(2,2),(0.,62.05),(0.,1.),
  .PIECEWISE_BEZIER_KNOTS.);
#849 = CARTESIAN_POINT('',(23.8,-1.E-02,48.14));
#850 = CARTESIAN_POINT('',(22.6,1.2,49.34));
#851 = CARTESIAN_POINT('',(23.8,-1.E-02,110.19));
#852 = CARTESIAN_POINT('',(22.6,1.2,108.99));
#853 = ADVANCED_FACE('',(#854),#871,.T.);
#854 = FACE_BOUND('',#855,.T.);
#855 = EDGE_LOOP('',(#856,#863,#864,#865));
#856 = ORIENTED_EDGE('',*,*,#857,.F.);
#857 = EDGE_CURVE('',#169,#858,#860,.T.);
#858 = VERTEX_POINT('',#859);
#859 = CARTESIAN_POINT('',(-22.6,1.2,108.99));
#860 = B_SPLINE_CURVE_WITH_KNOTS('',1,(#861,#862),.UNSPECIFIED.,.F.,.F.,
  (2,2),(0.,1.),.PIECEWISE_BEZIER_KNOTS.);
#861 = CARTESIAN_POINT('',(-23.8,-1.E-02,110.19));
#862 = CARTESIAN_POINT('',(-22.6,1.2,108.99));
#863 = ORIENTED_EDGE('',*,*,#175,.F.);
#864 = ORIENTED_EDGE('',*,*,#805,.T.);
#865 = ORIENTED_EDGE('',*,*,#866,.F.);
#866 = EDGE_CURVE('',#858,#806,#867,.T.);
#867 = LINE('',#868,#869);
#868 = CARTESIAN_POINT('',(-22.6,1.2,108.99));
#869 = VECTOR('',#870,1.);
#870 = DIRECTION('',(0.,0.,-1.));
#871 = B_SPLINE_SURFACE_WITH_KNOTS('',1,1,(
    (#872,#873)
    ,(#874,#875
    )),.UNSPECIFIED.,.F.,.F.,.F.,(2,2),(2,2),(0.,62.05),(0.,1.),
  .PIECEWISE_BEZIER_KNOTS.);
#872 = CARTESIAN_POINT('',(-23.8,-1.E-02,110.19));
#873 = CARTESIAN_POINT('',(-22.6,1.2,108.99));
#874 = CARTESIAN_POINT('',(-23.8,-1.E-02,48.14));
#875 = CARTESIAN_POINT('',(-22.6,1.2,49.34));
#876 = ADVANCED_FACE('',(#877),#888,.T.);
#877 = FACE_BOUND('',#878,.T.);
#878 = EDGE_LOOP('',(#879,#880,#881,#882));
#879 = ORIENTED_EDGE('',*,*,#836,.F.);
#880 = ORIENTED_EDGE('',*,*,#168,.F.);
#881 = ORIENTED_EDGE('',*,*,#857,.T.);
#882 = ORIENTED_EDGE('',*,*,#883,.F.);
#883 = EDGE_CURVE('',#837,#858,#884,.T.);
#884 = LINE('',#885,#886);
#885 = CARTESIAN_POINT('',(22.6,1.2,108.99));
#886 = VECTOR('',#887,1.);
#887 = DIRECTION('',(-1.,0.,0.));
#888 = B_SPLINE_SURFACE_WITH_KNOTS('',1,1,(
    (#889,#890)
    ,(#891,#892
    )),.UNSPECIFIED.,.F.,.F.,.F.,(2,2),(2,2),(0.,47.6),(0.,1.),
  .PIECEWISE_BEZIER_KNOTS.);
#889 = CARTESIAN_POINT('',(23.8,-1.E-02,110.19));
#890 = CARTESIAN_POINT('',(22.6,1.2,108.99));
#891 = CARTESIAN_POINT('',(-23.8,-1.E-02,110.19));
#892 = CARTESIAN_POINT('',(-22.6,1.2,108.99));
#893 = ADVANCED_FACE('',(#894),#920,.F.);
#894 = FACE_BOUND('',#895,.F.);
#895 = EDGE_LOOP('',(#896,#907,#913,#914));
#896 = ORIENTED_EDGE('',*,*,#897,.F.);
#897 = EDGE_CURVE('',#898,#900,#902,.T.);
#898 = VERTEX_POINT('',#899);
#899 = CARTESIAN_POINT('',(-13.,13.5,2.));
#900 = VERTEX_POINT('',#901);
#901 = CARTESIAN_POINT('',(-13.,11.5,2.));
#902 = CIRCLE('',#903,1.);
#903 = AXIS2_PLACEMENT_3D('',#904,#905,#906);
#904 = CARTESIAN_POINT('',(-13.,12.5,2.));
#905 = DIRECTION('',(0.,0.,1.));
#906 = DIRECTION('',(1.,0.,-0.));
#907 = ORIENTED_EDGE('',*,*,#908,.F.);
#908 = EDGE_CURVE('',#257,#898,#909,.T.);
#909 = LINE('',#910,#911);
#910 = CARTESIAN_POINT('',(-13.,13.5,-1.));
#911 = VECTOR('',#912,1.);
#912 = DIRECTION('',(0.,0.,1.));
#913 = ORIENTED_EDGE('',*,*,#256,.T.);
#914 = ORIENTED_EDGE('',*,*,#915,.T.);
#915 = EDGE_CURVE('',#259,#900,#916,.T.);
#916 = LINE('',#917,#918);
#917 = CARTESIAN_POINT('',(-13.,11.5,-1.));
#918 = VECTOR('',#919,1.);
#919 = DIRECTION('',(0.,0.,1.));
#920 = CYLINDRICAL_SURFACE('',#921,1.);
#921 = AXIS2_PLACEMENT_3D('',#922,#923,#924);
#922 = CARTESIAN_POINT('',(-13.,12.5,-1.));
#923 = DIRECTION('',(0.,0.,1.));
#924 = DIRECTION('',(1.,0.,-0.));
#925 = ADVANCED_FACE('',(#926),#944,.F.);
#926 = FACE_BOUND('',#927,.F.);
#927 = EDGE_LOOP('',(#928,#929,#930,#938));
#928 = ORIENTED_EDGE('',*,*,#267,.T.);
#929 = ORIENTED_EDGE('',*,*,#908,.T.);
#930 = ORIENTED_EDGE('',*,*,#931,.F.);
#931 = EDGE_CURVE('',#932,#898,#934,.T.);
#932 = VERTEX_POINT('',#933);
#933 = CARTESIAN_POINT('',(13.,13.5,2.));
#934 = LINE('',#935,#936);
#935 = CARTESIAN_POINT('',(-20.,13.5,2.));
#936 = VECTOR('',#937,1.);
#937 = DIRECTION('',(-1.,-0.,0.));
#938 = ORIENTED_EDGE('',*,*,#939,.F.);
#939 = EDGE_CURVE('',#268,#932,#940,.T.);
#940 = LINE('',#941,#942);
#941 = CARTESIAN_POINT('',(13.,13.5,-1.));
#942 = VECTOR('',#943,1.);
#943 = DIRECTION('',(0.,0.,1.));
#944 = PLANE('',#945);
#945 = AXIS2_PLACEMENT_3D('',#946,#947,#948);
#946 = CARTESIAN_POINT('',(-13.,13.5,-1.));
#947 = DIRECTION('',(-0.,1.,0.));
#948 = DIRECTION('',(0.,0.,1.));
#949 = ADVANCED_FACE('',(#950),#968,.T.);
#950 = FACE_BOUND('',#951,.T.);
#951 = EDGE_LOOP('',(#952,#953,#954,#962));
#952 = ORIENTED_EDGE('',*,*,#293,.T.);
#953 = ORIENTED_EDGE('',*,*,#915,.T.);
#954 = ORIENTED_EDGE('',*,*,#955,.F.);
#955 = EDGE_CURVE('',#956,#900,#958,.T.);
#956 = VERTEX_POINT('',#957);
#957 = CARTESIAN_POINT('',(13.,11.5,2.));
#958 = LINE('',#959,#960);
#959 = CARTESIAN_POINT('',(-20.,11.5,2.));
#960 = VECTOR('',#961,1.);
#961 = DIRECTION('',(-1.,-0.,0.));
#962 = ORIENTED_EDGE('',*,*,#963,.F.);
#963 = EDGE_CURVE('',#285,#956,#964,.T.);
#964 = LINE('',#965,#966);
#965 = CARTESIAN_POINT('',(13.,11.5,-1.));
#966 = VECTOR('',#967,1.);
#967 = DIRECTION('',(0.,0.,1.));
#968 = PLANE('',#969);
#969 = AXIS2_PLACEMENT_3D('',#970,#971,#972);
#970 = CARTESIAN_POINT('',(-13.,11.5,-1.));
#971 = DIRECTION('',(-0.,1.,0.));
#972 = DIRECTION('',(0.,0.,1.));
#973 = ADVANCED_FACE('',(#974),#1000,.F.);
#974 = FACE_BOUND('',#975,.F.);
#975 = EDGE_LOOP('',(#976,#987,#993,#994));
#976 = ORIENTED_EDGE('',*,*,#977,.F.);
#977 = EDGE_CURVE('',#978,#980,#982,.T.);
#978 = VERTEX_POINT('',#979);
#979 = CARTESIAN_POINT('',(-13.,16.833333333333,2.));
#980 = VERTEX_POINT('',#981);
#981 = CARTESIAN_POINT('',(-13.,14.833333333333,2.));
#982 = CIRCLE('',#983,1.);
#983 = AXIS2_PLACEMENT_3D('',#984,#985,#986);
#984 = CARTESIAN_POINT('',(-13.,15.833333333333,2.));
#985 = DIRECTION('',(0.,0.,1.));
#986 = DIRECTION('',(1.,0.,-0.));
#987 = ORIENTED_EDGE('',*,*,#988,.F.);
#988 = EDGE_CURVE('',#302,#978,#989,.T.);
#989 = LINE('',#990,#991);
#990 = CARTESIAN_POINT('',(-13.,16.833333333333,-1.));
#991 = VECTOR('',#992,1.);
#992 = DIRECTION('',(0.,0.,1.));
#993 = ORIENTED_EDGE('',*,*,#301,.T.);
#994 = ORIENTED_EDGE('',*,*,#995,.T.);
#995 = EDGE_CURVE('',#304,#980,#996,.T.);
#996 = LINE('',#997,#998);
#997 = CARTESIAN_POINT('',(-13.,14.833333333333,-1.));
#998 = VECTOR('',#999,1.);
#999 = DIRECTION('',(0.,0.,1.));
#1000 = CYLINDRICAL_SURFACE('',#1001,1.);
#1001 = AXIS2_PLACEMENT_3D('',#1002,#1003,#1004);
#1002 = CARTESIAN_POINT('',(-13.,15.833333333333,-1.));
#1003 = DIRECTION('',(0.,0.,1.));
#1004 = DIRECTION('',(1.,0.,-0.));
#1005 = ADVANCED_FACE('',(#1006),#1024,.F.);
#1006 = FACE_BOUND('',#1007,.F.);
#1007 = EDGE_LOOP('',(#1008,#1009,#1010,#1018));
#1008 = ORIENTED_EDGE('',*,*,#312,.T.);
#1009 = ORIENTED_EDGE('',*,*,#988,.T.);
#1010 = ORIENTED_EDGE('',*,*,#1011,.F.);
#1011 = EDGE_CURVE('',#1012,#978,#1014,.T.);
#1012 = VERTEX_POINT('',#1013);
#1013 = CARTESIAN_POINT('',(13.,16.833333333333,2.));
#1014 = LINE('',#1015,#1016);
#1015 = CARTESIAN_POINT('',(-20.,16.833333333333,2.));
#1016 = VECTOR('',#1017,1.);
#1017 = DIRECTION('',(-1.,-0.,0.));
#1018 = ORIENTED_EDGE('',*,*,#1019,.F.);
#1019 = EDGE_CURVE('',#313,#1012,#1020,.T.);
#1020 = LINE('',#1021,#1022);
#1021 = CARTESIAN_POINT('',(13.,16.833333333333,-1.));
#1022 = VECTOR('',#1023,1.);
#1023 = DIRECTION('',(0.,0.,1.));
#1024 = PLANE('',#1025);
#1025 = AXIS2_PLACEMENT_3D('',#1026,#1027,#1028);
#1026 = CARTESIAN_POINT('',(-13.,16.833333333333,-1.));
#1027 = DIRECTION('',(-0.,1.,0.));
#1028 = DIRECTION('',(0.,0.,1.));
#1029 = ADVANCED_FACE('',(#1030),#1048,.T.);
#1030 = FACE_BOUND('',#1031,.T.);
#1031 = EDGE_LOOP('',(#1032,#1033,#1034,#1042));
#1032 = ORIENTED_EDGE('',*,*,#338,.T.);
#1033 = ORIENTED_EDGE('',*,*,#995,.T.);
#1034 = ORIENTED_EDGE('',*,*,#1035,.F.);
#1035 = EDGE_CURVE('',#1036,#980,#1038,.T.);
#1036 = VERTEX_POINT('',#1037);
#1037 = CARTESIAN_POINT('',(13.,14.833333333333,2.));
#1038 = LINE('',#1039,#1040);
#1039 = CARTESIAN_POINT('',(-20.,14.833333333333,2.));
#1040 = VECTOR('',#1041,1.);
#1041 = DIRECTION('',(-1.,-0.,0.));
#1042 = ORIENTED_EDGE('',*,*,#1043,.F.);
#1043 = EDGE_CURVE('',#330,#1036,#1044,.T.);
#1044 = LINE('',#1045,#1046);
#1045 = CARTESIAN_POINT('',(13.,14.833333333333,-1.));
#1046 = VECTOR('',#1047,1.);
#1047 = DIRECTION('',(0.,0.,1.));
#1048 = PLANE('',#1049);
#1049 = AXIS2_PLACEMENT_3D('',#1050,#1051,#1052);
#1050 = CARTESIAN_POINT('',(-13.,14.833333333333,-1.));
#1051 = DIRECTION('',(-0.,1.,0.));
#1052 = DIRECTION('',(0.,0.,1.));
#1053 = ADVANCED_FACE('',(#1054),#1080,.F.);
#1054 = FACE_BOUND('',#1055,.F.);
#1055 = EDGE_LOOP('',(#1056,#1067,#1073,#1074));
#1056 = ORIENTED_EDGE('',*,*,#1057,.F.);
#1057 = EDGE_CURVE('',#1058,#1060,#1062,.T.);
#1058 = VERTEX_POINT('',#1059);
#1059 = CARTESIAN_POINT('',(-13.,20.166666666667,2.));
#1060 = VERTEX_POINT('',#1061);
#1061 = CARTESIAN_POINT('',(-13.,18.166666666667,2.));
#1062 = CIRCLE('',#1063,1.);
#1063 = AXIS2_PLACEMENT_3D('',#1064,#1065,#1066);
#1064 = CARTESIAN_POINT('',(-13.,19.166666666667,2.));
#1065 = DIRECTION('',(0.,0.,1.));
#1066 = DIRECTION('',(1.,0.,-0.));
#1067 = ORIENTED_EDGE('',*,*,#1068,.F.);
#1068 = EDGE_CURVE('',#347,#1058,#1069,.T.);
#1069 = LINE('',#1070,#1071);
#1070 = CARTESIAN_POINT('',(-13.,20.166666666667,-1.));
#1071 = VECTOR('',#1072,1.);
#1072 = DIRECTION('',(0.,0.,1.));
#1073 = ORIENTED_EDGE('',*,*,#346,.T.);
#1074 = ORIENTED_EDGE('',*,*,#1075,.T.);
#1075 = EDGE_CURVE('',#349,#1060,#1076,.T.);
#1076 = LINE('',#1077,#1078);
#1077 = CARTESIAN_POINT('',(-13.,18.166666666667,-1.));
#1078 = VECTOR('',#1079,1.);
#1079 = DIRECTION('',(0.,0.,1.));
#1080 = CYLINDRICAL_SURFACE('',#1081,1.);
#1081 = AXIS2_PLACEMENT_3D('',#1082,#1083,#1084);
#1082 = CARTESIAN_POINT('',(-13.,19.166666666667,-1.));
#1083 = DIRECTION('',(0.,0.,1.));
#1084 = DIRECTION('',(1.,0.,-0.));
#1085 = ADVANCED_FACE('',(#1086),#1104,.F.);
#1086 = FACE_BOUND('',#1087,.F.);
#1087 = EDGE_LOOP('',(#1088,#1089,#1090,#1098));
#1088 = ORIENTED_EDGE('',*,*,#357,.T.);
#1089 = ORIENTED_EDGE('',*,*,#1068,.T.);
#1090 = ORIENTED_EDGE('',*,*,#1091,.F.);
#1091 = EDGE_CURVE('',#1092,#1058,#1094,.T.);
#1092 = VERTEX_POINT('',#1093);
#1093 = CARTESIAN_POINT('',(13.,20.166666666667,2.));
#1094 = LINE('',#1095,#1096);
#1095 = CARTESIAN_POINT('',(-20.,20.166666666667,2.));
#1096 = VECTOR('',#1097,1.);
#1097 = DIRECTION('',(-1.,-0.,0.));
#1098 = ORIENTED_EDGE('',*,*,#1099,.F.);
#1099 = EDGE_CURVE('',#358,#1092,#1100,.T.);
#1100 = LINE('',#1101,#1102);
#1101 = CARTESIAN_POINT('',(13.,20.166666666667,-1.));
#1102 = VECTOR('',#1103,1.);
#1103 = DIRECTION('',(0.,0.,1.));
#1104 = PLANE('',#1105);
#1105 = AXIS2_PLACEMENT_3D('',#1106,#1107,#1108);
#1106 = CARTESIAN_POINT('',(-13.,20.166666666667,-1.));
#1107 = DIRECTION('',(-0.,1.,0.));
#1108 = DIRECTION('',(0.,0.,1.));
#1109 = ADVANCED_FACE('',(#1110),#1128,.T.);
#1110 = FACE_BOUND('',#1111,.T.);
#1111 = EDGE_LOOP('',(#1112,#1113,#1114,#1122));
#1112 = ORIENTED_EDGE('',*,*,#383,.T.);
#1113 = ORIENTED_EDGE('',*,*,#1075,.T.);
#1114 = ORIENTED_EDGE('',*,*,#1115,.F.);
#1115 = EDGE_CURVE('',#1116,#1060,#1118,.T.);
#1116 = VERTEX_POINT('',#1117);
#1117 = CARTESIAN_POINT('',(13.,18.166666666667,2.));
#1118 = LINE('',#1119,#1120);
#1119 = CARTESIAN_POINT('',(-20.,18.166666666667,2.));
#1120 = VECTOR('',#1121,1.);
#1121 = DIRECTION('',(-1.,-0.,0.));
#1122 = ORIENTED_EDGE('',*,*,#1123,.F.);
#1123 = EDGE_CURVE('',#375,#1116,#1124,.T.);
#1124 = LINE('',#1125,#1126);
#1125 = CARTESIAN_POINT('',(13.,18.166666666667,-1.));
#1126 = VECTOR('',#1127,1.);
#1127 = DIRECTION('',(0.,0.,1.));
#1128 = PLANE('',#1129);
#1129 = AXIS2_PLACEMENT_3D('',#1130,#1131,#1132);
#1130 = CARTESIAN_POINT('',(-13.,18.166666666667,-1.));
#1131 = DIRECTION('',(-0.,1.,0.));
#1132 = DIRECTION('',(0.,0.,1.));
#1133 = ADVANCED_FACE('',(#1134),#1160,.F.);
#1134 = FACE_BOUND('',#1135,.F.);
#1135 = EDGE_LOOP('',(#1136,#1147,#1153,#1154));
#1136 = ORIENTED_EDGE('',*,*,#1137,.F.);
#1137 = EDGE_CURVE('',#1138,#1140,#1142,.T.);
#1138 = VERTEX_POINT('',#1139);
#1139 = CARTESIAN_POINT('',(-13.,23.5,2.));
#1140 = VERTEX_POINT('',#1141);
#1141 = CARTESIAN_POINT('',(-13.,21.5,2.));
#1142 = CIRCLE('',#1143,1.);
#1143 = AXIS2_PLACEMENT_3D('',#1144,#1145,#1146);
#1144 = CARTESIAN_POINT('',(-13.,22.5,2.));
#1145 = DIRECTION('',(0.,0.,1.));
#1146 = DIRECTION('',(1.,0.,-0.));
#1147 = ORIENTED_EDGE('',*,*,#1148,.F.);
#1148 = EDGE_CURVE('',#392,#1138,#1149,.T.);
#1149 = LINE('',#1150,#1151);
#1150 = CARTESIAN_POINT('',(-13.,23.5,-1.));
#1151 = VECTOR('',#1152,1.);
#1152 = DIRECTION('',(0.,0.,1.));
#1153 = ORIENTED_EDGE('',*,*,#391,.T.);
#1154 = ORIENTED_EDGE('',*,*,#1155,.T.);
#1155 = EDGE_CURVE('',#394,#1140,#1156,.T.);
#1156 = LINE('',#1157,#1158);
#1157 = CARTESIAN_POINT('',(-13.,21.5,-1.));
#1158 = VECTOR('',#1159,1.);
#1159 = DIRECTION('',(0.,0.,1.));
#1160 = CYLINDRICAL_SURFACE('',#1161,1.);
#1161 = AXIS2_PLACEMENT_3D('',#1162,#1163,#1164);
#1162 = CARTESIAN_POINT('',(-13.,22.5,-1.));
#1163 = DIRECTION('',(0.,0.,1.));
#1164 = DIRECTION('',(1.,0.,-0.));
#1165 = ADVANCED_FACE('',(#1166),#1184,.F.);
#1166 = FACE_BOUND('',#1167,.F.);
#1167 = EDGE_LOOP('',(#1168,#1169,#1170,#1178));
#1168 = ORIENTED_EDGE('',*,*,#402,.T.);
#1169 = ORIENTED_EDGE('',*,*,#1148,.T.);
#1170 = ORIENTED_EDGE('',*,*,#1171,.F.);
#1171 = EDGE_CURVE('',#1172,#1138,#1174,.T.);
#1172 = VERTEX_POINT('',#1173);
#1173 = CARTESIAN_POINT('',(13.,23.5,2.));
#1174 = LINE('',#1175,#1176);
#1175 = CARTESIAN_POINT('',(-20.,23.5,2.));
#1176 = VECTOR('',#1177,1.);
#1177 = DIRECTION('',(-1.,-0.,0.));
#1178 = ORIENTED_EDGE('',*,*,#1179,.F.);
#1179 = EDGE_CURVE('',#403,#1172,#1180,.T.);
#1180 = LINE('',#1181,#1182);
#1181 = CARTESIAN_POINT('',(13.,23.5,-1.));
#1182 = VECTOR('',#1183,1.);
#1183 = DIRECTION('',(0.,0.,1.));
#1184 = PLANE('',#1185);
#1185 = AXIS2_PLACEMENT_3D('',#1186,#1187,#1188);
#1186 = CARTESIAN_POINT('',(-13.,23.5,-1.));
#1187 = DIRECTION('',(-0.,1.,0.));
#1188 = DIRECTION('',(0.,0.,1.));
#1189 = ADVANCED_FACE('',(#1190),#1208,.T.);
#1190 = FACE_BOUND('',#1191,.T.);
#1191 = EDGE_LOOP('',(#1192,#1193,#1194,#1202));
#1192 = ORIENTED_EDGE('',*,*,#428,.T.);
#1193 = ORIENTED_EDGE('',*,*,#1155,.T.);
#1194 = ORIENTED_EDGE('',*,*,#1195,.F.);
#1195 = EDGE_CURVE('',#1196,#1140,#1198,.T.);
#1196 = VERTEX_POINT('',#1197);
#1197 = CARTESIAN_POINT('',(13.,21.5,2.));
#1198 = LINE('',#1199,#1200);
#1199 = CARTESIAN_POINT('',(-20.,21.5,2.));
#1200 = VECTOR('',#1201,1.);
#1201 = DIRECTION('',(-1.,-0.,0.));
#1202 = ORIENTED_EDGE('',*,*,#1203,.F.);
#1203 = EDGE_CURVE('',#420,#1196,#1204,.T.);
#1204 = LINE('',#1205,#1206);
#1205 = CARTESIAN_POINT('',(13.,21.5,-1.));
#1206 = VECTOR('',#1207,1.);
#1207 = DIRECTION('',(0.,0.,1.));
#1208 = PLANE('',#1209);
#1209 = AXIS2_PLACEMENT_3D('',#1210,#1211,#1212);
#1210 = CARTESIAN_POINT('',(-13.,21.5,-1.));
#1211 = DIRECTION('',(-0.,1.,0.));
#1212 = DIRECTION('',(0.,0.,1.));
#1213 = ADVANCED_FACE('',(#1214),#1240,.F.);
#1214 = FACE_BOUND('',#1215,.F.);
#1215 = EDGE_LOOP('',(#1216,#1227,#1233,#1234));
#1216 = ORIENTED_EDGE('',*,*,#1217,.F.);
#1217 = EDGE_CURVE('',#1218,#1220,#1222,.T.);
#1218 = VERTEX_POINT('',#1219);
#1219 = CARTESIAN_POINT('',(-13.,26.833333333333,2.));
#1220 = VERTEX_POINT('',#1221);
#1221 = CARTESIAN_POINT('',(-13.,24.833333333333,2.));
#1222 = CIRCLE('',#1223,1.);
#1223 = AXIS2_PLACEMENT_3D('',#1224,#1225,#1226);
#1224 = CARTESIAN_POINT('',(-13.,25.833333333333,2.));
#1225 = DIRECTION('',(0.,0.,1.));
#1226 = DIRECTION('',(1.,0.,-0.));
#1227 = ORIENTED_EDGE('',*,*,#1228,.F.);
#1228 = EDGE_CURVE('',#437,#1218,#1229,.T.);
#1229 = LINE('',#1230,#1231);
#1230 = CARTESIAN_POINT('',(-13.,26.833333333333,-1.));
#1231 = VECTOR('',#1232,1.);
#1232 = DIRECTION('',(0.,0.,1.));
#1233 = ORIENTED_EDGE('',*,*,#436,.T.);
#1234 = ORIENTED_EDGE('',*,*,#1235,.T.);
#1235 = EDGE_CURVE('',#439,#1220,#1236,.T.);
#1236 = LINE('',#1237,#1238);
#1237 = CARTESIAN_POINT('',(-13.,24.833333333333,-1.));
#1238 = VECTOR('',#1239,1.);
#1239 = DIRECTION('',(0.,0.,1.));
#1240 = CYLINDRICAL_SURFACE('',#1241,1.);
#1241 = AXIS2_PLACEMENT_3D('',#1242,#1243,#1244);
#1242 = CARTESIAN_POINT('',(-13.,25.833333333333,-1.));
#1243 = DIRECTION('',(0.,0.,1.));
#1244 = DIRECTION('',(1.,0.,-0.));
#1245 = ADVANCED_FACE('',(#1246),#1264,.F.);
#1246 = FACE_BOUND('',#1247,.F.);
#1247 = EDGE_LOOP('',(#1248,#1249,#1250,#1258));
#1248 = ORIENTED_EDGE('',*,*,#447,.T.);
#1249 = ORIENTED_EDGE('',*,*,#1228,.T.);
#1250 = ORIENTED_EDGE('',*,*,#1251,.F.);
#1251 = EDGE_CURVE('',#1252,#1218,#1254,.T.);
#1252 = VERTEX_POINT('',#1253);
#1253 = CARTESIAN_POINT('',(13.,26.833333333333,2.));
#1254 = LINE('',#1255,#1256);
#1255 = CARTESIAN_POINT('',(-20.,26.833333333333,2.));
#1256 = VECTOR('',#1257,1.);
#1257 = DIRECTION('',(-1.,-0.,0.));
#1258 = ORIENTED_EDGE('',*,*,#1259,.F.);
#1259 = EDGE_CURVE('',#448,#1252,#1260,.T.);
#1260 = LINE('',#1261,#1262);
#1261 = CARTESIAN_POINT('',(13.,26.833333333333,-1.));
#1262 = VECTOR('',#1263,1.);
#1263 = DIRECTION('',(0.,0.,1.));
#1264 = PLANE('',#1265);
#1265 = AXIS2_PLACEMENT_3D('',#1266,#1267,#1268);
#1266 = CARTESIAN_POINT('',(-13.,26.833333333333,-1.));
#1267 = DIRECTION('',(-0.,1.,0.));
#1268 = DIRECTION('',(0.,0.,1.));
#1269 = ADVANCED_FACE('',(#1270),#1288,.T.);
#1270 = FACE_BOUND('',#1271,.T.);
#1271 = EDGE_LOOP('',(#1272,#1273,#1274,#1282));
#1272 = ORIENTED_EDGE('',*,*,#473,.T.);
#1273 = ORIENTED_EDGE('',*,*,#1235,.T.);
#1274 = ORIENTED_EDGE('',*,*,#1275,.F.);
#1275 = EDGE_CURVE('',#1276,#1220,#1278,.T.);
#1276 = VERTEX_POINT('',#1277);
#1277 = CARTESIAN_POINT('',(13.,24.833333333333,2.));
#1278 = LINE('',#1279,#1280);
#1279 = CARTESIAN_POINT('',(-20.,24.833333333333,2.));
#1280 = VECTOR('',#1281,1.);
#1281 = DIRECTION('',(-1.,-0.,0.));
#1282 = ORIENTED_EDGE('',*,*,#1283,.F.);
#1283 = EDGE_CURVE('',#465,#1276,#1284,.T.);
#1284 = LINE('',#1285,#1286);
#1285 = CARTESIAN_POINT('',(13.,24.833333333333,-1.));
#1286 = VECTOR('',#1287,1.);
#1287 = DIRECTION('',(0.,0.,1.));
#1288 = PLANE('',#1289);
#1289 = AXIS2_PLACEMENT_3D('',#1290,#1291,#1292);
#1290 = CARTESIAN_POINT('',(-13.,24.833333333333,-1.));
#1291 = DIRECTION('',(-0.,1.,0.));
#1292 = DIRECTION('',(0.,0.,1.));
#1293 = ADVANCED_FACE('',(#1294),#1320,.F.);
#1294 = FACE_BOUND('',#1295,.F.);
#1295 = EDGE_LOOP('',(#1296,#1307,#1313,#1314));
#1296 = ORIENTED_EDGE('',*,*,#1297,.F.);
#1297 = EDGE_CURVE('',#1298,#1300,#1302,.T.);
#1298 = VERTEX_POINT('',#1299);
#1299 = CARTESIAN_POINT('',(-13.,30.166666666667,2.));
#1300 = VERTEX_POINT('',#1301);
#1301 = CARTESIAN_POINT('',(-13.,28.166666666667,2.));
#1302 = CIRCLE('',#1303,1.);
#1303 = AXIS2_PLACEMENT_3D('',#1304,#1305,#1306);
#1304 = CARTESIAN_POINT('',(-13.,29.166666666667,2.));
#1305 = DIRECTION('',(0.,0.,1.));
#1306 = DIRECTION('',(1.,0.,-0.));
#1307 = ORIENTED_EDGE('',*,*,#1308,.F.);
#1308 = EDGE_CURVE('',#482,#1298,#1309,.T.);
#1309 = LINE('',#1310,#1311);
#1310 = CARTESIAN_POINT('',(-13.,30.166666666667,-1.));
#1311 = VECTOR('',#1312,1.);
#1312 = DIRECTION('',(0.,0.,1.));
#1313 = ORIENTED_EDGE('',*,*,#481,.T.);
#1314 = ORIENTED_EDGE('',*,*,#1315,.T.);
#1315 = EDGE_CURVE('',#484,#1300,#1316,.T.);
#1316 = LINE('',#1317,#1318);
#1317 = CARTESIAN_POINT('',(-13.,28.166666666667,-1.));
#1318 = VECTOR('',#1319,1.);
#1319 = DIRECTION('',(0.,0.,1.));
#1320 = CYLINDRICAL_SURFACE('',#1321,1.);
#1321 = AXIS2_PLACEMENT_3D('',#1322,#1323,#1324);
#1322 = CARTESIAN_POINT('',(-13.,29.166666666667,-1.));
#1323 = DIRECTION('',(0.,0.,1.));
#1324 = DIRECTION('',(1.,0.,-0.));
#1325 = ADVANCED_FACE('',(#1326),#1344,.F.);
#1326 = FACE_BOUND('',#1327,.F.);
#1327 = EDGE_LOOP('',(#1328,#1329,#1330,#1338));
#1328 = ORIENTED_EDGE('',*,*,#492,.T.);
#1329 = ORIENTED_EDGE('',*,*,#1308,.T.);
#1330 = ORIENTED_EDGE('',*,*,#1331,.F.);
#1331 = EDGE_CURVE('',#1332,#1298,#1334,.T.);
#1332 = VERTEX_POINT('',#1333);
#1333 = CARTESIAN_POINT('',(13.,30.166666666667,2.));
#1334 = LINE('',#1335,#1336);
#1335 = CARTESIAN_POINT('',(-20.,30.166666666667,2.));
#1336 = VECTOR('',#1337,1.);
#1337 = DIRECTION('',(-1.,-0.,0.));
#1338 = ORIENTED_EDGE('',*,*,#1339,.F.);
#1339 = EDGE_CURVE('',#493,#1332,#1340,.T.);
#1340 = LINE('',#1341,#1342);
#1341 = CARTESIAN_POINT('',(13.,30.166666666667,-1.));
#1342 = VECTOR('',#1343,1.);
#1343 = DIRECTION('',(0.,0.,1.));
#1344 = PLANE('',#1345);
#1345 = AXIS2_PLACEMENT_3D('',#1346,#1347,#1348);
#1346 = CARTESIAN_POINT('',(-13.,30.166666666667,-1.));
#1347 = DIRECTION('',(-0.,1.,0.));
#1348 = DIRECTION('',(0.,0.,1.));
#1349 = ADVANCED_FACE('',(#1350),#1368,.T.);
#1350 = FACE_BOUND('',#1351,.T.);
#1351 = EDGE_LOOP('',(#1352,#1353,#1354,#1362));
#1352 = ORIENTED_EDGE('',*,*,#518,.T.);
#1353 = ORIENTED_EDGE('',*,*,#1315,.T.);
#1354 = ORIENTED_EDGE('',*,*,#1355,.F.);
#1355 = EDGE_CURVE('',#1356,#1300,#1358,.T.);
#1356 = VERTEX_POINT('',#1357);
#1357 = CARTESIAN_POINT('',(13.,28.166666666667,2.));
#1358 = LINE('',#1359,#1360);
#1359 = CARTESIAN_POINT('',(-20.,28.166666666667,2.));
#1360 = VECTOR('',#1361,1.);
#1361 = DIRECTION('',(-1.,-0.,0.));
#1362 = ORIENTED_EDGE('',*,*,#1363,.F.);
#1363 = EDGE_CURVE('',#510,#1356,#1364,.T.);
#1364 = LINE('',#1365,#1366);
#1365 = CARTESIAN_POINT('',(13.,28.166666666667,-1.));
#1366 = VECTOR('',#1367,1.);
#1367 = DIRECTION('',(0.,0.,1.));
#1368 = PLANE('',#1369);
#1369 = AXIS2_PLACEMENT_3D('',#1370,#1371,#1372);
#1370 = CARTESIAN_POINT('',(-13.,28.166666666667,-1.));
#1371 = DIRECTION('',(-0.,1.,0.));
#1372 = DIRECTION('',(0.,0.,1.));
#1373 = ADVANCED_FACE('',(#1374),#1400,.F.);
#1374 = FACE_BOUND('',#1375,.F.);
#1375 = EDGE_LOOP('',(#1376,#1387,#1393,#1394));
#1376 = ORIENTED_EDGE('',*,*,#1377,.F.);
#1377 = EDGE_CURVE('',#1378,#1380,#1382,.T.);
#1378 = VERTEX_POINT('',#1379);
#1379 = CARTESIAN_POINT('',(-13.,33.5,2.));
#1380 = VERTEX_POINT('',#1381);
#1381 = CARTESIAN_POINT('',(-13.,31.5,2.));
#1382 = CIRCLE('',#1383,1.);
#1383 = AXIS2_PLACEMENT_3D('',#1384,#1385,#1386);
#1384 = CARTESIAN_POINT('',(-13.,32.5,2.));
#1385 = DIRECTION('',(0.,0.,1.));
#1386 = DIRECTION('',(1.,0.,-0.));
#1387 = ORIENTED_EDGE('',*,*,#1388,.F.);
#1388 = EDGE_CURVE('',#527,#1378,#1389,.T.);
#1389 = LINE('',#1390,#1391);
#1390 = CARTESIAN_POINT('',(-13.,33.5,-1.));
#1391 = VECTOR('',#1392,1.);
#1392 = DIRECTION('',(0.,0.,1.));
#1393 = ORIENTED_EDGE('',*,*,#526,.T.);
#1394 = ORIENTED_EDGE('',*,*,#1395,.T.);
#1395 = EDGE_CURVE('',#529,#1380,#1396,.T.);
#1396 = LINE('',#1397,#1398);
#1397 = CARTESIAN_POINT('',(-13.,31.5,-1.));
#1398 = VECTOR('',#1399,1.);
#1399 = DIRECTION('',(0.,0.,1.));
#1400 = CYLINDRICAL_SURFACE('',#1401,1.);
#1401 = AXIS2_PLACEMENT_3D('',#1402,#1403,#1404);
#1402 = CARTESIAN_POINT('',(-13.,32.5,-1.));
#1403 = DIRECTION('',(0.,0.,1.));
#1404 = DIRECTION('',(1.,0.,-0.));
#1405 = ADVANCED_FACE('',(#1406),#1424,.T.);
#1406 = FACE_BOUND('',#1407,.T.);
#1407 = EDGE_LOOP('',(#1408,#1409,#1410,#1418));
#1408 = ORIENTED_EDGE('',*,*,#563,.T.);
#1409 = ORIENTED_EDGE('',*,*,#1395,.T.);
#1410 = ORIENTED_EDGE('',*,*,#1411,.F.);
#1411 = EDGE_CURVE('',#1412,#1380,#1414,.T.);
#1412 = VERTEX_POINT('',#1413);
#1413 = CARTESIAN_POINT('',(13.,31.5,2.));
#1414 = LINE('',#1415,#1416);
#1415 = CARTESIAN_POINT('',(-20.,31.5,2.));
#1416 = VECTOR('',#1417,1.);
#1417 = DIRECTION('',(-1.,-0.,0.));
#1418 = ORIENTED_EDGE('',*,*,#1419,.F.);
#1419 = EDGE_CURVE('',#555,#1412,#1420,.T.);
#1420 = LINE('',#1421,#1422);
#1421 = CARTESIAN_POINT('',(13.,31.5,-1.));
#1422 = VECTOR('',#1423,1.);
#1423 = DIRECTION('',(0.,0.,1.));
#1424 = PLANE('',#1425);
#1425 = AXIS2_PLACEMENT_3D('',#1426,#1427,#1428);
#1426 = CARTESIAN_POINT('',(-13.,31.5,-1.));
#1427 = DIRECTION('',(-0.,1.,0.));
#1428 = DIRECTION('',(0.,0.,1.));
#1429 = ADVANCED_FACE('',(#1430),#1448,.F.);
#1430 = FACE_BOUND('',#1431,.F.);
#1431 = EDGE_LOOP('',(#1432,#1433,#1434,#1442));
#1432 = ORIENTED_EDGE('',*,*,#537,.T.);
#1433 = ORIENTED_EDGE('',*,*,#1388,.T.);
#1434 = ORIENTED_EDGE('',*,*,#1435,.F.);
#1435 = EDGE_CURVE('',#1436,#1378,#1438,.T.);
#1436 = VERTEX_POINT('',#1437);
#1437 = CARTESIAN_POINT('',(13.,33.5,2.));
#1438 = LINE('',#1439,#1440);
#1439 = CARTESIAN_POINT('',(-20.,33.5,2.));
#1440 = VECTOR('',#1441,1.);
#1441 = DIRECTION('',(-1.,-0.,0.));
#1442 = ORIENTED_EDGE('',*,*,#1443,.F.);
#1443 = EDGE_CURVE('',#538,#1436,#1444,.T.);
#1444 = LINE('',#1445,#1446);
#1445 = CARTESIAN_POINT('',(13.,33.5,-1.));
#1446 = VECTOR('',#1447,1.);
#1447 = DIRECTION('',(0.,0.,1.));
#1448 = PLANE('',#1449);
#1449 = AXIS2_PLACEMENT_3D('',#1450,#1451,#1452);
#1450 = CARTESIAN_POINT('',(-13.,33.5,-1.));
#1451 = DIRECTION('',(-0.,1.,0.));
#1452 = DIRECTION('',(0.,0.,1.));
#1453 = ADVANCED_FACE('',(#1454),#1480,.F.);
#1454 = FACE_BOUND('',#1455,.F.);
#1455 = EDGE_LOOP('',(#1456,#1457,#1465,#1474));
#1456 = ORIENTED_EDGE('',*,*,#662,.F.);
#1457 = ORIENTED_EDGE('',*,*,#1458,.F.);
#1458 = EDGE_CURVE('',#1459,#663,#1461,.T.);
#1459 = VERTEX_POINT('',#1460);
#1460 = CARTESIAN_POINT('',(-2.75,12.75,125.5));
#1461 = LINE('',#1462,#1463);
#1462 = CARTESIAN_POINT('',(-2.75,12.75,124.5));
#1463 = VECTOR('',#1464,1.);
#1464 = DIRECTION('',(0.,0.,1.));
#1465 = ORIENTED_EDGE('',*,*,#1466,.T.);
#1466 = EDGE_CURVE('',#1459,#1467,#1469,.T.);
#1467 = VERTEX_POINT('',#1468);
#1468 = CARTESIAN_POINT('',(-2.75,5.25,125.5));
#1469 = CIRCLE('',#1470,3.75);
#1470 = AXIS2_PLACEMENT_3D('',#1471,#1472,#1473);
#1471 = CARTESIAN_POINT('',(-2.75,9.,125.5));
#1472 = DIRECTION('',(0.,0.,1.));
#1473 = DIRECTION('',(1.,0.,-0.));
#1474 = ORIENTED_EDGE('',*,*,#1475,.T.);
#1475 = EDGE_CURVE('',#1467,#665,#1476,.T.);
#1476 = LINE('',#1477,#1478);
#1477 = CARTESIAN_POINT('',(-2.75,5.25,124.5));
#1478 = VECTOR('',#1479,1.);
#1479 = DIRECTION('',(0.,0.,1.));
#1480 = CYLINDRICAL_SURFACE('',#1481,3.75);
#1481 = AXIS2_PLACEMENT_3D('',#1482,#1483,#1484);
#1482 = CARTESIAN_POINT('',(-2.75,9.,124.5));
#1483 = DIRECTION('',(0.,0.,1.));
#1484 = DIRECTION('',(1.,0.,-0.));
#1485 = ADVANCED_FACE('',(#1486),#1522,.F.);
#1486 = FACE_BOUND('',#1487,.F.);
#1487 = EDGE_LOOP('',(#1488,#1498,#1507,#1515));
#1488 = ORIENTED_EDGE('',*,*,#1489,.F.);
#1489 = EDGE_CURVE('',#1490,#1492,#1494,.T.);
#1490 = VERTEX_POINT('',#1491);
#1491 = CARTESIAN_POINT('',(-27.,2.,124.5));
#1492 = VERTEX_POINT('',#1493);
#1493 = CARTESIAN_POINT('',(-27.,43.,124.5));
#1494 = LINE('',#1495,#1496);
#1495 = CARTESIAN_POINT('',(-27.,2.,124.5));
#1496 = VECTOR('',#1497,1.);
#1497 = DIRECTION('',(-0.,1.,0.));
#1498 = ORIENTED_EDGE('',*,*,#1499,.T.);
#1499 = EDGE_CURVE('',#1490,#1500,#1502,.T.);
#1500 = VERTEX_POINT('',#1501);
#1501 = CARTESIAN_POINT('',(-26.,2.,125.5));
#1502 = CIRCLE('',#1503,1.);
#1503 = AXIS2_PLACEMENT_3D('',#1504,#1505,#1506);
#1504 = CARTESIAN_POINT('',(-26.,2.,124.5));
#1505 = DIRECTION('',(-0.,1.,0.));
#1506 = DIRECTION('',(0.,0.,1.));
#1507 = ORIENTED_EDGE('',*,*,#1508,.T.);
#1508 = EDGE_CURVE('',#1500,#1509,#1511,.T.);
#1509 = VERTEX_POINT('',#1510);
#1510 = CARTESIAN_POINT('',(-26.,43.,125.5));
#1511 = LINE('',#1512,#1513);
#1512 = CARTESIAN_POINT('',(-26.,2.,125.5));
#1513 = VECTOR('',#1514,1.);
#1514 = DIRECTION('',(-0.,1.,0.));
#1515 = ORIENTED_EDGE('',*,*,#1516,.F.);
#1516 = EDGE_CURVE('',#1492,#1509,#1517,.T.);
#1517 = CIRCLE('',#1518,1.);
#1518 = AXIS2_PLACEMENT_3D('',#1519,#1520,#1521);
#1519 = CARTESIAN_POINT('',(-26.,43.,124.5));
#1520 = DIRECTION('',(-0.,1.,0.));
#1521 = DIRECTION('',(-1.,-0.,0.));
#1522 = CYLINDRICAL_SURFACE('',#1523,1.);
#1523 = AXIS2_PLACEMENT_3D('',#1524,#1525,#1526);
#1524 = CARTESIAN_POINT('',(-26.,2.,124.5));
#1525 = DIRECTION('',(-0.,1.,0.));
#1526 = DIRECTION('',(-1.,-0.,0.));
#1527 = ADVANCED_FACE('',(#1528,#1553),#1588,.F.);
#1528 = FACE_BOUND('',#1529,.F.);
#1529 = EDGE_LOOP('',(#1530,#1538,#1539,#1547));
#1530 = ORIENTED_EDGE('',*,*,#1531,.F.);
#1531 = EDGE_CURVE('',#1509,#1532,#1534,.T.);
#1532 = VERTEX_POINT('',#1533);
#1533 = CARTESIAN_POINT('',(26.,43.,125.5));
#1534 = LINE('',#1535,#1536);
#1535 = CARTESIAN_POINT('',(-28.,43.,125.5));
#1536 = VECTOR('',#1537,1.);
#1537 = DIRECTION('',(1.,0.,-0.));
#1538 = ORIENTED_EDGE('',*,*,#1508,.F.);
#1539 = ORIENTED_EDGE('',*,*,#1540,.T.);
#1540 = EDGE_CURVE('',#1500,#1541,#1543,.T.);
#1541 = VERTEX_POINT('',#1542);
#1542 = CARTESIAN_POINT('',(26.,2.,125.5));
#1543 = LINE('',#1544,#1545);
#1544 = CARTESIAN_POINT('',(-27.,2.,125.5));
#1545 = VECTOR('',#1546,1.);
#1546 = DIRECTION('',(1.,0.,-0.));
#1547 = ORIENTED_EDGE('',*,*,#1548,.T.);
#1548 = EDGE_CURVE('',#1541,#1532,#1549,.T.);
#1549 = LINE('',#1550,#1551);
#1550 = CARTESIAN_POINT('',(26.,2.,125.5));
#1551 = VECTOR('',#1552,1.);
#1552 = DIRECTION('',(-0.,1.,0.));
#1553 = FACE_BOUND('',#1554,.F.);
#1554 = EDGE_LOOP('',(#1555,#1556,#1564,#1573,#1582));
#1555 = ORIENTED_EDGE('',*,*,#1466,.F.);
#1556 = ORIENTED_EDGE('',*,*,#1557,.F.);
#1557 = EDGE_CURVE('',#1558,#1459,#1560,.T.);
#1558 = VERTEX_POINT('',#1559);
#1559 = CARTESIAN_POINT('',(2.75,12.75,125.5));
#1560 = LINE('',#1561,#1562);
#1561 = CARTESIAN_POINT('',(-14.875,12.75,125.5));
#1562 = VECTOR('',#1563,1.);
#1563 = DIRECTION('',(-1.,-0.,0.));
#1564 = ORIENTED_EDGE('',*,*,#1565,.F.);
#1565 = EDGE_CURVE('',#1566,#1558,#1568,.T.);
#1566 = VERTEX_POINT('',#1567);
#1567 = CARTESIAN_POINT('',(6.5,9.,125.5));
#1568 = CIRCLE('',#1569,3.75);
#1569 = AXIS2_PLACEMENT_3D('',#1570,#1571,#1572);
#1570 = CARTESIAN_POINT('',(2.75,9.,125.5));
#1571 = DIRECTION('',(0.,0.,1.));
#1572 = DIRECTION('',(1.,0.,-0.));
#1573 = ORIENTED_EDGE('',*,*,#1574,.F.);
#1574 = EDGE_CURVE('',#1575,#1566,#1577,.T.);
#1575 = VERTEX_POINT('',#1576);
#1576 = CARTESIAN_POINT('',(2.75,5.25,125.5));
#1577 = CIRCLE('',#1578,3.75);
#1578 = AXIS2_PLACEMENT_3D('',#1579,#1580,#1581);
#1579 = CARTESIAN_POINT('',(2.75,9.,125.5));
#1580 = DIRECTION('',(0.,0.,1.));
#1581 = DIRECTION('',(1.,0.,-0.));
#1582 = ORIENTED_EDGE('',*,*,#1583,.T.);
#1583 = EDGE_CURVE('',#1575,#1467,#1584,.T.);
#1584 = LINE('',#1585,#1586);
#1585 = CARTESIAN_POINT('',(-14.875,5.25,125.5));
#1586 = VECTOR('',#1587,1.);
#1587 = DIRECTION('',(-1.,-0.,0.));
#1588 = PLANE('',#1589);
#1589 = AXIS2_PLACEMENT_3D('',#1590,#1591,#1592);
#1590 = CARTESIAN_POINT('',(-27.,2.,125.5));
#1591 = DIRECTION('',(0.,0.,1.));
#1592 = DIRECTION('',(1.,0.,-0.));
#1593 = ADVANCED_FACE('',(#1594),#1621,.F.);
#1594 = FACE_BOUND('',#1595,.T.);
#1595 = EDGE_LOOP('',(#1596,#1606,#1613,#1614));
#1596 = ORIENTED_EDGE('',*,*,#1597,.F.);
#1597 = EDGE_CURVE('',#1598,#1600,#1602,.T.);
#1598 = VERTEX_POINT('',#1599);
#1599 = CARTESIAN_POINT('',(27.,2.,124.5));
#1600 = VERTEX_POINT('',#1601);
#1601 = CARTESIAN_POINT('',(27.,43.,124.5));
#1602 = LINE('',#1603,#1604);
#1603 = CARTESIAN_POINT('',(27.,2.,124.5));
#1604 = VECTOR('',#1605,1.);
#1605 = DIRECTION('',(-0.,1.,0.));
#1606 = ORIENTED_EDGE('',*,*,#1607,.T.);
#1607 = EDGE_CURVE('',#1598,#1541,#1608,.T.);
#1608 = CIRCLE('',#1609,1.);
#1609 = AXIS2_PLACEMENT_3D('',#1610,#1611,#1612);
#1610 = CARTESIAN_POINT('',(26.,2.,124.5));
#1611 = DIRECTION('',(0.,-1.,0.));
#1612 = DIRECTION('',(0.,0.,1.));
#1613 = ORIENTED_EDGE('',*,*,#1548,.T.);
#1614 = ORIENTED_EDGE('',*,*,#1615,.T.);
#1615 = EDGE_CURVE('',#1532,#1600,#1616,.T.);
#1616 = CIRCLE('',#1617,1.);
#1617 = AXIS2_PLACEMENT_3D('',#1618,#1619,#1620);
#1618 = CARTESIAN_POINT('',(26.,43.,124.5));
#1619 = DIRECTION('',(0.,1.,0.));
#1620 = DIRECTION('',(1.,0.,-0.));
#1621 = CYLINDRICAL_SURFACE('',#1622,1.);
#1622 = AXIS2_PLACEMENT_3D('',#1623,#1624,#1625);
#1623 = CARTESIAN_POINT('',(26.,2.,124.5));
#1624 = DIRECTION('',(-0.,1.,0.));
#1625 = DIRECTION('',(1.,0.,-0.));
#1626 = ADVANCED_FACE('',(#1627),#1716,.F.);
#1627 = FACE_BOUND('',#1628,.F.);
#1628 = EDGE_LOOP('',(#1629,#1637,#1645,#1653,#1661,#1669,#1677,#1685,
    #1693,#1701,#1709,#1715));
#1629 = ORIENTED_EDGE('',*,*,#1630,.F.);
#1630 = EDGE_CURVE('',#1631,#1598,#1633,.T.);
#1631 = VERTEX_POINT('',#1632);
#1632 = CARTESIAN_POINT('',(27.,2.,3.));
#1633 = LINE('',#1634,#1635);
#1634 = CARTESIAN_POINT('',(27.,2.,2.));
#1635 = VECTOR('',#1636,1.);
#1636 = DIRECTION('',(0.,0.,1.));
#1637 = ORIENTED_EDGE('',*,*,#1638,.T.);
#1638 = EDGE_CURVE('',#1631,#1639,#1641,.T.);
#1639 = VERTEX_POINT('',#1640);
#1640 = CARTESIAN_POINT('',(27.,43.,3.));
#1641 = LINE('',#1642,#1643);
#1642 = CARTESIAN_POINT('',(27.,2.,3.));
#1643 = VECTOR('',#1644,1.);
#1644 = DIRECTION('',(-0.,1.,0.));
#1645 = ORIENTED_EDGE('',*,*,#1646,.F.);
#1646 = EDGE_CURVE('',#1647,#1639,#1649,.T.);
#1647 = VERTEX_POINT('',#1648);
#1648 = CARTESIAN_POINT('',(27.,43.,13.5));
#1649 = LINE('',#1650,#1651);
#1650 = CARTESIAN_POINT('',(27.,43.,1.));
#1651 = VECTOR('',#1652,1.);
#1652 = DIRECTION('',(-0.,0.,-1.));
#1653 = ORIENTED_EDGE('',*,*,#1654,.F.);
#1654 = EDGE_CURVE('',#1655,#1647,#1657,.T.);
#1655 = VERTEX_POINT('',#1656);
#1656 = CARTESIAN_POINT('',(27.,25.000769230769,13.5));
#1657 = LINE('',#1658,#1659);
#1658 = CARTESIAN_POINT('',(27.,15.353817257402,13.5));
#1659 = VECTOR('',#1660,1.);
#1660 = DIRECTION('',(-0.,1.,0.));
#1661 = ORIENTED_EDGE('',*,*,#1662,.F.);
#1662 = EDGE_CURVE('',#1663,#1655,#1665,.T.);
#1663 = VERTEX_POINT('',#1664);
#1664 = CARTESIAN_POINT('',(27.,25.000769230769,20.5));
#1665 = LINE('',#1666,#1667);
#1666 = CARTESIAN_POINT('',(27.,25.000769230769,7.75));
#1667 = VECTOR('',#1668,1.);
#1668 = DIRECTION('',(0.,0.,-1.));
#1669 = ORIENTED_EDGE('',*,*,#1670,.T.);
#1670 = EDGE_CURVE('',#1663,#1671,#1673,.T.);
#1671 = VERTEX_POINT('',#1672);
#1672 = CARTESIAN_POINT('',(27.,43.,20.5));
#1673 = LINE('',#1674,#1675);
#1674 = CARTESIAN_POINT('',(27.,16.5,20.5));
#1675 = VECTOR('',#1676,1.);
#1676 = DIRECTION('',(-0.,1.,0.));
#1677 = ORIENTED_EDGE('',*,*,#1678,.F.);
#1678 = EDGE_CURVE('',#1679,#1671,#1681,.T.);
#1679 = VERTEX_POINT('',#1680);
#1680 = CARTESIAN_POINT('',(27.,43.,112.5));
#1681 = LINE('',#1682,#1683);
#1682 = CARTESIAN_POINT('',(27.,43.,1.));
#1683 = VECTOR('',#1684,1.);
#1684 = DIRECTION('',(-0.,0.,-1.));
#1685 = ORIENTED_EDGE('',*,*,#1686,.F.);
#1686 = EDGE_CURVE('',#1687,#1679,#1689,.T.);
#1687 = VERTEX_POINT('',#1688);
#1688 = CARTESIAN_POINT('',(27.,25.000769230769,112.5));
#1689 = LINE('',#1690,#1691);
#1690 = CARTESIAN_POINT('',(27.,15.353817257402,112.5));
#1691 = VECTOR('',#1692,1.);
#1692 = DIRECTION('',(-0.,1.,0.));
#1693 = ORIENTED_EDGE('',*,*,#1694,.F.);
#1694 = EDGE_CURVE('',#1695,#1687,#1697,.T.);
#1695 = VERTEX_POINT('',#1696);
#1696 = CARTESIAN_POINT('',(27.,25.000769230769,119.5));
#1697 = LINE('',#1698,#1699);
#1698 = CARTESIAN_POINT('',(27.,25.000769230769,57.25));
#1699 = VECTOR('',#1700,1.);
#1700 = DIRECTION('',(0.,0.,-1.));
#1701 = ORIENTED_EDGE('',*,*,#1702,.T.);
#1702 = EDGE_CURVE('',#1695,#1703,#1705,.T.);
#1703 = VERTEX_POINT('',#1704);
#1704 = CARTESIAN_POINT('',(27.,43.,119.5));
#1705 = LINE('',#1706,#1707);
#1706 = CARTESIAN_POINT('',(27.,16.5,119.5));
#1707 = VECTOR('',#1708,1.);
#1708 = DIRECTION('',(-0.,1.,0.));
#1709 = ORIENTED_EDGE('',*,*,#1710,.F.);
#1710 = EDGE_CURVE('',#1600,#1703,#1711,.T.);
#1711 = LINE('',#1712,#1713);
#1712 = CARTESIAN_POINT('',(27.,43.,1.));
#1713 = VECTOR('',#1714,1.);
#1714 = DIRECTION('',(-0.,0.,-1.));
#1715 = ORIENTED_EDGE('',*,*,#1597,.F.);
#1716 = PLANE('',#1717);
#1717 = AXIS2_PLACEMENT_3D('',#1718,#1719,#1720);
#1718 = CARTESIAN_POINT('',(27.,2.,2.));
#1719 = DIRECTION('',(1.,0.,-0.));
#1720 = DIRECTION('',(0.,0.,1.));
#1721 = ADVANCED_FACE('',(#1722),#1749,.F.);
#1722 = FACE_BOUND('',#1723,.F.);
#1723 = EDGE_LOOP('',(#1724,#1725,#1734,#1742));
#1724 = ORIENTED_EDGE('',*,*,#1638,.F.);
#1725 = ORIENTED_EDGE('',*,*,#1726,.T.);
#1726 = EDGE_CURVE('',#1631,#1727,#1729,.T.);
#1727 = VERTEX_POINT('',#1728);
#1728 = CARTESIAN_POINT('',(26.,2.,2.));
#1729 = CIRCLE('',#1730,1.);
#1730 = AXIS2_PLACEMENT_3D('',#1731,#1732,#1733);
#1731 = CARTESIAN_POINT('',(26.,2.,3.));
#1732 = DIRECTION('',(-0.,1.,0.));
#1733 = DIRECTION('',(0.,0.,1.));
#1734 = ORIENTED_EDGE('',*,*,#1735,.T.);
#1735 = EDGE_CURVE('',#1727,#1736,#1738,.T.);
#1736 = VERTEX_POINT('',#1737);
#1737 = CARTESIAN_POINT('',(26.,43.,2.));
#1738 = LINE('',#1739,#1740);
#1739 = CARTESIAN_POINT('',(26.,2.,2.));
#1740 = VECTOR('',#1741,1.);
#1741 = DIRECTION('',(-0.,1.,0.));
#1742 = ORIENTED_EDGE('',*,*,#1743,.F.);
#1743 = EDGE_CURVE('',#1639,#1736,#1744,.T.);
#1744 = CIRCLE('',#1745,1.);
#1745 = AXIS2_PLACEMENT_3D('',#1746,#1747,#1748);
#1746 = CARTESIAN_POINT('',(26.,43.,3.));
#1747 = DIRECTION('',(0.,1.,0.));
#1748 = DIRECTION('',(1.,0.,-0.));
#1749 = CYLINDRICAL_SURFACE('',#1750,1.);
#1750 = AXIS2_PLACEMENT_3D('',#1751,#1752,#1753);
#1751 = CARTESIAN_POINT('',(26.,2.,3.));
#1752 = DIRECTION('',(-0.,1.,0.));
#1753 = DIRECTION('',(1.,0.,-0.));
#1754 = ADVANCED_FACE('',(#1755,#1780),#1814,.T.);
#1755 = FACE_BOUND('',#1756,.T.);
#1756 = EDGE_LOOP('',(#1757,#1765,#1773,#1779));
#1757 = ORIENTED_EDGE('',*,*,#1758,.F.);
#1758 = EDGE_CURVE('',#1759,#1736,#1761,.T.);
#1759 = VERTEX_POINT('',#1760);
#1760 = CARTESIAN_POINT('',(-26.,43.,2.));
#1761 = LINE('',#1762,#1763);
#1762 = CARTESIAN_POINT('',(-28.,43.,2.));
#1763 = VECTOR('',#1764,1.);
#1764 = DIRECTION('',(1.,0.,-0.));
#1765 = ORIENTED_EDGE('',*,*,#1766,.F.);
#1766 = EDGE_CURVE('',#1767,#1759,#1769,.T.);
#1767 = VERTEX_POINT('',#1768);
#1768 = CARTESIAN_POINT('',(-26.,2.,2.));
#1769 = LINE('',#1770,#1771);
#1770 = CARTESIAN_POINT('',(-26.,2.,2.));
#1771 = VECTOR('',#1772,1.);
#1772 = DIRECTION('',(-0.,1.,0.));
#1773 = ORIENTED_EDGE('',*,*,#1774,.T.);
#1774 = EDGE_CURVE('',#1767,#1727,#1775,.T.);
#1775 = LINE('',#1776,#1777);
#1776 = CARTESIAN_POINT('',(-27.,2.,2.));
#1777 = VECTOR('',#1778,1.);
#1778 = DIRECTION('',(1.,0.,-0.));
#1779 = ORIENTED_EDGE('',*,*,#1735,.T.);
#1780 = FACE_BOUND('',#1781,.T.);
#1781 = EDGE_LOOP('',(#1782,#1792,#1800,#1808));
#1782 = ORIENTED_EDGE('',*,*,#1783,.T.);
#1783 = EDGE_CURVE('',#1784,#1786,#1788,.T.);
#1784 = VERTEX_POINT('',#1785);
#1785 = CARTESIAN_POINT('',(21.6,6.9,2.));
#1786 = VERTEX_POINT('',#1787);
#1787 = CARTESIAN_POINT('',(-21.6,6.9,2.));
#1788 = LINE('',#1789,#1790);
#1789 = CARTESIAN_POINT('',(-24.3,6.9,2.));
#1790 = VECTOR('',#1791,1.);
#1791 = DIRECTION('',(-1.,-0.,0.));
#1792 = ORIENTED_EDGE('',*,*,#1793,.T.);
#1793 = EDGE_CURVE('',#1786,#1794,#1796,.T.);
#1794 = VERTEX_POINT('',#1795);
#1795 = CARTESIAN_POINT('',(-21.6,38.1,2.));
#1796 = LINE('',#1797,#1798);
#1797 = CARTESIAN_POINT('',(-21.6,4.45,2.));
#1798 = VECTOR('',#1799,1.);
#1799 = DIRECTION('',(-0.,1.,0.));
#1800 = ORIENTED_EDGE('',*,*,#1801,.F.);
#1801 = EDGE_CURVE('',#1802,#1794,#1804,.T.);
#1802 = VERTEX_POINT('',#1803);
#1803 = CARTESIAN_POINT('',(21.6,38.1,2.));
#1804 = LINE('',#1805,#1806);
#1805 = CARTESIAN_POINT('',(-24.3,38.1,2.));
#1806 = VECTOR('',#1807,1.);
#1807 = DIRECTION('',(-1.,-0.,0.));
#1808 = ORIENTED_EDGE('',*,*,#1809,.F.);
#1809 = EDGE_CURVE('',#1784,#1802,#1810,.T.);
#1810 = LINE('',#1811,#1812);
#1811 = CARTESIAN_POINT('',(21.6,4.45,2.));
#1812 = VECTOR('',#1813,1.);
#1813 = DIRECTION('',(-0.,1.,0.));
#1814 = PLANE('',#1815);
#1815 = AXIS2_PLACEMENT_3D('',#1816,#1817,#1818);
#1816 = CARTESIAN_POINT('',(-27.,2.,2.));
#1817 = DIRECTION('',(0.,0.,1.));
#1818 = DIRECTION('',(1.,0.,-0.));
#1819 = ADVANCED_FACE('',(#1820),#1847,.F.);
#1820 = FACE_BOUND('',#1821,.T.);
#1821 = EDGE_LOOP('',(#1822,#1832,#1839,#1840));
#1822 = ORIENTED_EDGE('',*,*,#1823,.F.);
#1823 = EDGE_CURVE('',#1824,#1826,#1828,.T.);
#1824 = VERTEX_POINT('',#1825);
#1825 = CARTESIAN_POINT('',(-27.,2.,3.));
#1826 = VERTEX_POINT('',#1827);
#1827 = CARTESIAN_POINT('',(-27.,43.,3.));
#1828 = LINE('',#1829,#1830);
#1829 = CARTESIAN_POINT('',(-27.,2.,3.));
#1830 = VECTOR('',#1831,1.);
#1831 = DIRECTION('',(-0.,1.,0.));
#1832 = ORIENTED_EDGE('',*,*,#1833,.T.);
#1833 = EDGE_CURVE('',#1824,#1767,#1834,.T.);
#1834 = CIRCLE('',#1835,1.);
#1835 = AXIS2_PLACEMENT_3D('',#1836,#1837,#1838);
#1836 = CARTESIAN_POINT('',(-26.,2.,3.));
#1837 = DIRECTION('',(0.,-1.,0.));
#1838 = DIRECTION('',(0.,0.,1.));
#1839 = ORIENTED_EDGE('',*,*,#1766,.T.);
#1840 = ORIENTED_EDGE('',*,*,#1841,.T.);
#1841 = EDGE_CURVE('',#1759,#1826,#1842,.T.);
#1842 = CIRCLE('',#1843,1.);
#1843 = AXIS2_PLACEMENT_3D('',#1844,#1845,#1846);
#1844 = CARTESIAN_POINT('',(-26.,43.,3.));
#1845 = DIRECTION('',(-0.,1.,0.));
#1846 = DIRECTION('',(-1.,-0.,0.));
#1847 = CYLINDRICAL_SURFACE('',#1848,1.);
#1848 = AXIS2_PLACEMENT_3D('',#1849,#1850,#1851);
#1849 = CARTESIAN_POINT('',(-26.,2.,3.));
#1850 = DIRECTION('',(-0.,1.,0.));
#1851 = DIRECTION('',(-1.,-0.,0.));
#1852 = ADVANCED_FACE('',(#1853),#1933,.T.);
#1853 = FACE_BOUND('',#1854,.T.);
#1854 = EDGE_LOOP('',(#1855,#1861,#1862,#1870,#1878,#1886,#1894,#1902,
    #1910,#1918,#1926,#1932));
#1855 = ORIENTED_EDGE('',*,*,#1856,.F.);
#1856 = EDGE_CURVE('',#1824,#1490,#1857,.T.);
#1857 = LINE('',#1858,#1859);
#1858 = CARTESIAN_POINT('',(-27.,2.,2.));
#1859 = VECTOR('',#1860,1.);
#1860 = DIRECTION('',(0.,0.,1.));
#1861 = ORIENTED_EDGE('',*,*,#1823,.T.);
#1862 = ORIENTED_EDGE('',*,*,#1863,.F.);
#1863 = EDGE_CURVE('',#1864,#1826,#1866,.T.);
#1864 = VERTEX_POINT('',#1865);
#1865 = CARTESIAN_POINT('',(-27.,43.,13.5));
#1866 = LINE('',#1867,#1868);
#1867 = CARTESIAN_POINT('',(-27.,43.,1.));
#1868 = VECTOR('',#1869,1.);
#1869 = DIRECTION('',(-0.,0.,-1.));
#1870 = ORIENTED_EDGE('',*,*,#1871,.F.);
#1871 = EDGE_CURVE('',#1872,#1864,#1874,.T.);
#1872 = VERTEX_POINT('',#1873);
#1873 = CARTESIAN_POINT('',(-27.,25.000769230769,13.5));
#1874 = LINE('',#1875,#1876);
#1875 = CARTESIAN_POINT('',(-27.,16.5,13.5));
#1876 = VECTOR('',#1877,1.);
#1877 = DIRECTION('',(-0.,1.,0.));
#1878 = ORIENTED_EDGE('',*,*,#1879,.T.);
#1879 = EDGE_CURVE('',#1872,#1880,#1882,.T.);
#1880 = VERTEX_POINT('',#1881);
#1881 = CARTESIAN_POINT('',(-27.,25.000769230769,20.5));
#1882 = LINE('',#1883,#1884);
#1883 = CARTESIAN_POINT('',(-27.,25.000769230769,7.75));
#1884 = VECTOR('',#1885,1.);
#1885 = DIRECTION('',(0.,0.,1.));
#1886 = ORIENTED_EDGE('',*,*,#1887,.F.);
#1887 = EDGE_CURVE('',#1888,#1880,#1890,.T.);
#1888 = VERTEX_POINT('',#1889);
#1889 = CARTESIAN_POINT('',(-27.,43.,20.5));
#1890 = LINE('',#1891,#1892);
#1891 = CARTESIAN_POINT('',(-27.,15.353817257402,20.5));
#1892 = VECTOR('',#1893,1.);
#1893 = DIRECTION('',(0.,-1.,0.));
#1894 = ORIENTED_EDGE('',*,*,#1895,.F.);
#1895 = EDGE_CURVE('',#1896,#1888,#1898,.T.);
#1896 = VERTEX_POINT('',#1897);
#1897 = CARTESIAN_POINT('',(-27.,43.,112.5));
#1898 = LINE('',#1899,#1900);
#1899 = CARTESIAN_POINT('',(-27.,43.,1.));
#1900 = VECTOR('',#1901,1.);
#1901 = DIRECTION('',(-0.,0.,-1.));
#1902 = ORIENTED_EDGE('',*,*,#1903,.F.);
#1903 = EDGE_CURVE('',#1904,#1896,#1906,.T.);
#1904 = VERTEX_POINT('',#1905);
#1905 = CARTESIAN_POINT('',(-27.,25.000769230769,112.5));
#1906 = LINE('',#1907,#1908);
#1907 = CARTESIAN_POINT('',(-27.,16.5,112.5));
#1908 = VECTOR('',#1909,1.);
#1909 = DIRECTION('',(-0.,1.,0.));
#1910 = ORIENTED_EDGE('',*,*,#1911,.T.);
#1911 = EDGE_CURVE('',#1904,#1912,#1914,.T.);
#1912 = VERTEX_POINT('',#1913);
#1913 = CARTESIAN_POINT('',(-27.,25.000769230769,119.5));
#1914 = LINE('',#1915,#1916);
#1915 = CARTESIAN_POINT('',(-27.,25.000769230769,57.25));
#1916 = VECTOR('',#1917,1.);
#1917 = DIRECTION('',(0.,0.,1.));
#1918 = ORIENTED_EDGE('',*,*,#1919,.F.);
#1919 = EDGE_CURVE('',#1920,#1912,#1922,.T.);
#1920 = VERTEX_POINT('',#1921);
#1921 = CARTESIAN_POINT('',(-27.,43.,119.5));
#1922 = LINE('',#1923,#1924);
#1923 = CARTESIAN_POINT('',(-27.,15.353817257402,119.5));
#1924 = VECTOR('',#1925,1.);
#1925 = DIRECTION('',(0.,-1.,0.));
#1926 = ORIENTED_EDGE('',*,*,#1927,.F.);
#1927 = EDGE_CURVE('',#1492,#1920,#1928,.T.);
#1928 = LINE('',#1929,#1930);
#1929 = CARTESIAN_POINT('',(-27.,43.,1.));
#1930 = VECTOR('',#1931,1.);
#1931 = DIRECTION('',(-0.,0.,-1.));
#1932 = ORIENTED_EDGE('',*,*,#1489,.F.);
#1933 = PLANE('',#1934);
#1934 = AXIS2_PLACEMENT_3D('',#1935,#1936,#1937);
#1935 = CARTESIAN_POINT('',(-27.,2.,2.));
#1936 = DIRECTION('',(1.,0.,-0.));
#1937 = DIRECTION('',(0.,0.,1.));
#1938 = ADVANCED_FACE('',(#1939),#1950,.T.);
#1939 = FACE_BOUND('',#1940,.T.);
#1940 = EDGE_LOOP('',(#1941,#1942,#1943,#1944));
#1941 = ORIENTED_EDGE('',*,*,#1583,.T.);
#1942 = ORIENTED_EDGE('',*,*,#1475,.T.);
#1943 = ORIENTED_EDGE('',*,*,#699,.F.);
#1944 = ORIENTED_EDGE('',*,*,#1945,.F.);
#1945 = EDGE_CURVE('',#1575,#691,#1946,.T.);
#1946 = LINE('',#1947,#1948);
#1947 = CARTESIAN_POINT('',(2.75,5.25,124.5));
#1948 = VECTOR('',#1949,1.);
#1949 = DIRECTION('',(0.,0.,1.));
#1950 = PLANE('',#1951);
#1951 = AXIS2_PLACEMENT_3D('',#1952,#1953,#1954);
#1952 = CARTESIAN_POINT('',(-2.75,5.25,124.5));
#1953 = DIRECTION('',(-0.,1.,0.));
#1954 = DIRECTION('',(0.,0.,1.));
#1955 = ADVANCED_FACE('',(#1956),#1967,.F.);
#1956 = FACE_BOUND('',#1957,.F.);
#1957 = EDGE_LOOP('',(#1958,#1959,#1960,#1961));
#1958 = ORIENTED_EDGE('',*,*,#1557,.T.);
#1959 = ORIENTED_EDGE('',*,*,#1458,.T.);
#1960 = ORIENTED_EDGE('',*,*,#673,.F.);
#1961 = ORIENTED_EDGE('',*,*,#1962,.F.);
#1962 = EDGE_CURVE('',#1558,#674,#1963,.T.);
#1963 = LINE('',#1964,#1965);
#1964 = CARTESIAN_POINT('',(2.75,12.75,124.5));
#1965 = VECTOR('',#1966,1.);
#1966 = DIRECTION('',(0.,0.,1.));
#1967 = PLANE('',#1968);
#1968 = AXIS2_PLACEMENT_3D('',#1969,#1970,#1971);
#1969 = CARTESIAN_POINT('',(-2.75,12.75,124.5));
#1970 = DIRECTION('',(-0.,1.,0.));
#1971 = DIRECTION('',(0.,0.,1.));
#1972 = ADVANCED_FACE('',(#1973),#1998,.T.);
#1973 = FACE_BOUND('',#1974,.T.);
#1974 = EDGE_LOOP('',(#1975,#1983,#1984,#1992));
#1975 = ORIENTED_EDGE('',*,*,#1976,.F.);
#1976 = EDGE_CURVE('',#714,#1977,#1979,.T.);
#1977 = VERTEX_POINT('',#1978);
#1978 = CARTESIAN_POINT('',(-8.5,2.,14.));
#1979 = LINE('',#1980,#1981);
#1980 = CARTESIAN_POINT('',(-8.5,-1.,14.));
#1981 = VECTOR('',#1982,1.);
#1982 = DIRECTION('',(-0.,1.,0.));
#1983 = ORIENTED_EDGE('',*,*,#728,.T.);
#1984 = ORIENTED_EDGE('',*,*,#1985,.T.);
#1985 = EDGE_CURVE('',#722,#1986,#1988,.T.);
#1986 = VERTEX_POINT('',#1987);
#1987 = CARTESIAN_POINT('',(8.5,2.,14.));
#1988 = LINE('',#1989,#1990);
#1989 = CARTESIAN_POINT('',(8.5,-1.,14.));
#1990 = VECTOR('',#1991,1.);
#1991 = DIRECTION('',(-0.,1.,0.));
#1992 = ORIENTED_EDGE('',*,*,#1993,.F.);
#1993 = EDGE_CURVE('',#1977,#1986,#1994,.T.);
#1994 = LINE('',#1995,#1996);
#1995 = CARTESIAN_POINT('',(-9.7,2.,14.));
#1996 = VECTOR('',#1997,1.);
#1997 = DIRECTION('',(1.,0.,-0.));
#1998 = PLANE('',#1999);
#1999 = AXIS2_PLACEMENT_3D('',#2000,#2001,#2002);
#2000 = CARTESIAN_POINT('',(-8.5,-1.,14.));
#2001 = DIRECTION('',(0.,0.,1.));
#2002 = DIRECTION('',(1.,0.,-0.));
#2003 = ADVANCED_FACE('',(#2004),#2022,.T.);
#2004 = FACE_BOUND('',#2005,.T.);
#2005 = EDGE_LOOP('',(#2006,#2014,#2015,#2016));
#2006 = ORIENTED_EDGE('',*,*,#2007,.F.);
#2007 = EDGE_CURVE('',#743,#2008,#2010,.T.);
#2008 = VERTEX_POINT('',#2009);
#2009 = CARTESIAN_POINT('',(-8.5,2.,33.));
#2010 = LINE('',#2011,#2012);
#2011 = CARTESIAN_POINT('',(-8.5,-1.,33.));
#2012 = VECTOR('',#2013,1.);
#2013 = DIRECTION('',(-0.,1.,0.));
#2014 = ORIENTED_EDGE('',*,*,#751,.T.);
#2015 = ORIENTED_EDGE('',*,*,#1976,.T.);
#2016 = ORIENTED_EDGE('',*,*,#2017,.F.);
#2017 = EDGE_CURVE('',#2008,#1977,#2018,.T.);
#2018 = LINE('',#2019,#2020);
#2019 = CARTESIAN_POINT('',(-8.5,2.,13.3));
#2020 = VECTOR('',#2021,1.);
#2021 = DIRECTION('',(-0.,0.,-1.));
#2022 = PLANE('',#2023);
#2023 = AXIS2_PLACEMENT_3D('',#2024,#2025,#2026);
#2024 = CARTESIAN_POINT('',(-8.5,-1.,14.));
#2025 = DIRECTION('',(1.,0.,-0.));
#2026 = DIRECTION('',(0.,0.,1.));
#2027 = ADVANCED_FACE('',(#2028),#2046,.F.);
#2028 = FACE_BOUND('',#2029,.F.);
#2029 = EDGE_LOOP('',(#2030,#2031,#2032,#2040));
#2030 = ORIENTED_EDGE('',*,*,#2007,.F.);
#2031 = ORIENTED_EDGE('',*,*,#774,.F.);
#2032 = ORIENTED_EDGE('',*,*,#2033,.T.);
#2033 = EDGE_CURVE('',#766,#2034,#2036,.T.);
#2034 = VERTEX_POINT('',#2035);
#2035 = CARTESIAN_POINT('',(8.5,2.,33.));
#2036 = LINE('',#2037,#2038);
#2037 = CARTESIAN_POINT('',(8.5,-1.,33.));
#2038 = VECTOR('',#2039,1.);
#2039 = DIRECTION('',(-0.,1.,0.));
#2040 = ORIENTED_EDGE('',*,*,#2041,.F.);
#2041 = EDGE_CURVE('',#2008,#2034,#2042,.T.);
#2042 = LINE('',#2043,#2044);
#2043 = CARTESIAN_POINT('',(-9.7,2.,33.));
#2044 = VECTOR('',#2045,1.);
#2045 = DIRECTION('',(1.,0.,-0.));
#2046 = PLANE('',#2047);
#2047 = AXIS2_PLACEMENT_3D('',#2048,#2049,#2050);
#2048 = CARTESIAN_POINT('',(-8.5,-1.,33.));
#2049 = DIRECTION('',(0.,0.,1.));
#2050 = DIRECTION('',(1.,0.,-0.));
#2051 = ADVANCED_FACE('',(#2052),#2063,.F.);
#2052 = FACE_BOUND('',#2053,.F.);
#2053 = EDGE_LOOP('',(#2054,#2055,#2056,#2057));
#2054 = ORIENTED_EDGE('',*,*,#2033,.F.);
#2055 = ORIENTED_EDGE('',*,*,#791,.F.);
#2056 = ORIENTED_EDGE('',*,*,#1985,.T.);
#2057 = ORIENTED_EDGE('',*,*,#2058,.F.);
#2058 = EDGE_CURVE('',#2034,#1986,#2059,.T.);
#2059 = LINE('',#2060,#2061);
#2060 = CARTESIAN_POINT('',(8.5,2.,13.3));
#2061 = VECTOR('',#2062,1.);
#2062 = DIRECTION('',(-0.,0.,-1.));
#2063 = PLANE('',#2064);
#2064 = AXIS2_PLACEMENT_3D('',#2065,#2066,#2067);
#2065 = CARTESIAN_POINT('',(8.5,-1.,14.));
#2066 = DIRECTION('',(1.,0.,-0.));
#2067 = DIRECTION('',(0.,0.,1.));
#2068 = ADVANCED_FACE('',(#2069),#2094,.T.);
#2069 = FACE_BOUND('',#2070,.T.);
#2070 = EDGE_LOOP('',(#2071,#2079,#2080,#2088));
#2071 = ORIENTED_EDGE('',*,*,#2072,.F.);
#2072 = EDGE_CURVE('',#806,#2073,#2075,.T.);
#2073 = VERTEX_POINT('',#2074);
#2074 = CARTESIAN_POINT('',(-22.6,2.,49.34));
#2075 = LINE('',#2076,#2077);
#2076 = CARTESIAN_POINT('',(-22.6,-1.,49.34));
#2077 = VECTOR('',#2078,1.);
#2078 = DIRECTION('',(-0.,1.,0.));
#2079 = ORIENTED_EDGE('',*,*,#820,.T.);
#2080 = ORIENTED_EDGE('',*,*,#2081,.T.);
#2081 = EDGE_CURVE('',#814,#2082,#2084,.T.);
#2082 = VERTEX_POINT('',#2083);
#2083 = CARTESIAN_POINT('',(22.6,2.,49.34));
#2084 = LINE('',#2085,#2086);
#2085 = CARTESIAN_POINT('',(22.6,-1.,49.34));
#2086 = VECTOR('',#2087,1.);
#2087 = DIRECTION('',(-0.,1.,0.));
#2088 = ORIENTED_EDGE('',*,*,#2089,.F.);
#2089 = EDGE_CURVE('',#2073,#2082,#2090,.T.);
#2090 = LINE('',#2091,#2092);
#2091 = CARTESIAN_POINT('',(-24.8,2.,49.34));
#2092 = VECTOR('',#2093,1.);
#2093 = DIRECTION('',(1.,0.,-0.));
#2094 = PLANE('',#2095);
#2095 = AXIS2_PLACEMENT_3D('',#2096,#2097,#2098);
#2096 = CARTESIAN_POINT('',(-22.6,-1.,49.34));
#2097 = DIRECTION('',(0.,0.,1.));
#2098 = DIRECTION('',(1.,0.,-0.));
#2099 = ADVANCED_FACE('',(#2100),#2118,.F.);
#2100 = FACE_BOUND('',#2101,.F.);
#2101 = EDGE_LOOP('',(#2102,#2110,#2111,#2112));
#2102 = ORIENTED_EDGE('',*,*,#2103,.F.);
#2103 = EDGE_CURVE('',#837,#2104,#2106,.T.);
#2104 = VERTEX_POINT('',#2105);
#2105 = CARTESIAN_POINT('',(22.6,2.,108.99));
#2106 = LINE('',#2107,#2108);
#2107 = CARTESIAN_POINT('',(22.6,-1.,108.99));
#2108 = VECTOR('',#2109,1.);
#2109 = DIRECTION('',(-0.,1.,0.));
#2110 = ORIENTED_EDGE('',*,*,#843,.F.);
#2111 = ORIENTED_EDGE('',*,*,#2081,.T.);
#2112 = ORIENTED_EDGE('',*,*,#2113,.F.);
#2113 = EDGE_CURVE('',#2104,#2082,#2114,.T.);
#2114 = LINE('',#2115,#2116);
#2115 = CARTESIAN_POINT('',(22.6,2.,25.67));
#2116 = VECTOR('',#2117,1.);
#2117 = DIRECTION('',(-0.,0.,-1.));
#2118 = PLANE('',#2119);
#2119 = AXIS2_PLACEMENT_3D('',#2120,#2121,#2122);
#2120 = CARTESIAN_POINT('',(22.6,-1.,49.34));
#2121 = DIRECTION('',(1.,0.,-0.));
#2122 = DIRECTION('',(0.,0.,1.));
#2123 = ADVANCED_FACE('',(#2124),#2142,.T.);
#2124 = FACE_BOUND('',#2125,.T.);
#2125 = EDGE_LOOP('',(#2126,#2134,#2135,#2136));
#2126 = ORIENTED_EDGE('',*,*,#2127,.F.);
#2127 = EDGE_CURVE('',#858,#2128,#2130,.T.);
#2128 = VERTEX_POINT('',#2129);
#2129 = CARTESIAN_POINT('',(-22.6,2.,108.99));
#2130 = LINE('',#2131,#2132);
#2131 = CARTESIAN_POINT('',(-22.6,-1.,108.99));
#2132 = VECTOR('',#2133,1.);
#2133 = DIRECTION('',(-0.,1.,0.));
#2134 = ORIENTED_EDGE('',*,*,#866,.T.);
#2135 = ORIENTED_EDGE('',*,*,#2072,.T.);
#2136 = ORIENTED_EDGE('',*,*,#2137,.F.);
#2137 = EDGE_CURVE('',#2128,#2073,#2138,.T.);
#2138 = LINE('',#2139,#2140);
#2139 = CARTESIAN_POINT('',(-22.6,2.,25.67));
#2140 = VECTOR('',#2141,1.);
#2141 = DIRECTION('',(-0.,0.,-1.));
#2142 = PLANE('',#2143);
#2143 = AXIS2_PLACEMENT_3D('',#2144,#2145,#2146);
#2144 = CARTESIAN_POINT('',(-22.6,-1.,49.34));
#2145 = DIRECTION('',(1.,0.,-0.));
#2146 = DIRECTION('',(0.,0.,1.));
#2147 = ADVANCED_FACE('',(#2148),#2159,.F.);
#2148 = FACE_BOUND('',#2149,.F.);
#2149 = EDGE_LOOP('',(#2150,#2151,#2152,#2153));
#2150 = ORIENTED_EDGE('',*,*,#2127,.F.);
#2151 = ORIENTED_EDGE('',*,*,#883,.F.);
#2152 = ORIENTED_EDGE('',*,*,#2103,.T.);
#2153 = ORIENTED_EDGE('',*,*,#2154,.F.);
#2154 = EDGE_CURVE('',#2128,#2104,#2155,.T.);
#2155 = LINE('',#2156,#2157);
#2156 = CARTESIAN_POINT('',(-24.8,2.,108.99));
#2157 = VECTOR('',#2158,1.);
#2158 = DIRECTION('',(1.,0.,-0.));
#2159 = PLANE('',#2160);
#2160 = AXIS2_PLACEMENT_3D('',#2161,#2162,#2163);
#2161 = CARTESIAN_POINT('',(-22.6,-1.,108.99));
#2162 = DIRECTION('',(0.,0.,1.));
#2163 = DIRECTION('',(1.,0.,-0.));
#2164 = ADVANCED_FACE('',(#2165,#2175,#2186,#2197,#2231,#2242,#2248),
  #2259,.T.);
#2165 = FACE_BOUND('',#2166,.T.);
#2166 = EDGE_LOOP('',(#2167,#2168,#2169,#2170,#2171,#2172,#2173,#2174));
#2167 = ORIENTED_EDGE('',*,*,#1774,.F.);
#2168 = ORIENTED_EDGE('',*,*,#1833,.F.);
#2169 = ORIENTED_EDGE('',*,*,#1856,.T.);
#2170 = ORIENTED_EDGE('',*,*,#1499,.T.);
#2171 = ORIENTED_EDGE('',*,*,#1540,.T.);
#2172 = ORIENTED_EDGE('',*,*,#1607,.F.);
#2173 = ORIENTED_EDGE('',*,*,#1630,.F.);
#2174 = ORIENTED_EDGE('',*,*,#1726,.T.);
#2175 = FACE_BOUND('',#2176,.T.);
#2176 = EDGE_LOOP('',(#2177));
#2177 = ORIENTED_EDGE('',*,*,#2178,.F.);
#2178 = EDGE_CURVE('',#2179,#2179,#2181,.T.);
#2179 = VERTEX_POINT('',#2180);
#2180 = CARTESIAN_POINT('',(-21.,2.,46.));
#2181 = CIRCLE('',#2182,3.);
#2182 = AXIS2_PLACEMENT_3D('',#2183,#2184,#2185);
#2183 = CARTESIAN_POINT('',(-21.,2.,43.));
#2184 = DIRECTION('',(0.,1.,0.));
#2185 = DIRECTION('',(0.,-0.,1.));
#2186 = FACE_BOUND('',#2187,.T.);
#2187 = EDGE_LOOP('',(#2188));
#2188 = ORIENTED_EDGE('',*,*,#2189,.F.);
#2189 = EDGE_CURVE('',#2190,#2190,#2192,.T.);
#2190 = VERTEX_POINT('',#2191);
#2191 = CARTESIAN_POINT('',(-21.,2.,124.));
#2192 = CIRCLE('',#2193,3.);
#2193 = AXIS2_PLACEMENT_3D('',#2194,#2195,#2196);
#2194 = CARTESIAN_POINT('',(-21.,2.,121.));
#2195 = DIRECTION('',(0.,1.,0.));
#2196 = DIRECTION('',(0.,-0.,1.));
#2197 = FACE_BOUND('',#2198,.T.);
#2198 = EDGE_LOOP('',(#2199,#2209,#2217,#2225));
#2199 = ORIENTED_EDGE('',*,*,#2200,.F.);
#2200 = EDGE_CURVE('',#2201,#2203,#2205,.T.);
#2201 = VERTEX_POINT('',#2202);
#2202 = CARTESIAN_POINT('',(-12.5,2.,36.));
#2203 = VERTEX_POINT('',#2204);
#2204 = CARTESIAN_POINT('',(12.5,2.,36.));
#2205 = LINE('',#2206,#2207);
#2206 = CARTESIAN_POINT('',(-19.75,2.,36.));
#2207 = VECTOR('',#2208,1.);
#2208 = DIRECTION('',(1.,0.,-0.));
#2209 = ORIENTED_EDGE('',*,*,#2210,.T.);
#2210 = EDGE_CURVE('',#2201,#2211,#2213,.T.);
#2211 = VERTEX_POINT('',#2212);
#2212 = CARTESIAN_POINT('',(-12.5,2.,11.));
#2213 = LINE('',#2214,#2215);
#2214 = CARTESIAN_POINT('',(-12.5,2.,6.5));
#2215 = VECTOR('',#2216,1.);
#2216 = DIRECTION('',(-0.,0.,-1.));
#2217 = ORIENTED_EDGE('',*,*,#2218,.T.);
#2218 = EDGE_CURVE('',#2211,#2219,#2221,.T.);
#2219 = VERTEX_POINT('',#2220);
#2220 = CARTESIAN_POINT('',(12.5,2.,11.));
#2221 = LINE('',#2222,#2223);
#2222 = CARTESIAN_POINT('',(-19.75,2.,11.));
#2223 = VECTOR('',#2224,1.);
#2224 = DIRECTION('',(1.,0.,-0.));
#2225 = ORIENTED_EDGE('',*,*,#2226,.F.);
#2226 = EDGE_CURVE('',#2203,#2219,#2227,.T.);
#2227 = LINE('',#2228,#2229);
#2228 = CARTESIAN_POINT('',(12.5,2.,6.5));
#2229 = VECTOR('',#2230,1.);
#2230 = DIRECTION('',(-0.,0.,-1.));
#2231 = FACE_BOUND('',#2232,.T.);
#2232 = EDGE_LOOP('',(#2233));
#2233 = ORIENTED_EDGE('',*,*,#2234,.F.);
#2234 = EDGE_CURVE('',#2235,#2235,#2237,.T.);
#2235 = VERTEX_POINT('',#2236);
#2236 = CARTESIAN_POINT('',(21.,2.,46.));
#2237 = CIRCLE('',#2238,3.);
#2238 = AXIS2_PLACEMENT_3D('',#2239,#2240,#2241);
#2239 = CARTESIAN_POINT('',(21.,2.,43.));
#2240 = DIRECTION('',(0.,1.,0.));
#2241 = DIRECTION('',(0.,-0.,1.));
#2242 = FACE_BOUND('',#2243,.T.);
#2243 = EDGE_LOOP('',(#2244,#2245,#2246,#2247));
#2244 = ORIENTED_EDGE('',*,*,#2137,.T.);
#2245 = ORIENTED_EDGE('',*,*,#2089,.T.);
#2246 = ORIENTED_EDGE('',*,*,#2113,.F.);
#2247 = ORIENTED_EDGE('',*,*,#2154,.F.);
#2248 = FACE_BOUND('',#2249,.T.);
#2249 = EDGE_LOOP('',(#2250));
#2250 = ORIENTED_EDGE('',*,*,#2251,.F.);
#2251 = EDGE_CURVE('',#2252,#2252,#2254,.T.);
#2252 = VERTEX_POINT('',#2253);
#2253 = CARTESIAN_POINT('',(21.,2.,124.));
#2254 = CIRCLE('',#2255,3.);
#2255 = AXIS2_PLACEMENT_3D('',#2256,#2257,#2258);
#2256 = CARTESIAN_POINT('',(21.,2.,121.));
#2257 = DIRECTION('',(0.,1.,0.));
#2258 = DIRECTION('',(0.,-0.,1.));
#2259 = PLANE('',#2260);
#2260 = AXIS2_PLACEMENT_3D('',#2261,#2262,#2263);
#2261 = CARTESIAN_POINT('',(-27.,2.,2.));
#2262 = DIRECTION('',(-0.,1.,0.));
#2263 = DIRECTION('',(0.,0.,1.));
#2264 = ADVANCED_FACE('',(#2265,#2298),#2324,.F.);
#2265 = FACE_BOUND('',#2266,.F.);
#2266 = EDGE_LOOP('',(#2267,#2275,#2283,#2291,#2297));
#2267 = ORIENTED_EDGE('',*,*,#2268,.F.);
#2268 = EDGE_CURVE('',#2269,#1687,#2271,.T.);
#2269 = VERTEX_POINT('',#2270);
#2270 = CARTESIAN_POINT('',(21.,31.01,112.5));
#2271 = LINE('',#2272,#2273);
#2272 = CARTESIAN_POINT('',(21.,31.01,112.5));
#2273 = VECTOR('',#2274,1.);
#2274 = DIRECTION('',(0.706563062257,-0.707650082353,0.));
#2275 = ORIENTED_EDGE('',*,*,#2276,.T.);
#2276 = EDGE_CURVE('',#2269,#2277,#2279,.T.);
#2277 = VERTEX_POINT('',#2278);
#2278 = CARTESIAN_POINT('',(21.,31.01,116.));
#2279 = LINE('',#2280,#2281);
#2280 = CARTESIAN_POINT('',(21.,31.01,112.5));
#2281 = VECTOR('',#2282,1.);
#2282 = DIRECTION('',(0.,0.,1.));
#2283 = ORIENTED_EDGE('',*,*,#2284,.T.);
#2284 = EDGE_CURVE('',#2277,#2285,#2287,.T.);
#2285 = VERTEX_POINT('',#2286);
#2286 = CARTESIAN_POINT('',(21.,31.01,119.5));
#2287 = LINE('',#2288,#2289);
#2288 = CARTESIAN_POINT('',(21.,31.01,112.5));
#2289 = VECTOR('',#2290,1.);
#2290 = DIRECTION('',(0.,0.,1.));
#2291 = ORIENTED_EDGE('',*,*,#2292,.T.);
#2292 = EDGE_CURVE('',#2285,#1695,#2293,.T.);
#2293 = LINE('',#2294,#2295);
#2294 = CARTESIAN_POINT('',(21.,31.01,119.5));
#2295 = VECTOR('',#2296,1.);
#2296 = DIRECTION('',(0.706563062257,-0.707650082353,0.));
#2297 = ORIENTED_EDGE('',*,*,#1694,.T.);
#2298 = FACE_BOUND('',#2299,.F.);
#2299 = EDGE_LOOP('',(#2300,#2309,#2318));
#2300 = ORIENTED_EDGE('',*,*,#2301,.F.);
#2301 = EDGE_CURVE('',#2277,#2302,#2304,.T.);
#2302 = VERTEX_POINT('',#2303);
#2303 = CARTESIAN_POINT('',(21.009984639017,31.,116.26418323206));
#2304 = ELLIPSE('',#2305,4.953556429655,3.5);
#2305 = AXIS2_PLACEMENT_3D('',#2306,#2307,#2308);
#2306 = CARTESIAN_POINT('',(24.5,27.504615384615,116.));
#2307 = DIRECTION('',(0.707650082353,0.706563062257,-0.));
#2308 = DIRECTION('',(-0.706563062257,0.707650082353,0.));
#2309 = ORIENTED_EDGE('',*,*,#2310,.F.);
#2310 = EDGE_CURVE('',#2311,#2277,#2313,.T.);
#2311 = VERTEX_POINT('',#2312);
#2312 = CARTESIAN_POINT('',(21.009984639017,31.,115.73581676793));
#2313 = ELLIPSE('',#2314,4.953556429655,3.5);
#2314 = AXIS2_PLACEMENT_3D('',#2315,#2316,#2317);
#2315 = CARTESIAN_POINT('',(24.5,27.504615384615,116.));
#2316 = DIRECTION('',(0.707650082353,0.706563062257,-0.));
#2317 = DIRECTION('',(-0.706563062257,0.707650082353,0.));
#2318 = ORIENTED_EDGE('',*,*,#2319,.F.);
#2319 = EDGE_CURVE('',#2302,#2311,#2320,.T.);
#2320 = LINE('',#2321,#2322);
#2321 = CARTESIAN_POINT('',(21.009984639017,31.,114.25));
#2322 = VECTOR('',#2323,1.);
#2323 = DIRECTION('',(-0.,0.,-1.));
#2324 = PLANE('',#2325);
#2325 = AXIS2_PLACEMENT_3D('',#2326,#2327,#2328);
#2326 = CARTESIAN_POINT('',(21.,31.01,112.5));
#2327 = DIRECTION('',(0.707650082353,0.706563062257,-0.));
#2328 = DIRECTION('',(0.706563062257,-0.707650082353,0.));
#2329 = ADVANCED_FACE('',(#2330,#2363),#2389,.F.);
#2330 = FACE_BOUND('',#2331,.F.);
#2331 = EDGE_LOOP('',(#2332,#2340,#2348,#2356,#2362));
#2332 = ORIENTED_EDGE('',*,*,#2333,.F.);
#2333 = EDGE_CURVE('',#2334,#1655,#2336,.T.);
#2334 = VERTEX_POINT('',#2335);
#2335 = CARTESIAN_POINT('',(21.,31.01,13.5));
#2336 = LINE('',#2337,#2338);
#2337 = CARTESIAN_POINT('',(21.,31.01,13.5));
#2338 = VECTOR('',#2339,1.);
#2339 = DIRECTION('',(0.706563062257,-0.707650082353,0.));
#2340 = ORIENTED_EDGE('',*,*,#2341,.T.);
#2341 = EDGE_CURVE('',#2334,#2342,#2344,.T.);
#2342 = VERTEX_POINT('',#2343);
#2343 = CARTESIAN_POINT('',(21.,31.01,17.));
#2344 = LINE('',#2345,#2346);
#2345 = CARTESIAN_POINT('',(21.,31.01,13.5));
#2346 = VECTOR('',#2347,1.);
#2347 = DIRECTION('',(0.,0.,1.));
#2348 = ORIENTED_EDGE('',*,*,#2349,.T.);
#2349 = EDGE_CURVE('',#2342,#2350,#2352,.T.);
#2350 = VERTEX_POINT('',#2351);
#2351 = CARTESIAN_POINT('',(21.,31.01,20.5));
#2352 = LINE('',#2353,#2354);
#2353 = CARTESIAN_POINT('',(21.,31.01,13.5));
#2354 = VECTOR('',#2355,1.);
#2355 = DIRECTION('',(0.,0.,1.));
#2356 = ORIENTED_EDGE('',*,*,#2357,.T.);
#2357 = EDGE_CURVE('',#2350,#1663,#2358,.T.);
#2358 = LINE('',#2359,#2360);
#2359 = CARTESIAN_POINT('',(21.,31.01,20.5));
#2360 = VECTOR('',#2361,1.);
#2361 = DIRECTION('',(0.706563062257,-0.707650082353,0.));
#2362 = ORIENTED_EDGE('',*,*,#1662,.T.);
#2363 = FACE_BOUND('',#2364,.F.);
#2364 = EDGE_LOOP('',(#2365,#2374,#2383));
#2365 = ORIENTED_EDGE('',*,*,#2366,.F.);
#2366 = EDGE_CURVE('',#2342,#2367,#2369,.T.);
#2367 = VERTEX_POINT('',#2368);
#2368 = CARTESIAN_POINT('',(21.009984639017,31.,17.264183232061));
#2369 = ELLIPSE('',#2370,4.953556429655,3.5);
#2370 = AXIS2_PLACEMENT_3D('',#2371,#2372,#2373);
#2371 = CARTESIAN_POINT('',(24.5,27.504615384615,17.));
#2372 = DIRECTION('',(0.707650082353,0.706563062257,-0.));
#2373 = DIRECTION('',(-0.706563062257,0.707650082353,0.));
#2374 = ORIENTED_EDGE('',*,*,#2375,.F.);
#2375 = EDGE_CURVE('',#2376,#2342,#2378,.T.);
#2376 = VERTEX_POINT('',#2377);
#2377 = CARTESIAN_POINT('',(21.009984639017,31.,16.735816767939));
#2378 = ELLIPSE('',#2379,4.953556429655,3.5);
#2379 = AXIS2_PLACEMENT_3D('',#2380,#2381,#2382);
#2380 = CARTESIAN_POINT('',(24.5,27.504615384615,17.));
#2381 = DIRECTION('',(0.707650082353,0.706563062257,-0.));
#2382 = DIRECTION('',(-0.706563062257,0.707650082353,0.));
#2383 = ORIENTED_EDGE('',*,*,#2384,.F.);
#2384 = EDGE_CURVE('',#2367,#2376,#2385,.T.);
#2385 = LINE('',#2386,#2387);
#2386 = CARTESIAN_POINT('',(21.009984639017,31.,15.25));
#2387 = VECTOR('',#2388,1.);
#2388 = DIRECTION('',(-0.,0.,-1.));
#2389 = PLANE('',#2390);
#2390 = AXIS2_PLACEMENT_3D('',#2391,#2392,#2393);
#2391 = CARTESIAN_POINT('',(21.,31.01,13.5));
#2392 = DIRECTION('',(0.707650082353,0.706563062257,-0.));
#2393 = DIRECTION('',(0.706563062257,-0.707650082353,0.));
#2394 = ADVANCED_FACE('',(#2395),#2420,.F.);
#2395 = FACE_BOUND('',#2396,.F.);
#2396 = EDGE_LOOP('',(#2397,#2405,#2406,#2414));
#2397 = ORIENTED_EDGE('',*,*,#2398,.F.);
#2398 = EDGE_CURVE('',#1784,#2399,#2401,.T.);
#2399 = VERTEX_POINT('',#2400);
#2400 = CARTESIAN_POINT('',(21.6,6.9,4.99));
#2401 = LINE('',#2402,#2403);
#2402 = CARTESIAN_POINT('',(21.6,6.9,1.99));
#2403 = VECTOR('',#2404,1.);
#2404 = DIRECTION('',(0.,0.,1.));
#2405 = ORIENTED_EDGE('',*,*,#1783,.T.);
#2406 = ORIENTED_EDGE('',*,*,#2407,.T.);
#2407 = EDGE_CURVE('',#1786,#2408,#2410,.T.);
#2408 = VERTEX_POINT('',#2409);
#2409 = CARTESIAN_POINT('',(-21.6,6.9,4.99));
#2410 = LINE('',#2411,#2412);
#2411 = CARTESIAN_POINT('',(-21.6,6.9,1.99));
#2412 = VECTOR('',#2413,1.);
#2413 = DIRECTION('',(0.,0.,1.));
#2414 = ORIENTED_EDGE('',*,*,#2415,.T.);
#2415 = EDGE_CURVE('',#2408,#2399,#2416,.T.);
#2416 = LINE('',#2417,#2418);
#2417 = CARTESIAN_POINT('',(-21.6,6.9,4.99));
#2418 = VECTOR('',#2419,1.);
#2419 = DIRECTION('',(1.,0.,-0.));
#2420 = PLANE('',#2421);
#2421 = AXIS2_PLACEMENT_3D('',#2422,#2423,#2424);
#2422 = CARTESIAN_POINT('',(-21.6,6.9,1.99));
#2423 = DIRECTION('',(-0.,1.,0.));
#2424 = DIRECTION('',(0.,0.,1.));
#2425 = ADVANCED_FACE('',(#2426),#2444,.T.);
#2426 = FACE_BOUND('',#2427,.T.);
#2427 = EDGE_LOOP('',(#2428,#2429,#2430,#2438));
#2428 = ORIENTED_EDGE('',*,*,#2398,.F.);
#2429 = ORIENTED_EDGE('',*,*,#1809,.T.);
#2430 = ORIENTED_EDGE('',*,*,#2431,.T.);
#2431 = EDGE_CURVE('',#1802,#2432,#2434,.T.);
#2432 = VERTEX_POINT('',#2433);
#2433 = CARTESIAN_POINT('',(21.6,38.1,4.99));
#2434 = LINE('',#2435,#2436);
#2435 = CARTESIAN_POINT('',(21.6,38.1,1.99));
#2436 = VECTOR('',#2437,1.);
#2437 = DIRECTION('',(0.,0.,1.));
#2438 = ORIENTED_EDGE('',*,*,#2439,.F.);
#2439 = EDGE_CURVE('',#2399,#2432,#2440,.T.);
#2440 = LINE('',#2441,#2442);
#2441 = CARTESIAN_POINT('',(21.6,6.9,4.99));
#2442 = VECTOR('',#2443,1.);
#2443 = DIRECTION('',(-0.,1.,0.));
#2444 = PLANE('',#2445);
#2445 = AXIS2_PLACEMENT_3D('',#2446,#2447,#2448);
#2446 = CARTESIAN_POINT('',(21.6,6.9,1.99));
#2447 = DIRECTION('',(1.,0.,-0.));
#2448 = DIRECTION('',(0.,0.,1.));
#2449 = ADVANCED_FACE('',(#2450),#2468,.T.);
#2450 = FACE_BOUND('',#2451,.T.);
#2451 = EDGE_LOOP('',(#2452,#2453,#2454,#2462));
#2452 = ORIENTED_EDGE('',*,*,#2431,.F.);
#2453 = ORIENTED_EDGE('',*,*,#1801,.T.);
#2454 = ORIENTED_EDGE('',*,*,#2455,.T.);
#2455 = EDGE_CURVE('',#1794,#2456,#2458,.T.);
#2456 = VERTEX_POINT('',#2457);
#2457 = CARTESIAN_POINT('',(-21.6,38.1,4.99));
#2458 = LINE('',#2459,#2460);
#2459 = CARTESIAN_POINT('',(-21.6,38.1,1.99));
#2460 = VECTOR('',#2461,1.);
#2461 = DIRECTION('',(0.,0.,1.));
#2462 = ORIENTED_EDGE('',*,*,#2463,.T.);
#2463 = EDGE_CURVE('',#2456,#2432,#2464,.T.);
#2464 = LINE('',#2465,#2466);
#2465 = CARTESIAN_POINT('',(-21.6,38.1,4.99));
#2466 = VECTOR('',#2467,1.);
#2467 = DIRECTION('',(1.,0.,-0.));
#2468 = PLANE('',#2469);
#2469 = AXIS2_PLACEMENT_3D('',#2470,#2471,#2472);
#2470 = CARTESIAN_POINT('',(-21.6,38.1,1.99));
#2471 = DIRECTION('',(-0.,1.,0.));
#2472 = DIRECTION('',(0.,0.,1.));
#2473 = ADVANCED_FACE('',(#2474),#2485,.F.);
#2474 = FACE_BOUND('',#2475,.F.);
#2475 = EDGE_LOOP('',(#2476,#2477,#2478,#2479));
#2476 = ORIENTED_EDGE('',*,*,#2407,.F.);
#2477 = ORIENTED_EDGE('',*,*,#1793,.T.);
#2478 = ORIENTED_EDGE('',*,*,#2455,.T.);
#2479 = ORIENTED_EDGE('',*,*,#2480,.F.);
#2480 = EDGE_CURVE('',#2408,#2456,#2481,.T.);
#2481 = LINE('',#2482,#2483);
#2482 = CARTESIAN_POINT('',(-21.6,6.9,4.99));
#2483 = VECTOR('',#2484,1.);
#2484 = DIRECTION('',(-0.,1.,0.));
#2485 = PLANE('',#2486);
#2486 = AXIS2_PLACEMENT_3D('',#2487,#2488,#2489);
#2487 = CARTESIAN_POINT('',(-21.6,6.9,1.99));
#2488 = DIRECTION('',(1.,0.,-0.));
#2489 = DIRECTION('',(0.,0.,1.));
#2490 = ADVANCED_FACE('',(#2491,#2524),#2550,.T.);
#2491 = FACE_BOUND('',#2492,.T.);
#2492 = EDGE_LOOP('',(#2493,#2501,#2509,#2517,#2523));
#2493 = ORIENTED_EDGE('',*,*,#2494,.F.);
#2494 = EDGE_CURVE('',#2495,#1904,#2497,.T.);
#2495 = VERTEX_POINT('',#2496);
#2496 = CARTESIAN_POINT('',(-21.,31.01,112.5));
#2497 = LINE('',#2498,#2499);
#2498 = CARTESIAN_POINT('',(-21.,31.01,112.5));
#2499 = VECTOR('',#2500,1.);
#2500 = DIRECTION('',(-0.706563062257,-0.707650082353,0.));
#2501 = ORIENTED_EDGE('',*,*,#2502,.T.);
#2502 = EDGE_CURVE('',#2495,#2503,#2505,.T.);
#2503 = VERTEX_POINT('',#2504);
#2504 = CARTESIAN_POINT('',(-21.,31.01,116.));
#2505 = LINE('',#2506,#2507);
#2506 = CARTESIAN_POINT('',(-21.,31.01,112.5));
#2507 = VECTOR('',#2508,1.);
#2508 = DIRECTION('',(0.,0.,1.));
#2509 = ORIENTED_EDGE('',*,*,#2510,.T.);
#2510 = EDGE_CURVE('',#2503,#2511,#2513,.T.);
#2511 = VERTEX_POINT('',#2512);
#2512 = CARTESIAN_POINT('',(-21.,31.01,119.5));
#2513 = LINE('',#2514,#2515);
#2514 = CARTESIAN_POINT('',(-21.,31.01,112.5));
#2515 = VECTOR('',#2516,1.);
#2516 = DIRECTION('',(0.,0.,1.));
#2517 = ORIENTED_EDGE('',*,*,#2518,.T.);
#2518 = EDGE_CURVE('',#2511,#1912,#2519,.T.);
#2519 = LINE('',#2520,#2521);
#2520 = CARTESIAN_POINT('',(-21.,31.01,119.5));
#2521 = VECTOR('',#2522,1.);
#2522 = DIRECTION('',(-0.706563062257,-0.707650082353,0.));
#2523 = ORIENTED_EDGE('',*,*,#1911,.F.);
#2524 = FACE_BOUND('',#2525,.T.);
#2525 = EDGE_LOOP('',(#2526,#2535,#2544));
#2526 = ORIENTED_EDGE('',*,*,#2527,.F.);
#2527 = EDGE_CURVE('',#2503,#2528,#2530,.T.);
#2528 = VERTEX_POINT('',#2529);
#2529 = CARTESIAN_POINT('',(-21.00998463901,31.,116.26418323206));
#2530 = ELLIPSE('',#2531,4.953556429655,3.5);
#2531 = AXIS2_PLACEMENT_3D('',#2532,#2533,#2534);
#2532 = CARTESIAN_POINT('',(-24.5,27.504615384615,116.));
#2533 = DIRECTION('',(0.707650082353,-0.706563062257,0.));
#2534 = DIRECTION('',(0.706563062257,0.707650082353,0.));
#2535 = ORIENTED_EDGE('',*,*,#2536,.F.);
#2536 = EDGE_CURVE('',#2537,#2503,#2539,.T.);
#2537 = VERTEX_POINT('',#2538);
#2538 = CARTESIAN_POINT('',(-21.00998463901,31.,115.73581676793));
#2539 = ELLIPSE('',#2540,4.953556429655,3.5);
#2540 = AXIS2_PLACEMENT_3D('',#2541,#2542,#2543);
#2541 = CARTESIAN_POINT('',(-24.5,27.504615384615,116.));
#2542 = DIRECTION('',(0.707650082353,-0.706563062257,0.));
#2543 = DIRECTION('',(0.706563062257,0.707650082353,0.));
#2544 = ORIENTED_EDGE('',*,*,#2545,.F.);
#2545 = EDGE_CURVE('',#2528,#2537,#2546,.T.);
#2546 = LINE('',#2547,#2548);
#2547 = CARTESIAN_POINT('',(-21.00998463901,31.,114.25));
#2548 = VECTOR('',#2549,1.);
#2549 = DIRECTION('',(0.,0.,-1.));
#2550 = PLANE('',#2551);
#2551 = AXIS2_PLACEMENT_3D('',#2552,#2553,#2554);
#2552 = CARTESIAN_POINT('',(-21.,31.01,112.5));
#2553 = DIRECTION('',(0.707650082353,-0.706563062257,0.));
#2554 = DIRECTION('',(-0.706563062257,-0.707650082353,0.));
#2555 = ADVANCED_FACE('',(#2556,#2589),#2615,.T.);
#2556 = FACE_BOUND('',#2557,.T.);
#2557 = EDGE_LOOP('',(#2558,#2566,#2574,#2582,#2588));
#2558 = ORIENTED_EDGE('',*,*,#2559,.F.);
#2559 = EDGE_CURVE('',#2560,#1872,#2562,.T.);
#2560 = VERTEX_POINT('',#2561);
#2561 = CARTESIAN_POINT('',(-21.,31.01,13.5));
#2562 = LINE('',#2563,#2564);
#2563 = CARTESIAN_POINT('',(-21.,31.01,13.5));
#2564 = VECTOR('',#2565,1.);
#2565 = DIRECTION('',(-0.706563062257,-0.707650082353,0.));
#2566 = ORIENTED_EDGE('',*,*,#2567,.T.);
#2567 = EDGE_CURVE('',#2560,#2568,#2570,.T.);
#2568 = VERTEX_POINT('',#2569);
#2569 = CARTESIAN_POINT('',(-21.,31.01,17.));
#2570 = LINE('',#2571,#2572);
#2571 = CARTESIAN_POINT('',(-21.,31.01,13.5));
#2572 = VECTOR('',#2573,1.);
#2573 = DIRECTION('',(0.,0.,1.));
#2574 = ORIENTED_EDGE('',*,*,#2575,.T.);
#2575 = EDGE_CURVE('',#2568,#2576,#2578,.T.);
#2576 = VERTEX_POINT('',#2577);
#2577 = CARTESIAN_POINT('',(-21.,31.01,20.5));
#2578 = LINE('',#2579,#2580);
#2579 = CARTESIAN_POINT('',(-21.,31.01,13.5));
#2580 = VECTOR('',#2581,1.);
#2581 = DIRECTION('',(0.,0.,1.));
#2582 = ORIENTED_EDGE('',*,*,#2583,.T.);
#2583 = EDGE_CURVE('',#2576,#1880,#2584,.T.);
#2584 = LINE('',#2585,#2586);
#2585 = CARTESIAN_POINT('',(-21.,31.01,20.5));
#2586 = VECTOR('',#2587,1.);
#2587 = DIRECTION('',(-0.706563062257,-0.707650082353,0.));
#2588 = ORIENTED_EDGE('',*,*,#1879,.F.);
#2589 = FACE_BOUND('',#2590,.T.);
#2590 = EDGE_LOOP('',(#2591,#2600,#2609));
#2591 = ORIENTED_EDGE('',*,*,#2592,.F.);
#2592 = EDGE_CURVE('',#2568,#2593,#2595,.T.);
#2593 = VERTEX_POINT('',#2594);
#2594 = CARTESIAN_POINT('',(-21.00998463901,31.,17.264183232061));
#2595 = ELLIPSE('',#2596,4.953556429655,3.5);
#2596 = AXIS2_PLACEMENT_3D('',#2597,#2598,#2599);
#2597 = CARTESIAN_POINT('',(-24.5,27.504615384615,17.));
#2598 = DIRECTION('',(0.707650082353,-0.706563062257,0.));
#2599 = DIRECTION('',(0.706563062257,0.707650082353,0.));
#2600 = ORIENTED_EDGE('',*,*,#2601,.F.);
#2601 = EDGE_CURVE('',#2602,#2568,#2604,.T.);
#2602 = VERTEX_POINT('',#2603);
#2603 = CARTESIAN_POINT('',(-21.00998463901,31.,16.735816767939));
#2604 = ELLIPSE('',#2605,4.953556429655,3.5);
#2605 = AXIS2_PLACEMENT_3D('',#2606,#2607,#2608);
#2606 = CARTESIAN_POINT('',(-24.5,27.504615384615,17.));
#2607 = DIRECTION('',(0.707650082353,-0.706563062257,0.));
#2608 = DIRECTION('',(0.706563062257,0.707650082353,0.));
#2609 = ORIENTED_EDGE('',*,*,#2610,.F.);
#2610 = EDGE_CURVE('',#2593,#2602,#2611,.T.);
#2611 = LINE('',#2612,#2613);
#2612 = CARTESIAN_POINT('',(-21.00998463901,31.,15.25));
#2613 = VECTOR('',#2614,1.);
#2614 = DIRECTION('',(0.,0.,-1.));
#2615 = PLANE('',#2616);
#2616 = AXIS2_PLACEMENT_3D('',#2617,#2618,#2619);
#2617 = CARTESIAN_POINT('',(-21.,31.01,13.5));
#2618 = DIRECTION('',(0.707650082353,-0.706563062257,0.));
#2619 = DIRECTION('',(-0.706563062257,-0.707650082353,0.));
#2620 = ADVANCED_FACE('',(#2621,#2655,#2676,#2697,#2718,#2739,#2760,
    #2781),#2802,.T.);
#2621 = FACE_BOUND('',#2622,.T.);
#2622 = EDGE_LOOP('',(#2623,#2633,#2641,#2649));
#2623 = ORIENTED_EDGE('',*,*,#2624,.F.);
#2624 = EDGE_CURVE('',#2625,#2627,#2629,.T.);
#2625 = VERTEX_POINT('',#2626);
#2626 = CARTESIAN_POINT('',(20.4,8.1,2.));
#2627 = VERTEX_POINT('',#2628);
#2628 = CARTESIAN_POINT('',(-20.4,8.1,2.));
#2629 = LINE('',#2630,#2631);
#2630 = CARTESIAN_POINT('',(-23.7,8.1,2.));
#2631 = VECTOR('',#2632,1.);
#2632 = DIRECTION('',(-1.,-0.,0.));
#2633 = ORIENTED_EDGE('',*,*,#2634,.T.);
#2634 = EDGE_CURVE('',#2625,#2635,#2637,.T.);
#2635 = VERTEX_POINT('',#2636);
#2636 = CARTESIAN_POINT('',(20.4,36.9,2.));
#2637 = LINE('',#2638,#2639);
#2638 = CARTESIAN_POINT('',(20.4,5.05,2.));
#2639 = VECTOR('',#2640,1.);
#2640 = DIRECTION('',(-0.,1.,0.));
#2641 = ORIENTED_EDGE('',*,*,#2642,.T.);
#2642 = EDGE_CURVE('',#2635,#2643,#2645,.T.);
#2643 = VERTEX_POINT('',#2644);
#2644 = CARTESIAN_POINT('',(-20.4,36.9,2.));
#2645 = LINE('',#2646,#2647);
#2646 = CARTESIAN_POINT('',(-23.7,36.9,2.));
#2647 = VECTOR('',#2648,1.);
#2648 = DIRECTION('',(-1.,-0.,0.));
#2649 = ORIENTED_EDGE('',*,*,#2650,.F.);
#2650 = EDGE_CURVE('',#2627,#2643,#2651,.T.);
#2651 = LINE('',#2652,#2653);
#2652 = CARTESIAN_POINT('',(-20.4,5.05,2.));
#2653 = VECTOR('',#2654,1.);
#2654 = DIRECTION('',(-0.,1.,0.));
#2655 = FACE_BOUND('',#2656,.T.);
#2656 = EDGE_LOOP('',(#2657,#2658,#2659,#2668,#2675));
#2657 = ORIENTED_EDGE('',*,*,#897,.F.);
#2658 = ORIENTED_EDGE('',*,*,#931,.F.);
#2659 = ORIENTED_EDGE('',*,*,#2660,.F.);
#2660 = EDGE_CURVE('',#2661,#932,#2663,.T.);
#2661 = VERTEX_POINT('',#2662);
#2662 = CARTESIAN_POINT('',(14.,12.5,2.));
#2663 = CIRCLE('',#2664,1.);
#2664 = AXIS2_PLACEMENT_3D('',#2665,#2666,#2667);
#2665 = CARTESIAN_POINT('',(13.,12.5,2.));
#2666 = DIRECTION('',(0.,0.,1.));
#2667 = DIRECTION('',(1.,0.,-0.));
#2668 = ORIENTED_EDGE('',*,*,#2669,.F.);
#2669 = EDGE_CURVE('',#956,#2661,#2670,.T.);
#2670 = CIRCLE('',#2671,1.);
#2671 = AXIS2_PLACEMENT_3D('',#2672,#2673,#2674);
#2672 = CARTESIAN_POINT('',(13.,12.5,2.));
#2673 = DIRECTION('',(0.,0.,1.));
#2674 = DIRECTION('',(1.,0.,-0.));
#2675 = ORIENTED_EDGE('',*,*,#955,.T.);
#2676 = FACE_BOUND('',#2677,.T.);
#2677 = EDGE_LOOP('',(#2678,#2679,#2680,#2689,#2696));
#2678 = ORIENTED_EDGE('',*,*,#977,.F.);
#2679 = ORIENTED_EDGE('',*,*,#1011,.F.);
#2680 = ORIENTED_EDGE('',*,*,#2681,.F.);
#2681 = EDGE_CURVE('',#2682,#1012,#2684,.T.);
#2682 = VERTEX_POINT('',#2683);
#2683 = CARTESIAN_POINT('',(14.,15.833333333333,2.));
#2684 = CIRCLE('',#2685,1.);
#2685 = AXIS2_PLACEMENT_3D('',#2686,#2687,#2688);
#2686 = CARTESIAN_POINT('',(13.,15.833333333333,2.));
#2687 = DIRECTION('',(0.,0.,1.));
#2688 = DIRECTION('',(1.,0.,-0.));
#2689 = ORIENTED_EDGE('',*,*,#2690,.F.);
#2690 = EDGE_CURVE('',#1036,#2682,#2691,.T.);
#2691 = CIRCLE('',#2692,1.);
#2692 = AXIS2_PLACEMENT_3D('',#2693,#2694,#2695);
#2693 = CARTESIAN_POINT('',(13.,15.833333333333,2.));
#2694 = DIRECTION('',(0.,0.,1.));
#2695 = DIRECTION('',(1.,0.,-0.));
#2696 = ORIENTED_EDGE('',*,*,#1035,.T.);
#2697 = FACE_BOUND('',#2698,.T.);
#2698 = EDGE_LOOP('',(#2699,#2700,#2701,#2710,#2717));
#2699 = ORIENTED_EDGE('',*,*,#1057,.F.);
#2700 = ORIENTED_EDGE('',*,*,#1091,.F.);
#2701 = ORIENTED_EDGE('',*,*,#2702,.F.);
#2702 = EDGE_CURVE('',#2703,#1092,#2705,.T.);
#2703 = VERTEX_POINT('',#2704);
#2704 = CARTESIAN_POINT('',(14.,19.166666666667,2.));
#2705 = CIRCLE('',#2706,1.);
#2706 = AXIS2_PLACEMENT_3D('',#2707,#2708,#2709);
#2707 = CARTESIAN_POINT('',(13.,19.166666666667,2.));
#2708 = DIRECTION('',(0.,0.,1.));
#2709 = DIRECTION('',(1.,0.,-0.));
#2710 = ORIENTED_EDGE('',*,*,#2711,.F.);
#2711 = EDGE_CURVE('',#1116,#2703,#2712,.T.);
#2712 = CIRCLE('',#2713,1.);
#2713 = AXIS2_PLACEMENT_3D('',#2714,#2715,#2716);
#2714 = CARTESIAN_POINT('',(13.,19.166666666667,2.));
#2715 = DIRECTION('',(0.,0.,1.));
#2716 = DIRECTION('',(1.,0.,-0.));
#2717 = ORIENTED_EDGE('',*,*,#1115,.T.);
#2718 = FACE_BOUND('',#2719,.T.);
#2719 = EDGE_LOOP('',(#2720,#2721,#2722,#2731,#2738));
#2720 = ORIENTED_EDGE('',*,*,#1137,.F.);
#2721 = ORIENTED_EDGE('',*,*,#1171,.F.);
#2722 = ORIENTED_EDGE('',*,*,#2723,.F.);
#2723 = EDGE_CURVE('',#2724,#1172,#2726,.T.);
#2724 = VERTEX_POINT('',#2725);
#2725 = CARTESIAN_POINT('',(14.,22.5,2.));
#2726 = CIRCLE('',#2727,1.);
#2727 = AXIS2_PLACEMENT_3D('',#2728,#2729,#2730);
#2728 = CARTESIAN_POINT('',(13.,22.5,2.));
#2729 = DIRECTION('',(0.,0.,1.));
#2730 = DIRECTION('',(1.,0.,-0.));
#2731 = ORIENTED_EDGE('',*,*,#2732,.F.);
#2732 = EDGE_CURVE('',#1196,#2724,#2733,.T.);
#2733 = CIRCLE('',#2734,1.);
#2734 = AXIS2_PLACEMENT_3D('',#2735,#2736,#2737);
#2735 = CARTESIAN_POINT('',(13.,22.5,2.));
#2736 = DIRECTION('',(0.,0.,1.));
#2737 = DIRECTION('',(1.,0.,-0.));
#2738 = ORIENTED_EDGE('',*,*,#1195,.T.);
#2739 = FACE_BOUND('',#2740,.T.);
#2740 = EDGE_LOOP('',(#2741,#2742,#2743,#2752,#2759));
#2741 = ORIENTED_EDGE('',*,*,#1217,.F.);
#2742 = ORIENTED_EDGE('',*,*,#1251,.F.);
#2743 = ORIENTED_EDGE('',*,*,#2744,.F.);
#2744 = EDGE_CURVE('',#2745,#1252,#2747,.T.);
#2745 = VERTEX_POINT('',#2746);
#2746 = CARTESIAN_POINT('',(14.,25.833333333333,2.));
#2747 = CIRCLE('',#2748,1.);
#2748 = AXIS2_PLACEMENT_3D('',#2749,#2750,#2751);
#2749 = CARTESIAN_POINT('',(13.,25.833333333333,2.));
#2750 = DIRECTION('',(0.,0.,1.));
#2751 = DIRECTION('',(1.,0.,-0.));
#2752 = ORIENTED_EDGE('',*,*,#2753,.F.);
#2753 = EDGE_CURVE('',#1276,#2745,#2754,.T.);
#2754 = CIRCLE('',#2755,1.);
#2755 = AXIS2_PLACEMENT_3D('',#2756,#2757,#2758);
#2756 = CARTESIAN_POINT('',(13.,25.833333333333,2.));
#2757 = DIRECTION('',(0.,0.,1.));
#2758 = DIRECTION('',(1.,0.,-0.));
#2759 = ORIENTED_EDGE('',*,*,#1275,.T.);
#2760 = FACE_BOUND('',#2761,.T.);
#2761 = EDGE_LOOP('',(#2762,#2763,#2764,#2773,#2780));
#2762 = ORIENTED_EDGE('',*,*,#1297,.F.);
#2763 = ORIENTED_EDGE('',*,*,#1331,.F.);
#2764 = ORIENTED_EDGE('',*,*,#2765,.F.);
#2765 = EDGE_CURVE('',#2766,#1332,#2768,.T.);
#2766 = VERTEX_POINT('',#2767);
#2767 = CARTESIAN_POINT('',(14.,29.166666666667,2.));
#2768 = CIRCLE('',#2769,1.);
#2769 = AXIS2_PLACEMENT_3D('',#2770,#2771,#2772);
#2770 = CARTESIAN_POINT('',(13.,29.166666666667,2.));
#2771 = DIRECTION('',(0.,0.,1.));
#2772 = DIRECTION('',(1.,0.,-0.));
#2773 = ORIENTED_EDGE('',*,*,#2774,.F.);
#2774 = EDGE_CURVE('',#1356,#2766,#2775,.T.);
#2775 = CIRCLE('',#2776,1.);
#2776 = AXIS2_PLACEMENT_3D('',#2777,#2778,#2779);
#2777 = CARTESIAN_POINT('',(13.,29.166666666667,2.));
#2778 = DIRECTION('',(0.,0.,1.));
#2779 = DIRECTION('',(1.,0.,-0.));
#2780 = ORIENTED_EDGE('',*,*,#1355,.T.);
#2781 = FACE_BOUND('',#2782,.T.);
#2782 = EDGE_LOOP('',(#2783,#2784,#2785,#2794,#2801));
#2783 = ORIENTED_EDGE('',*,*,#1377,.F.);
#2784 = ORIENTED_EDGE('',*,*,#1435,.F.);
#2785 = ORIENTED_EDGE('',*,*,#2786,.F.);
#2786 = EDGE_CURVE('',#2787,#1436,#2789,.T.);
#2787 = VERTEX_POINT('',#2788);
#2788 = CARTESIAN_POINT('',(14.,32.5,2.));
#2789 = CIRCLE('',#2790,1.);
#2790 = AXIS2_PLACEMENT_3D('',#2791,#2792,#2793);
#2791 = CARTESIAN_POINT('',(13.,32.5,2.));
#2792 = DIRECTION('',(0.,0.,1.));
#2793 = DIRECTION('',(1.,0.,-0.));
#2794 = ORIENTED_EDGE('',*,*,#2795,.F.);
#2795 = EDGE_CURVE('',#1412,#2787,#2796,.T.);
#2796 = CIRCLE('',#2797,1.);
#2797 = AXIS2_PLACEMENT_3D('',#2798,#2799,#2800);
#2798 = CARTESIAN_POINT('',(13.,32.5,2.));
#2799 = DIRECTION('',(0.,0.,1.));
#2800 = DIRECTION('',(1.,0.,-0.));
#2801 = ORIENTED_EDGE('',*,*,#1411,.T.);
#2802 = PLANE('',#2803);
#2803 = AXIS2_PLACEMENT_3D('',#2804,#2805,#2806);
#2804 = CARTESIAN_POINT('',(-27.,2.,2.));
#2805 = DIRECTION('',(0.,0.,1.));
#2806 = DIRECTION('',(1.,0.,-0.));
#2807 = ADVANCED_FACE('',(#2808,#2842),#2848,.T.);
#2808 = FACE_BOUND('',#2809,.T.);
#2809 = EDGE_LOOP('',(#2810,#2820,#2828,#2836));
#2810 = ORIENTED_EDGE('',*,*,#2811,.F.);
#2811 = EDGE_CURVE('',#2812,#2814,#2816,.T.);
#2812 = VERTEX_POINT('',#2813);
#2813 = CARTESIAN_POINT('',(-10.9,2.,12.6));
#2814 = VERTEX_POINT('',#2815);
#2815 = CARTESIAN_POINT('',(10.9,2.,12.6));
#2816 = LINE('',#2817,#2818);
#2817 = CARTESIAN_POINT('',(-10.9,2.,12.6));
#2818 = VECTOR('',#2819,1.);
#2819 = DIRECTION('',(1.,0.,-0.));
#2820 = ORIENTED_EDGE('',*,*,#2821,.T.);
#2821 = EDGE_CURVE('',#2812,#2822,#2824,.T.);
#2822 = VERTEX_POINT('',#2823);
#2823 = CARTESIAN_POINT('',(-10.9,2.,34.4));
#2824 = LINE('',#2825,#2826);
#2825 = CARTESIAN_POINT('',(-10.9,2.,12.6));
#2826 = VECTOR('',#2827,1.);
#2827 = DIRECTION('',(0.,0.,1.));
#2828 = ORIENTED_EDGE('',*,*,#2829,.T.);
#2829 = EDGE_CURVE('',#2822,#2830,#2832,.T.);
#2830 = VERTEX_POINT('',#2831);
#2831 = CARTESIAN_POINT('',(10.9,2.,34.4));
#2832 = LINE('',#2833,#2834);
#2833 = CARTESIAN_POINT('',(-10.9,2.,34.4));
#2834 = VECTOR('',#2835,1.);
#2835 = DIRECTION('',(1.,0.,-0.));
#2836 = ORIENTED_EDGE('',*,*,#2837,.F.);
#2837 = EDGE_CURVE('',#2814,#2830,#2838,.T.);
#2838 = LINE('',#2839,#2840);
#2839 = CARTESIAN_POINT('',(10.9,2.,12.6));
#2840 = VECTOR('',#2841,1.);
#2841 = DIRECTION('',(0.,0.,1.));
#2842 = FACE_BOUND('',#2843,.T.);
#2843 = EDGE_LOOP('',(#2844,#2845,#2846,#2847));
#2844 = ORIENTED_EDGE('',*,*,#2017,.T.);
#2845 = ORIENTED_EDGE('',*,*,#1993,.T.);
#2846 = ORIENTED_EDGE('',*,*,#2058,.F.);
#2847 = ORIENTED_EDGE('',*,*,#2041,.F.);
#2848 = PLANE('',#2849);
#2849 = AXIS2_PLACEMENT_3D('',#2850,#2851,#2852);
#2850 = CARTESIAN_POINT('',(-10.9,2.,12.6));
#2851 = DIRECTION('',(-0.,1.,0.));
#2852 = DIRECTION('',(0.,0.,1.));
#2853 = ADVANCED_FACE('',(#2854),#2873,.T.);
#2854 = FACE_BOUND('',#2855,.T.);
#2855 = EDGE_LOOP('',(#2856,#2864,#2871,#2872));
#2856 = ORIENTED_EDGE('',*,*,#2857,.T.);
#2857 = EDGE_CURVE('',#2179,#2858,#2860,.T.);
#2858 = VERTEX_POINT('',#2859);
#2859 = CARTESIAN_POINT('',(-21.,6.3,46.));
#2860 = LINE('',#2861,#2862);
#2861 = CARTESIAN_POINT('',(-21.,1.99,46.));
#2862 = VECTOR('',#2863,1.);
#2863 = DIRECTION('',(0.,1.,0.));
#2864 = ORIENTED_EDGE('',*,*,#2865,.F.);
#2865 = EDGE_CURVE('',#2858,#2858,#2866,.T.);
#2866 = CIRCLE('',#2867,3.);
#2867 = AXIS2_PLACEMENT_3D('',#2868,#2869,#2870);
#2868 = CARTESIAN_POINT('',(-21.,6.3,43.));
#2869 = DIRECTION('',(0.,1.,0.));
#2870 = DIRECTION('',(0.,-0.,1.));
#2871 = ORIENTED_EDGE('',*,*,#2857,.F.);
#2872 = ORIENTED_EDGE('',*,*,#2178,.T.);
#2873 = CYLINDRICAL_SURFACE('',#2874,3.);
#2874 = AXIS2_PLACEMENT_3D('',#2875,#2876,#2877);
#2875 = CARTESIAN_POINT('',(-21.,1.99,43.));
#2876 = DIRECTION('',(0.,1.,0.));
#2877 = DIRECTION('',(0.,-0.,1.));
#2878 = ADVANCED_FACE('',(#2879),#2898,.T.);
#2879 = FACE_BOUND('',#2880,.T.);
#2880 = EDGE_LOOP('',(#2881,#2889,#2896,#2897));
#2881 = ORIENTED_EDGE('',*,*,#2882,.T.);
#2882 = EDGE_CURVE('',#2190,#2883,#2885,.T.);
#2883 = VERTEX_POINT('',#2884);
#2884 = CARTESIAN_POINT('',(-21.,6.3,124.));
#2885 = LINE('',#2886,#2887);
#2886 = CARTESIAN_POINT('',(-21.,1.99,124.));
#2887 = VECTOR('',#2888,1.);
#2888 = DIRECTION('',(0.,1.,0.));
#2889 = ORIENTED_EDGE('',*,*,#2890,.F.);
#2890 = EDGE_CURVE('',#2883,#2883,#2891,.T.);
#2891 = CIRCLE('',#2892,3.);
#2892 = AXIS2_PLACEMENT_3D('',#2893,#2894,#2895);
#2893 = CARTESIAN_POINT('',(-21.,6.3,121.));
#2894 = DIRECTION('',(0.,1.,0.));
#2895 = DIRECTION('',(0.,-0.,1.));
#2896 = ORIENTED_EDGE('',*,*,#2882,.F.);
#2897 = ORIENTED_EDGE('',*,*,#2189,.T.);
#2898 = CYLINDRICAL_SURFACE('',#2899,3.);
#2899 = AXIS2_PLACEMENT_3D('',#2900,#2901,#2902);
#2900 = CARTESIAN_POINT('',(-21.,1.99,121.));
#2901 = DIRECTION('',(0.,1.,0.));
#2902 = DIRECTION('',(0.,-0.,1.));
#2903 = ADVANCED_FACE('',(#2904),#2929,.T.);
#2904 = FACE_BOUND('',#2905,.T.);
#2905 = EDGE_LOOP('',(#2906,#2914,#2915,#2923));
#2906 = ORIENTED_EDGE('',*,*,#2907,.F.);
#2907 = EDGE_CURVE('',#2201,#2908,#2910,.T.);
#2908 = VERTEX_POINT('',#2909);
#2909 = CARTESIAN_POINT('',(-12.5,17.99,36.));
#2910 = LINE('',#2911,#2912);
#2911 = CARTESIAN_POINT('',(-12.5,1.99,36.));
#2912 = VECTOR('',#2913,1.);
#2913 = DIRECTION('',(-0.,1.,0.));
#2914 = ORIENTED_EDGE('',*,*,#2200,.T.);
#2915 = ORIENTED_EDGE('',*,*,#2916,.T.);
#2916 = EDGE_CURVE('',#2203,#2917,#2919,.T.);
#2917 = VERTEX_POINT('',#2918);
#2918 = CARTESIAN_POINT('',(12.5,17.99,36.));
#2919 = LINE('',#2920,#2921);
#2920 = CARTESIAN_POINT('',(12.5,1.99,36.));
#2921 = VECTOR('',#2922,1.);
#2922 = DIRECTION('',(-0.,1.,0.));
#2923 = ORIENTED_EDGE('',*,*,#2924,.F.);
#2924 = EDGE_CURVE('',#2908,#2917,#2925,.T.);
#2925 = LINE('',#2926,#2927);
#2926 = CARTESIAN_POINT('',(-12.5,17.99,36.));
#2927 = VECTOR('',#2928,1.);
#2928 = DIRECTION('',(1.,0.,-0.));
#2929 = PLANE('',#2930);
#2930 = AXIS2_PLACEMENT_3D('',#2931,#2932,#2933);
#2931 = CARTESIAN_POINT('',(-12.5,1.99,36.));
#2932 = DIRECTION('',(0.,0.,1.));
#2933 = DIRECTION('',(1.,0.,-0.));
#2934 = ADVANCED_FACE('',(#2935),#2953,.T.);
#2935 = FACE_BOUND('',#2936,.T.);
#2936 = EDGE_LOOP('',(#2937,#2938,#2939,#2947));
#2937 = ORIENTED_EDGE('',*,*,#2916,.F.);
#2938 = ORIENTED_EDGE('',*,*,#2226,.T.);
#2939 = ORIENTED_EDGE('',*,*,#2940,.T.);
#2940 = EDGE_CURVE('',#2219,#2941,#2943,.T.);
#2941 = VERTEX_POINT('',#2942);
#2942 = CARTESIAN_POINT('',(12.5,17.99,11.));
#2943 = LINE('',#2944,#2945);
#2944 = CARTESIAN_POINT('',(12.5,1.99,11.));
#2945 = VECTOR('',#2946,1.);
#2946 = DIRECTION('',(-0.,1.,0.));
#2947 = ORIENTED_EDGE('',*,*,#2948,.T.);
#2948 = EDGE_CURVE('',#2941,#2917,#2949,.T.);
#2949 = LINE('',#2950,#2951);
#2950 = CARTESIAN_POINT('',(12.5,17.99,11.));
#2951 = VECTOR('',#2952,1.);
#2952 = DIRECTION('',(0.,0.,1.));
#2953 = PLANE('',#2954);
#2954 = AXIS2_PLACEMENT_3D('',#2955,#2956,#2957);
#2955 = CARTESIAN_POINT('',(12.5,1.99,11.));
#2956 = DIRECTION('',(1.,0.,-0.));
#2957 = DIRECTION('',(0.,0.,1.));
#2958 = ADVANCED_FACE('',(#2959),#2977,.F.);
#2959 = FACE_BOUND('',#2960,.F.);
#2960 = EDGE_LOOP('',(#2961,#2969,#2970,#2971));
#2961 = ORIENTED_EDGE('',*,*,#2962,.F.);
#2962 = EDGE_CURVE('',#2211,#2963,#2965,.T.);
#2963 = VERTEX_POINT('',#2964);
#2964 = CARTESIAN_POINT('',(-12.5,17.99,11.));
#2965 = LINE('',#2966,#2967);
#2966 = CARTESIAN_POINT('',(-12.5,1.99,11.));
#2967 = VECTOR('',#2968,1.);
#2968 = DIRECTION('',(-0.,1.,0.));
#2969 = ORIENTED_EDGE('',*,*,#2218,.T.);
#2970 = ORIENTED_EDGE('',*,*,#2940,.T.);
#2971 = ORIENTED_EDGE('',*,*,#2972,.F.);
#2972 = EDGE_CURVE('',#2963,#2941,#2973,.T.);
#2973 = LINE('',#2974,#2975);
#2974 = CARTESIAN_POINT('',(-12.5,17.99,11.));
#2975 = VECTOR('',#2976,1.);
#2976 = DIRECTION('',(1.,0.,-0.));
#2977 = PLANE('',#2978);
#2978 = AXIS2_PLACEMENT_3D('',#2979,#2980,#2981);
#2979 = CARTESIAN_POINT('',(-12.5,1.99,11.));
#2980 = DIRECTION('',(0.,0.,1.));
#2981 = DIRECTION('',(1.,0.,-0.));
#2982 = ADVANCED_FACE('',(#2983),#2994,.F.);
#2983 = FACE_BOUND('',#2984,.F.);
#2984 = EDGE_LOOP('',(#2985,#2986,#2987,#2988));
#2985 = ORIENTED_EDGE('',*,*,#2907,.F.);
#2986 = ORIENTED_EDGE('',*,*,#2210,.T.);
#2987 = ORIENTED_EDGE('',*,*,#2962,.T.);
#2988 = ORIENTED_EDGE('',*,*,#2989,.T.);
#2989 = EDGE_CURVE('',#2963,#2908,#2990,.T.);
#2990 = LINE('',#2991,#2992);
#2991 = CARTESIAN_POINT('',(-12.5,17.99,11.));
#2992 = VECTOR('',#2993,1.);
#2993 = DIRECTION('',(0.,0.,1.));
#2994 = PLANE('',#2995);
#2995 = AXIS2_PLACEMENT_3D('',#2996,#2997,#2998);
#2996 = CARTESIAN_POINT('',(-12.5,1.99,11.));
#2997 = DIRECTION('',(1.,0.,-0.));
#2998 = DIRECTION('',(0.,0.,1.));
#2999 = ADVANCED_FACE('',(#3000),#3019,.T.);
#3000 = FACE_BOUND('',#3001,.T.);
#3001 = EDGE_LOOP('',(#3002,#3010,#3017,#3018));
#3002 = ORIENTED_EDGE('',*,*,#3003,.T.);
#3003 = EDGE_CURVE('',#2235,#3004,#3006,.T.);
#3004 = VERTEX_POINT('',#3005);
#3005 = CARTESIAN_POINT('',(21.,6.3,46.));
#3006 = LINE('',#3007,#3008);
#3007 = CARTESIAN_POINT('',(21.,1.99,46.));
#3008 = VECTOR('',#3009,1.);
#3009 = DIRECTION('',(0.,1.,0.));
#3010 = ORIENTED_EDGE('',*,*,#3011,.F.);
#3011 = EDGE_CURVE('',#3004,#3004,#3012,.T.);
#3012 = CIRCLE('',#3013,3.);
#3013 = AXIS2_PLACEMENT_3D('',#3014,#3015,#3016);
#3014 = CARTESIAN_POINT('',(21.,6.3,43.));
#3015 = DIRECTION('',(0.,1.,0.));
#3016 = DIRECTION('',(0.,-0.,1.));
#3017 = ORIENTED_EDGE('',*,*,#3003,.F.);
#3018 = ORIENTED_EDGE('',*,*,#2234,.T.);
#3019 = CYLINDRICAL_SURFACE('',#3020,3.);
#3020 = AXIS2_PLACEMENT_3D('',#3021,#3022,#3023);
#3021 = CARTESIAN_POINT('',(21.,1.99,43.));
#3022 = DIRECTION('',(0.,1.,0.));
#3023 = DIRECTION('',(0.,-0.,1.));
#3024 = ADVANCED_FACE('',(#3025),#3044,.T.);
#3025 = FACE_BOUND('',#3026,.T.);
#3026 = EDGE_LOOP('',(#3027,#3035,#3042,#3043));
#3027 = ORIENTED_EDGE('',*,*,#3028,.T.);
#3028 = EDGE_CURVE('',#2252,#3029,#3031,.T.);
#3029 = VERTEX_POINT('',#3030);
#3030 = CARTESIAN_POINT('',(21.,6.3,124.));
#3031 = LINE('',#3032,#3033);
#3032 = CARTESIAN_POINT('',(21.,1.99,124.));
#3033 = VECTOR('',#3034,1.);
#3034 = DIRECTION('',(0.,1.,0.));
#3035 = ORIENTED_EDGE('',*,*,#3036,.F.);
#3036 = EDGE_CURVE('',#3029,#3029,#3037,.T.);
#3037 = CIRCLE('',#3038,3.);
#3038 = AXIS2_PLACEMENT_3D('',#3039,#3040,#3041);
#3039 = CARTESIAN_POINT('',(21.,6.3,121.));
#3040 = DIRECTION('',(0.,1.,0.));
#3041 = DIRECTION('',(0.,-0.,1.));
#3042 = ORIENTED_EDGE('',*,*,#3028,.F.);
#3043 = ORIENTED_EDGE('',*,*,#2251,.T.);
#3044 = CYLINDRICAL_SURFACE('',#3045,3.);
#3045 = AXIS2_PLACEMENT_3D('',#3046,#3047,#3048);
#3046 = CARTESIAN_POINT('',(21.,1.99,121.));
#3047 = DIRECTION('',(0.,1.,0.));
#3048 = DIRECTION('',(0.,-0.,1.));
#3049 = ADVANCED_FACE('',(#3050),#3068,.F.);
#3050 = FACE_BOUND('',#3051,.F.);
#3051 = EDGE_LOOP('',(#3052,#3053,#3062));
#3052 = ORIENTED_EDGE('',*,*,#2284,.F.);
#3053 = ORIENTED_EDGE('',*,*,#3054,.T.);
#3054 = EDGE_CURVE('',#2277,#3055,#3057,.T.);
#3055 = VERTEX_POINT('',#3056);
#3056 = CARTESIAN_POINT('',(24.5,31.01,119.5));
#3057 = CIRCLE('',#3058,3.5);
#3058 = AXIS2_PLACEMENT_3D('',#3059,#3060,#3061);
#3059 = CARTESIAN_POINT('',(24.5,31.01,116.));
#3060 = DIRECTION('',(0.,1.,0.));
#3061 = DIRECTION('',(0.,-0.,1.));
#3062 = ORIENTED_EDGE('',*,*,#3063,.T.);
#3063 = EDGE_CURVE('',#3055,#2285,#3064,.T.);
#3064 = LINE('',#3065,#3066);
#3065 = CARTESIAN_POINT('',(27.5,31.01,119.5));
#3066 = VECTOR('',#3067,1.);
#3067 = DIRECTION('',(-1.,0.,0.));
#3068 = PLANE('',#3069);
#3069 = AXIS2_PLACEMENT_3D('',#3070,#3071,#3072);
#3070 = CARTESIAN_POINT('',(27.5,31.01,112.5));
#3071 = DIRECTION('',(0.,-1.,0.));
#3072 = DIRECTION('',(-1.,0.,0.));
#3073 = ADVANCED_FACE('',(#3074),#3109,.T.);
#3074 = FACE_BOUND('',#3075,.T.);
#3075 = EDGE_LOOP('',(#3076,#3087,#3095,#3102,#3103));
#3076 = ORIENTED_EDGE('',*,*,#3077,.F.);
#3077 = EDGE_CURVE('',#3078,#3080,#3082,.T.);
#3078 = VERTEX_POINT('',#3079);
#3079 = CARTESIAN_POINT('',(24.5,43.,112.5));
#3080 = VERTEX_POINT('',#3081);
#3081 = CARTESIAN_POINT('',(24.5,43.,119.5));
#3082 = CIRCLE('',#3083,3.5);
#3083 = AXIS2_PLACEMENT_3D('',#3084,#3085,#3086);
#3084 = CARTESIAN_POINT('',(24.5,43.,116.));
#3085 = DIRECTION('',(0.,1.,0.));
#3086 = DIRECTION('',(0.,-0.,1.));
#3087 = ORIENTED_EDGE('',*,*,#3088,.F.);
#3088 = EDGE_CURVE('',#3089,#3078,#3091,.T.);
#3089 = VERTEX_POINT('',#3090);
#3090 = CARTESIAN_POINT('',(24.5,31.01,112.5));
#3091 = LINE('',#3092,#3093);
#3092 = CARTESIAN_POINT('',(24.5,31.,112.5));
#3093 = VECTOR('',#3094,1.);
#3094 = DIRECTION('',(-0.,1.,0.));
#3095 = ORIENTED_EDGE('',*,*,#3096,.T.);
#3096 = EDGE_CURVE('',#3089,#2277,#3097,.T.);
#3097 = CIRCLE('',#3098,3.5);
#3098 = AXIS2_PLACEMENT_3D('',#3099,#3100,#3101);
#3099 = CARTESIAN_POINT('',(24.5,31.01,116.));
#3100 = DIRECTION('',(0.,1.,0.));
#3101 = DIRECTION('',(0.,-0.,1.));
#3102 = ORIENTED_EDGE('',*,*,#3054,.T.);
#3103 = ORIENTED_EDGE('',*,*,#3104,.T.);
#3104 = EDGE_CURVE('',#3055,#3080,#3105,.T.);
#3105 = LINE('',#3106,#3107);
#3106 = CARTESIAN_POINT('',(24.5,31.,119.5));
#3107 = VECTOR('',#3108,1.);
#3108 = DIRECTION('',(0.,1.,0.));
#3109 = CYLINDRICAL_SURFACE('',#3110,3.5);
#3110 = AXIS2_PLACEMENT_3D('',#3111,#3112,#3113);
#3111 = CARTESIAN_POINT('',(24.5,31.,116.));
#3112 = DIRECTION('',(0.,1.,0.));
#3113 = DIRECTION('',(0.,-0.,1.));
#3114 = ADVANCED_FACE('',(#3115),#3125,.F.);
#3115 = FACE_BOUND('',#3116,.F.);
#3116 = EDGE_LOOP('',(#3117,#3123,#3124));
#3117 = ORIENTED_EDGE('',*,*,#3118,.F.);
#3118 = EDGE_CURVE('',#3089,#2269,#3119,.T.);
#3119 = LINE('',#3120,#3121);
#3120 = CARTESIAN_POINT('',(27.5,31.01,112.5));
#3121 = VECTOR('',#3122,1.);
#3122 = DIRECTION('',(-1.,0.,0.));
#3123 = ORIENTED_EDGE('',*,*,#3096,.T.);
#3124 = ORIENTED_EDGE('',*,*,#2276,.F.);
#3125 = PLANE('',#3126);
#3126 = AXIS2_PLACEMENT_3D('',#3127,#3128,#3129);
#3127 = CARTESIAN_POINT('',(27.5,31.01,112.5));
#3128 = DIRECTION('',(0.,-1.,0.));
#3129 = DIRECTION('',(-1.,0.,0.));
#3130 = ADVANCED_FACE('',(#3131),#3142,.T.);
#3131 = FACE_BOUND('',#3132,.T.);
#3132 = EDGE_LOOP('',(#3133,#3134,#3135));
#3133 = ORIENTED_EDGE('',*,*,#2301,.F.);
#3134 = ORIENTED_EDGE('',*,*,#2310,.F.);
#3135 = ORIENTED_EDGE('',*,*,#3136,.T.);
#3136 = EDGE_CURVE('',#2311,#2302,#3137,.T.);
#3137 = CIRCLE('',#3138,3.5);
#3138 = AXIS2_PLACEMENT_3D('',#3139,#3140,#3141);
#3139 = CARTESIAN_POINT('',(24.5,31.,116.));
#3140 = DIRECTION('',(0.,1.,0.));
#3141 = DIRECTION('',(0.,-0.,1.));
#3142 = CYLINDRICAL_SURFACE('',#3143,3.5);
#3143 = AXIS2_PLACEMENT_3D('',#3144,#3145,#3146);
#3144 = CARTESIAN_POINT('',(24.5,31.,116.));
#3145 = DIRECTION('',(0.,1.,0.));
#3146 = DIRECTION('',(0.,-0.,1.));
#3147 = ADVANCED_FACE('',(#3148),#3152,.F.);
#3148 = FACE_BOUND('',#3149,.F.);
#3149 = EDGE_LOOP('',(#3150,#3151));
#3150 = ORIENTED_EDGE('',*,*,#2319,.T.);
#3151 = ORIENTED_EDGE('',*,*,#3136,.T.);
#3152 = PLANE('',#3153);
#3153 = AXIS2_PLACEMENT_3D('',#3154,#3155,#3156);
#3154 = CARTESIAN_POINT('',(24.5,31.,116.));
#3155 = DIRECTION('',(0.,1.,0.));
#3156 = DIRECTION('',(0.,-0.,1.));
#3157 = ADVANCED_FACE('',(#3158),#3176,.F.);
#3158 = FACE_BOUND('',#3159,.F.);
#3159 = EDGE_LOOP('',(#3160,#3161,#3170));
#3160 = ORIENTED_EDGE('',*,*,#2349,.F.);
#3161 = ORIENTED_EDGE('',*,*,#3162,.T.);
#3162 = EDGE_CURVE('',#2342,#3163,#3165,.T.);
#3163 = VERTEX_POINT('',#3164);
#3164 = CARTESIAN_POINT('',(24.5,31.01,20.5));
#3165 = CIRCLE('',#3166,3.5);
#3166 = AXIS2_PLACEMENT_3D('',#3167,#3168,#3169);
#3167 = CARTESIAN_POINT('',(24.5,31.01,17.));
#3168 = DIRECTION('',(0.,1.,0.));
#3169 = DIRECTION('',(0.,-0.,1.));
#3170 = ORIENTED_EDGE('',*,*,#3171,.T.);
#3171 = EDGE_CURVE('',#3163,#2350,#3172,.T.);
#3172 = LINE('',#3173,#3174);
#3173 = CARTESIAN_POINT('',(27.5,31.01,20.5));
#3174 = VECTOR('',#3175,1.);
#3175 = DIRECTION('',(-1.,0.,0.));
#3176 = PLANE('',#3177);
#3177 = AXIS2_PLACEMENT_3D('',#3178,#3179,#3180);
#3178 = CARTESIAN_POINT('',(27.5,31.01,13.5));
#3179 = DIRECTION('',(0.,-1.,0.));
#3180 = DIRECTION('',(-1.,0.,0.));
#3181 = ADVANCED_FACE('',(#3182),#3217,.T.);
#3182 = FACE_BOUND('',#3183,.T.);
#3183 = EDGE_LOOP('',(#3184,#3195,#3203,#3210,#3211));
#3184 = ORIENTED_EDGE('',*,*,#3185,.F.);
#3185 = EDGE_CURVE('',#3186,#3188,#3190,.T.);
#3186 = VERTEX_POINT('',#3187);
#3187 = CARTESIAN_POINT('',(24.5,43.,13.5));
#3188 = VERTEX_POINT('',#3189);
#3189 = CARTESIAN_POINT('',(24.5,43.,20.5));
#3190 = CIRCLE('',#3191,3.5);
#3191 = AXIS2_PLACEMENT_3D('',#3192,#3193,#3194);
#3192 = CARTESIAN_POINT('',(24.5,43.,17.));
#3193 = DIRECTION('',(0.,1.,0.));
#3194 = DIRECTION('',(0.,-0.,1.));
#3195 = ORIENTED_EDGE('',*,*,#3196,.F.);
#3196 = EDGE_CURVE('',#3197,#3186,#3199,.T.);
#3197 = VERTEX_POINT('',#3198);
#3198 = CARTESIAN_POINT('',(24.5,31.01,13.5));
#3199 = LINE('',#3200,#3201);
#3200 = CARTESIAN_POINT('',(24.5,31.,13.5));
#3201 = VECTOR('',#3202,1.);
#3202 = DIRECTION('',(-0.,1.,0.));
#3203 = ORIENTED_EDGE('',*,*,#3204,.T.);
#3204 = EDGE_CURVE('',#3197,#2342,#3205,.T.);
#3205 = CIRCLE('',#3206,3.5);
#3206 = AXIS2_PLACEMENT_3D('',#3207,#3208,#3209);
#3207 = CARTESIAN_POINT('',(24.5,31.01,17.));
#3208 = DIRECTION('',(0.,1.,0.));
#3209 = DIRECTION('',(0.,-0.,1.));
#3210 = ORIENTED_EDGE('',*,*,#3162,.T.);
#3211 = ORIENTED_EDGE('',*,*,#3212,.T.);
#3212 = EDGE_CURVE('',#3163,#3188,#3213,.T.);
#3213 = LINE('',#3214,#3215);
#3214 = CARTESIAN_POINT('',(24.5,31.,20.5));
#3215 = VECTOR('',#3216,1.);
#3216 = DIRECTION('',(0.,1.,0.));
#3217 = CYLINDRICAL_SURFACE('',#3218,3.5);
#3218 = AXIS2_PLACEMENT_3D('',#3219,#3220,#3221);
#3219 = CARTESIAN_POINT('',(24.5,31.,17.));
#3220 = DIRECTION('',(0.,1.,0.));
#3221 = DIRECTION('',(0.,-0.,1.));
#3222 = ADVANCED_FACE('',(#3223),#3233,.F.);
#3223 = FACE_BOUND('',#3224,.F.);
#3224 = EDGE_LOOP('',(#3225,#3231,#3232));
#3225 = ORIENTED_EDGE('',*,*,#3226,.F.);
#3226 = EDGE_CURVE('',#3197,#2334,#3227,.T.);
#3227 = LINE('',#3228,#3229);
#3228 = CARTESIAN_POINT('',(27.5,31.01,13.5));
#3229 = VECTOR('',#3230,1.);
#3230 = DIRECTION('',(-1.,0.,0.));
#3231 = ORIENTED_EDGE('',*,*,#3204,.T.);
#3232 = ORIENTED_EDGE('',*,*,#2341,.F.);
#3233 = PLANE('',#3234);
#3234 = AXIS2_PLACEMENT_3D('',#3235,#3236,#3237);
#3235 = CARTESIAN_POINT('',(27.5,31.01,13.5));
#3236 = DIRECTION('',(0.,-1.,0.));
#3237 = DIRECTION('',(-1.,0.,0.));
#3238 = ADVANCED_FACE('',(#3239),#3250,.T.);
#3239 = FACE_BOUND('',#3240,.T.);
#3240 = EDGE_LOOP('',(#3241,#3242,#3243));
#3241 = ORIENTED_EDGE('',*,*,#2366,.F.);
#3242 = ORIENTED_EDGE('',*,*,#2375,.F.);
#3243 = ORIENTED_EDGE('',*,*,#3244,.T.);
#3244 = EDGE_CURVE('',#2376,#2367,#3245,.T.);
#3245 = CIRCLE('',#3246,3.5);
#3246 = AXIS2_PLACEMENT_3D('',#3247,#3248,#3249);
#3247 = CARTESIAN_POINT('',(24.5,31.,17.));
#3248 = DIRECTION('',(0.,1.,0.));
#3249 = DIRECTION('',(0.,-0.,1.));
#3250 = CYLINDRICAL_SURFACE('',#3251,3.5);
#3251 = AXIS2_PLACEMENT_3D('',#3252,#3253,#3254);
#3252 = CARTESIAN_POINT('',(24.5,31.,17.));
#3253 = DIRECTION('',(0.,1.,0.));
#3254 = DIRECTION('',(0.,-0.,1.));
#3255 = ADVANCED_FACE('',(#3256),#3260,.F.);
#3256 = FACE_BOUND('',#3257,.F.);
#3257 = EDGE_LOOP('',(#3258,#3259));
#3258 = ORIENTED_EDGE('',*,*,#2384,.T.);
#3259 = ORIENTED_EDGE('',*,*,#3244,.T.);
#3260 = PLANE('',#3261);
#3261 = AXIS2_PLACEMENT_3D('',#3262,#3263,#3264);
#3262 = CARTESIAN_POINT('',(24.5,31.,17.));
#3263 = DIRECTION('',(0.,1.,0.));
#3264 = DIRECTION('',(0.,-0.,1.));
#3265 = ADVANCED_FACE('',(#3266,#3272),#3306,.T.);
#3266 = FACE_BOUND('',#3267,.T.);
#3267 = EDGE_LOOP('',(#3268,#3269,#3270,#3271));
#3268 = ORIENTED_EDGE('',*,*,#2480,.F.);
#3269 = ORIENTED_EDGE('',*,*,#2415,.T.);
#3270 = ORIENTED_EDGE('',*,*,#2439,.T.);
#3271 = ORIENTED_EDGE('',*,*,#2463,.F.);
#3272 = FACE_BOUND('',#3273,.T.);
#3273 = EDGE_LOOP('',(#3274,#3284,#3292,#3300));
#3274 = ORIENTED_EDGE('',*,*,#3275,.T.);
#3275 = EDGE_CURVE('',#3276,#3278,#3280,.T.);
#3276 = VERTEX_POINT('',#3277);
#3277 = CARTESIAN_POINT('',(20.4,8.1,4.99));
#3278 = VERTEX_POINT('',#3279);
#3279 = CARTESIAN_POINT('',(-20.4,8.1,4.99));
#3280 = LINE('',#3281,#3282);
#3281 = CARTESIAN_POINT('',(-21.,8.1,4.99));
#3282 = VECTOR('',#3283,1.);
#3283 = DIRECTION('',(-1.,-0.,0.));
#3284 = ORIENTED_EDGE('',*,*,#3285,.T.);
#3285 = EDGE_CURVE('',#3278,#3286,#3288,.T.);
#3286 = VERTEX_POINT('',#3287);
#3287 = CARTESIAN_POINT('',(-20.4,36.9,4.99));
#3288 = LINE('',#3289,#3290);
#3289 = CARTESIAN_POINT('',(-20.4,7.5,4.99));
#3290 = VECTOR('',#3291,1.);
#3291 = DIRECTION('',(-0.,1.,0.));
#3292 = ORIENTED_EDGE('',*,*,#3293,.F.);
#3293 = EDGE_CURVE('',#3294,#3286,#3296,.T.);
#3294 = VERTEX_POINT('',#3295);
#3295 = CARTESIAN_POINT('',(20.4,36.9,4.99));
#3296 = LINE('',#3297,#3298);
#3297 = CARTESIAN_POINT('',(-21.,36.9,4.99));
#3298 = VECTOR('',#3299,1.);
#3299 = DIRECTION('',(-1.,-0.,0.));
#3300 = ORIENTED_EDGE('',*,*,#3301,.F.);
#3301 = EDGE_CURVE('',#3276,#3294,#3302,.T.);
#3302 = LINE('',#3303,#3304);
#3303 = CARTESIAN_POINT('',(20.4,7.5,4.99));
#3304 = VECTOR('',#3305,1.);
#3305 = DIRECTION('',(-0.,1.,0.));
#3306 = PLANE('',#3307);
#3307 = AXIS2_PLACEMENT_3D('',#3308,#3309,#3310);
#3308 = CARTESIAN_POINT('',(-21.6,6.9,4.99));
#3309 = DIRECTION('',(0.,0.,1.));
#3310 = DIRECTION('',(1.,0.,-0.));
#3311 = ADVANCED_FACE('',(#3312),#3330,.T.);
#3312 = FACE_BOUND('',#3313,.T.);
#3313 = EDGE_LOOP('',(#3314,#3315,#3324));
#3314 = ORIENTED_EDGE('',*,*,#2510,.F.);
#3315 = ORIENTED_EDGE('',*,*,#3316,.F.);
#3316 = EDGE_CURVE('',#3317,#2503,#3319,.T.);
#3317 = VERTEX_POINT('',#3318);
#3318 = CARTESIAN_POINT('',(-24.5,31.01,119.5));
#3319 = CIRCLE('',#3320,3.5);
#3320 = AXIS2_PLACEMENT_3D('',#3321,#3322,#3323);
#3321 = CARTESIAN_POINT('',(-24.5,31.01,116.));
#3322 = DIRECTION('',(0.,1.,0.));
#3323 = DIRECTION('',(0.,-0.,1.));
#3324 = ORIENTED_EDGE('',*,*,#3325,.T.);
#3325 = EDGE_CURVE('',#3317,#2511,#3326,.T.);
#3326 = LINE('',#3327,#3328);
#3327 = CARTESIAN_POINT('',(-27.5,31.01,119.5));
#3328 = VECTOR('',#3329,1.);
#3329 = DIRECTION('',(1.,0.,0.));
#3330 = PLANE('',#3331);
#3331 = AXIS2_PLACEMENT_3D('',#3332,#3333,#3334);
#3332 = CARTESIAN_POINT('',(-27.5,31.01,112.5));
#3333 = DIRECTION('',(0.,1.,0.));
#3334 = DIRECTION('',(1.,0.,0.));
#3335 = ADVANCED_FACE('',(#3336),#3371,.T.);
#3336 = FACE_BOUND('',#3337,.T.);
#3337 = EDGE_LOOP('',(#3338,#3349,#3355,#3356,#3365));
#3338 = ORIENTED_EDGE('',*,*,#3339,.F.);
#3339 = EDGE_CURVE('',#3340,#3342,#3344,.T.);
#3340 = VERTEX_POINT('',#3341);
#3341 = CARTESIAN_POINT('',(-24.5,43.,119.5));
#3342 = VERTEX_POINT('',#3343);
#3343 = CARTESIAN_POINT('',(-24.5,43.,112.5));
#3344 = CIRCLE('',#3345,3.5);
#3345 = AXIS2_PLACEMENT_3D('',#3346,#3347,#3348);
#3346 = CARTESIAN_POINT('',(-24.5,43.,116.));
#3347 = DIRECTION('',(0.,1.,0.));
#3348 = DIRECTION('',(0.,-0.,1.));
#3349 = ORIENTED_EDGE('',*,*,#3350,.F.);
#3350 = EDGE_CURVE('',#3317,#3340,#3351,.T.);
#3351 = LINE('',#3352,#3353);
#3352 = CARTESIAN_POINT('',(-24.5,31.,119.5));
#3353 = VECTOR('',#3354,1.);
#3354 = DIRECTION('',(0.,1.,0.));
#3355 = ORIENTED_EDGE('',*,*,#3316,.T.);
#3356 = ORIENTED_EDGE('',*,*,#3357,.T.);
#3357 = EDGE_CURVE('',#2503,#3358,#3360,.T.);
#3358 = VERTEX_POINT('',#3359);
#3359 = CARTESIAN_POINT('',(-24.5,31.01,112.5));
#3360 = CIRCLE('',#3361,3.5);
#3361 = AXIS2_PLACEMENT_3D('',#3362,#3363,#3364);
#3362 = CARTESIAN_POINT('',(-24.5,31.01,116.));
#3363 = DIRECTION('',(0.,1.,0.));
#3364 = DIRECTION('',(0.,-0.,1.));
#3365 = ORIENTED_EDGE('',*,*,#3366,.T.);
#3366 = EDGE_CURVE('',#3358,#3342,#3367,.T.);
#3367 = LINE('',#3368,#3369);
#3368 = CARTESIAN_POINT('',(-24.5,31.,112.5));
#3369 = VECTOR('',#3370,1.);
#3370 = DIRECTION('',(-0.,1.,0.));
#3371 = CYLINDRICAL_SURFACE('',#3372,3.5);
#3372 = AXIS2_PLACEMENT_3D('',#3373,#3374,#3375);
#3373 = CARTESIAN_POINT('',(-24.5,31.,116.));
#3374 = DIRECTION('',(0.,1.,0.));
#3375 = DIRECTION('',(0.,-0.,1.));
#3376 = ADVANCED_FACE('',(#3377),#3387,.T.);
#3377 = FACE_BOUND('',#3378,.T.);
#3378 = EDGE_LOOP('',(#3379,#3385,#3386));
#3379 = ORIENTED_EDGE('',*,*,#3380,.F.);
#3380 = EDGE_CURVE('',#3358,#2495,#3381,.T.);
#3381 = LINE('',#3382,#3383);
#3382 = CARTESIAN_POINT('',(-27.5,31.01,112.5));
#3383 = VECTOR('',#3384,1.);
#3384 = DIRECTION('',(1.,0.,0.));
#3385 = ORIENTED_EDGE('',*,*,#3357,.F.);
#3386 = ORIENTED_EDGE('',*,*,#2502,.F.);
#3387 = PLANE('',#3388);
#3388 = AXIS2_PLACEMENT_3D('',#3389,#3390,#3391);
#3389 = CARTESIAN_POINT('',(-27.5,31.01,112.5));
#3390 = DIRECTION('',(0.,1.,0.));
#3391 = DIRECTION('',(1.,0.,0.));
#3392 = ADVANCED_FACE('',(#3393),#3404,.T.);
#3393 = FACE_BOUND('',#3394,.T.);
#3394 = EDGE_LOOP('',(#3395,#3396,#3397));
#3395 = ORIENTED_EDGE('',*,*,#2536,.T.);
#3396 = ORIENTED_EDGE('',*,*,#2527,.T.);
#3397 = ORIENTED_EDGE('',*,*,#3398,.T.);
#3398 = EDGE_CURVE('',#2528,#2537,#3399,.T.);
#3399 = CIRCLE('',#3400,3.5);
#3400 = AXIS2_PLACEMENT_3D('',#3401,#3402,#3403);
#3401 = CARTESIAN_POINT('',(-24.5,31.,116.));
#3402 = DIRECTION('',(0.,1.,0.));
#3403 = DIRECTION('',(0.,-0.,1.));
#3404 = CYLINDRICAL_SURFACE('',#3405,3.5);
#3405 = AXIS2_PLACEMENT_3D('',#3406,#3407,#3408);
#3406 = CARTESIAN_POINT('',(-24.5,31.,116.));
#3407 = DIRECTION('',(0.,1.,0.));
#3408 = DIRECTION('',(0.,-0.,1.));
#3409 = ADVANCED_FACE('',(#3410),#3414,.F.);
#3410 = FACE_BOUND('',#3411,.F.);
#3411 = EDGE_LOOP('',(#3412,#3413));
#3412 = ORIENTED_EDGE('',*,*,#3398,.T.);
#3413 = ORIENTED_EDGE('',*,*,#2545,.F.);
#3414 = PLANE('',#3415);
#3415 = AXIS2_PLACEMENT_3D('',#3416,#3417,#3418);
#3416 = CARTESIAN_POINT('',(-24.5,31.,116.));
#3417 = DIRECTION('',(0.,1.,0.));
#3418 = DIRECTION('',(0.,-0.,1.));
#3419 = ADVANCED_FACE('',(#3420),#3438,.T.);
#3420 = FACE_BOUND('',#3421,.T.);
#3421 = EDGE_LOOP('',(#3422,#3423,#3432));
#3422 = ORIENTED_EDGE('',*,*,#2575,.F.);
#3423 = ORIENTED_EDGE('',*,*,#3424,.F.);
#3424 = EDGE_CURVE('',#3425,#2568,#3427,.T.);
#3425 = VERTEX_POINT('',#3426);
#3426 = CARTESIAN_POINT('',(-24.5,31.01,20.5));
#3427 = CIRCLE('',#3428,3.5);
#3428 = AXIS2_PLACEMENT_3D('',#3429,#3430,#3431);
#3429 = CARTESIAN_POINT('',(-24.5,31.01,17.));
#3430 = DIRECTION('',(0.,1.,0.));
#3431 = DIRECTION('',(0.,-0.,1.));
#3432 = ORIENTED_EDGE('',*,*,#3433,.T.);
#3433 = EDGE_CURVE('',#3425,#2576,#3434,.T.);
#3434 = LINE('',#3435,#3436);
#3435 = CARTESIAN_POINT('',(-27.5,31.01,20.5));
#3436 = VECTOR('',#3437,1.);
#3437 = DIRECTION('',(1.,0.,0.));
#3438 = PLANE('',#3439);
#3439 = AXIS2_PLACEMENT_3D('',#3440,#3441,#3442);
#3440 = CARTESIAN_POINT('',(-27.5,31.01,13.5));
#3441 = DIRECTION('',(0.,1.,0.));
#3442 = DIRECTION('',(1.,0.,0.));
#3443 = ADVANCED_FACE('',(#3444),#3479,.T.);
#3444 = FACE_BOUND('',#3445,.T.);
#3445 = EDGE_LOOP('',(#3446,#3457,#3463,#3464,#3473));
#3446 = ORIENTED_EDGE('',*,*,#3447,.F.);
#3447 = EDGE_CURVE('',#3448,#3450,#3452,.T.);
#3448 = VERTEX_POINT('',#3449);
#3449 = CARTESIAN_POINT('',(-24.5,43.,20.5));
#3450 = VERTEX_POINT('',#3451);
#3451 = CARTESIAN_POINT('',(-24.5,43.,13.5));
#3452 = CIRCLE('',#3453,3.5);
#3453 = AXIS2_PLACEMENT_3D('',#3454,#3455,#3456);
#3454 = CARTESIAN_POINT('',(-24.5,43.,17.));
#3455 = DIRECTION('',(0.,1.,0.));
#3456 = DIRECTION('',(0.,-0.,1.));
#3457 = ORIENTED_EDGE('',*,*,#3458,.F.);
#3458 = EDGE_CURVE('',#3425,#3448,#3459,.T.);
#3459 = LINE('',#3460,#3461);
#3460 = CARTESIAN_POINT('',(-24.5,31.,20.5));
#3461 = VECTOR('',#3462,1.);
#3462 = DIRECTION('',(0.,1.,0.));
#3463 = ORIENTED_EDGE('',*,*,#3424,.T.);
#3464 = ORIENTED_EDGE('',*,*,#3465,.T.);
#3465 = EDGE_CURVE('',#2568,#3466,#3468,.T.);
#3466 = VERTEX_POINT('',#3467);
#3467 = CARTESIAN_POINT('',(-24.5,31.01,13.5));
#3468 = CIRCLE('',#3469,3.5);
#3469 = AXIS2_PLACEMENT_3D('',#3470,#3471,#3472);
#3470 = CARTESIAN_POINT('',(-24.5,31.01,17.));
#3471 = DIRECTION('',(0.,1.,0.));
#3472 = DIRECTION('',(0.,-0.,1.));
#3473 = ORIENTED_EDGE('',*,*,#3474,.T.);
#3474 = EDGE_CURVE('',#3466,#3450,#3475,.T.);
#3475 = LINE('',#3476,#3477);
#3476 = CARTESIAN_POINT('',(-24.5,31.,13.5));
#3477 = VECTOR('',#3478,1.);
#3478 = DIRECTION('',(-0.,1.,0.));
#3479 = CYLINDRICAL_SURFACE('',#3480,3.5);
#3480 = AXIS2_PLACEMENT_3D('',#3481,#3482,#3483);
#3481 = CARTESIAN_POINT('',(-24.5,31.,17.));
#3482 = DIRECTION('',(0.,1.,0.));
#3483 = DIRECTION('',(0.,-0.,1.));
#3484 = ADVANCED_FACE('',(#3485),#3495,.T.);
#3485 = FACE_BOUND('',#3486,.T.);
#3486 = EDGE_LOOP('',(#3487,#3493,#3494));
#3487 = ORIENTED_EDGE('',*,*,#3488,.F.);
#3488 = EDGE_CURVE('',#3466,#2560,#3489,.T.);
#3489 = LINE('',#3490,#3491);
#3490 = CARTESIAN_POINT('',(-27.5,31.01,13.5));
#3491 = VECTOR('',#3492,1.);
#3492 = DIRECTION('',(1.,0.,0.));
#3493 = ORIENTED_EDGE('',*,*,#3465,.F.);
#3494 = ORIENTED_EDGE('',*,*,#2567,.F.);
#3495 = PLANE('',#3496);
#3496 = AXIS2_PLACEMENT_3D('',#3497,#3498,#3499);
#3497 = CARTESIAN_POINT('',(-27.5,31.01,13.5));
#3498 = DIRECTION('',(0.,1.,0.));
#3499 = DIRECTION('',(1.,0.,0.));
#3500 = ADVANCED_FACE('',(#3501),#3512,.T.);
#3501 = FACE_BOUND('',#3502,.T.);
#3502 = EDGE_LOOP('',(#3503,#3504,#3505));
#3503 = ORIENTED_EDGE('',*,*,#2601,.T.);
#3504 = ORIENTED_EDGE('',*,*,#2592,.T.);
#3505 = ORIENTED_EDGE('',*,*,#3506,.T.);
#3506 = EDGE_CURVE('',#2593,#2602,#3507,.T.);
#3507 = CIRCLE('',#3508,3.5);
#3508 = AXIS2_PLACEMENT_3D('',#3509,#3510,#3511);
#3509 = CARTESIAN_POINT('',(-24.5,31.,17.));
#3510 = DIRECTION('',(0.,1.,0.));
#3511 = DIRECTION('',(0.,-0.,1.));
#3512 = CYLINDRICAL_SURFACE('',#3513,3.5);
#3513 = AXIS2_PLACEMENT_3D('',#3514,#3515,#3516);
#3514 = CARTESIAN_POINT('',(-24.5,31.,17.));
#3515 = DIRECTION('',(0.,1.,0.));
#3516 = DIRECTION('',(0.,-0.,1.));
#3517 = ADVANCED_FACE('',(#3518),#3522,.F.);
#3518 = FACE_BOUND('',#3519,.F.);
#3519 = EDGE_LOOP('',(#3520,#3521));
#3520 = ORIENTED_EDGE('',*,*,#3506,.T.);
#3521 = ORIENTED_EDGE('',*,*,#2610,.F.);
#3522 = PLANE('',#3523);
#3523 = AXIS2_PLACEMENT_3D('',#3524,#3525,#3526);
#3524 = CARTESIAN_POINT('',(-24.5,31.,17.));
#3525 = DIRECTION('',(0.,1.,0.));
#3526 = DIRECTION('',(0.,-0.,1.));
#3527 = ADVANCED_FACE('',(#3528),#3544,.T.);
#3528 = FACE_BOUND('',#3529,.T.);
#3529 = EDGE_LOOP('',(#3530,#3536,#3537,#3543));
#3530 = ORIENTED_EDGE('',*,*,#3531,.F.);
#3531 = EDGE_CURVE('',#2625,#3276,#3532,.T.);
#3532 = LINE('',#3533,#3534);
#3533 = CARTESIAN_POINT('',(20.4,8.1,1.));
#3534 = VECTOR('',#3535,1.);
#3535 = DIRECTION('',(0.,0.,1.));
#3536 = ORIENTED_EDGE('',*,*,#2624,.T.);
#3537 = ORIENTED_EDGE('',*,*,#3538,.T.);
#3538 = EDGE_CURVE('',#2627,#3278,#3539,.T.);
#3539 = LINE('',#3540,#3541);
#3540 = CARTESIAN_POINT('',(-20.4,8.1,1.));
#3541 = VECTOR('',#3542,1.);
#3542 = DIRECTION('',(0.,0.,1.));
#3543 = ORIENTED_EDGE('',*,*,#3275,.F.);
#3544 = PLANE('',#3545);
#3545 = AXIS2_PLACEMENT_3D('',#3546,#3547,#3548);
#3546 = CARTESIAN_POINT('',(-20.4,8.1,1.));
#3547 = DIRECTION('',(-0.,1.,0.));
#3548 = DIRECTION('',(0.,0.,1.));
#3549 = ADVANCED_FACE('',(#3550),#3561,.F.);
#3550 = FACE_BOUND('',#3551,.F.);
#3551 = EDGE_LOOP('',(#3552,#3553,#3554,#3560));
#3552 = ORIENTED_EDGE('',*,*,#3531,.F.);
#3553 = ORIENTED_EDGE('',*,*,#2634,.T.);
#3554 = ORIENTED_EDGE('',*,*,#3555,.T.);
#3555 = EDGE_CURVE('',#2635,#3294,#3556,.T.);
#3556 = LINE('',#3557,#3558);
#3557 = CARTESIAN_POINT('',(20.4,36.9,1.));
#3558 = VECTOR('',#3559,1.);
#3559 = DIRECTION('',(0.,0.,1.));
#3560 = ORIENTED_EDGE('',*,*,#3301,.F.);
#3561 = PLANE('',#3562);
#3562 = AXIS2_PLACEMENT_3D('',#3563,#3564,#3565);
#3563 = CARTESIAN_POINT('',(20.4,8.1,1.));
#3564 = DIRECTION('',(1.,0.,-0.));
#3565 = DIRECTION('',(0.,0.,1.));
#3566 = ADVANCED_FACE('',(#3567),#3578,.T.);
#3567 = FACE_BOUND('',#3568,.T.);
#3568 = EDGE_LOOP('',(#3569,#3570,#3571,#3577));
#3569 = ORIENTED_EDGE('',*,*,#3538,.F.);
#3570 = ORIENTED_EDGE('',*,*,#2650,.T.);
#3571 = ORIENTED_EDGE('',*,*,#3572,.T.);
#3572 = EDGE_CURVE('',#2643,#3286,#3573,.T.);
#3573 = LINE('',#3574,#3575);
#3574 = CARTESIAN_POINT('',(-20.4,36.9,1.));
#3575 = VECTOR('',#3576,1.);
#3576 = DIRECTION('',(0.,0.,1.));
#3577 = ORIENTED_EDGE('',*,*,#3285,.F.);
#3578 = PLANE('',#3579);
#3579 = AXIS2_PLACEMENT_3D('',#3580,#3581,#3582);
#3580 = CARTESIAN_POINT('',(-20.4,8.1,1.));
#3581 = DIRECTION('',(1.,0.,-0.));
#3582 = DIRECTION('',(0.,0.,1.));
#3583 = ADVANCED_FACE('',(#3584),#3590,.F.);
#3584 = FACE_BOUND('',#3585,.F.);
#3585 = EDGE_LOOP('',(#3586,#3587,#3588,#3589));
#3586 = ORIENTED_EDGE('',*,*,#3555,.F.);
#3587 = ORIENTED_EDGE('',*,*,#2642,.T.);
#3588 = ORIENTED_EDGE('',*,*,#3572,.T.);
#3589 = ORIENTED_EDGE('',*,*,#3293,.F.);
#3590 = PLANE('',#3591);
#3591 = AXIS2_PLACEMENT_3D('',#3592,#3593,#3594);
#3592 = CARTESIAN_POINT('',(-20.4,36.9,1.));
#3593 = DIRECTION('',(-0.,1.,0.));
#3594 = DIRECTION('',(0.,0.,1.));
#3595 = ADVANCED_FACE('',(#3596),#3621,.T.);
#3596 = FACE_BOUND('',#3597,.T.);
#3597 = EDGE_LOOP('',(#3598,#3606,#3607,#3615));
#3598 = ORIENTED_EDGE('',*,*,#3599,.F.);
#3599 = EDGE_CURVE('',#2812,#3600,#3602,.T.);
#3600 = VERTEX_POINT('',#3601);
#3601 = CARTESIAN_POINT('',(-10.9,17.99,12.6));
#3602 = LINE('',#3603,#3604);
#3603 = CARTESIAN_POINT('',(-10.9,2.,12.6));
#3604 = VECTOR('',#3605,1.);
#3605 = DIRECTION('',(-0.,1.,0.));
#3606 = ORIENTED_EDGE('',*,*,#2811,.T.);
#3607 = ORIENTED_EDGE('',*,*,#3608,.T.);
#3608 = EDGE_CURVE('',#2814,#3609,#3611,.T.);
#3609 = VERTEX_POINT('',#3610);
#3610 = CARTESIAN_POINT('',(10.9,17.99,12.6));
#3611 = LINE('',#3612,#3613);
#3612 = CARTESIAN_POINT('',(10.9,2.,12.6));
#3613 = VECTOR('',#3614,1.);
#3614 = DIRECTION('',(-0.,1.,0.));
#3615 = ORIENTED_EDGE('',*,*,#3616,.F.);
#3616 = EDGE_CURVE('',#3600,#3609,#3617,.T.);
#3617 = LINE('',#3618,#3619);
#3618 = CARTESIAN_POINT('',(-11.7,17.99,12.6));
#3619 = VECTOR('',#3620,1.);
#3620 = DIRECTION('',(1.,0.,-0.));
#3621 = PLANE('',#3622);
#3622 = AXIS2_PLACEMENT_3D('',#3623,#3624,#3625);
#3623 = CARTESIAN_POINT('',(-10.9,2.,12.6));
#3624 = DIRECTION('',(0.,0.,1.));
#3625 = DIRECTION('',(1.,0.,-0.));
#3626 = ADVANCED_FACE('',(#3627),#3645,.F.);
#3627 = FACE_BOUND('',#3628,.F.);
#3628 = EDGE_LOOP('',(#3629,#3637,#3638,#3639));
#3629 = ORIENTED_EDGE('',*,*,#3630,.F.);
#3630 = EDGE_CURVE('',#2830,#3631,#3633,.T.);
#3631 = VERTEX_POINT('',#3632);
#3632 = CARTESIAN_POINT('',(10.9,17.99,34.4));
#3633 = LINE('',#3634,#3635);
#3634 = CARTESIAN_POINT('',(10.9,2.,34.4));
#3635 = VECTOR('',#3636,1.);
#3636 = DIRECTION('',(-0.,1.,0.));
#3637 = ORIENTED_EDGE('',*,*,#2837,.F.);
#3638 = ORIENTED_EDGE('',*,*,#3608,.T.);
#3639 = ORIENTED_EDGE('',*,*,#3640,.F.);
#3640 = EDGE_CURVE('',#3631,#3609,#3641,.T.);
#3641 = LINE('',#3642,#3643);
#3642 = CARTESIAN_POINT('',(10.9,17.99,11.8));
#3643 = VECTOR('',#3644,1.);
#3644 = DIRECTION('',(-0.,0.,-1.));
#3645 = PLANE('',#3646);
#3646 = AXIS2_PLACEMENT_3D('',#3647,#3648,#3649);
#3647 = CARTESIAN_POINT('',(10.9,2.,12.6));
#3648 = DIRECTION('',(1.,0.,-0.));
#3649 = DIRECTION('',(0.,0.,1.));
#3650 = ADVANCED_FACE('',(#3651),#3669,.T.);
#3651 = FACE_BOUND('',#3652,.T.);
#3652 = EDGE_LOOP('',(#3653,#3661,#3662,#3663));
#3653 = ORIENTED_EDGE('',*,*,#3654,.F.);
#3654 = EDGE_CURVE('',#2822,#3655,#3657,.T.);
#3655 = VERTEX_POINT('',#3656);
#3656 = CARTESIAN_POINT('',(-10.9,17.99,34.4));
#3657 = LINE('',#3658,#3659);
#3658 = CARTESIAN_POINT('',(-10.9,2.,34.4));
#3659 = VECTOR('',#3660,1.);
#3660 = DIRECTION('',(-0.,1.,0.));
#3661 = ORIENTED_EDGE('',*,*,#2821,.F.);
#3662 = ORIENTED_EDGE('',*,*,#3599,.T.);
#3663 = ORIENTED_EDGE('',*,*,#3664,.F.);
#3664 = EDGE_CURVE('',#3655,#3600,#3665,.T.);
#3665 = LINE('',#3666,#3667);
#3666 = CARTESIAN_POINT('',(-10.9,17.99,11.8));
#3667 = VECTOR('',#3668,1.);
#3668 = DIRECTION('',(-0.,0.,-1.));
#3669 = PLANE('',#3670);
#3670 = AXIS2_PLACEMENT_3D('',#3671,#3672,#3673);
#3671 = CARTESIAN_POINT('',(-10.9,2.,12.6));
#3672 = DIRECTION('',(1.,0.,-0.));
#3673 = DIRECTION('',(0.,0.,1.));
#3674 = ADVANCED_FACE('',(#3675),#3686,.F.);
#3675 = FACE_BOUND('',#3676,.F.);
#3676 = EDGE_LOOP('',(#3677,#3678,#3679,#3680));
#3677 = ORIENTED_EDGE('',*,*,#3654,.F.);
#3678 = ORIENTED_EDGE('',*,*,#2829,.T.);
#3679 = ORIENTED_EDGE('',*,*,#3630,.T.);
#3680 = ORIENTED_EDGE('',*,*,#3681,.F.);
#3681 = EDGE_CURVE('',#3655,#3631,#3682,.T.);
#3682 = LINE('',#3683,#3684);
#3683 = CARTESIAN_POINT('',(-11.7,17.99,34.4));
#3684 = VECTOR('',#3685,1.);
#3685 = DIRECTION('',(1.,0.,-0.));
#3686 = PLANE('',#3687);
#3687 = AXIS2_PLACEMENT_3D('',#3688,#3689,#3690);
#3688 = CARTESIAN_POINT('',(-10.9,2.,34.4));
#3689 = DIRECTION('',(0.,0.,1.));
#3690 = DIRECTION('',(1.,0.,-0.));
#3691 = ADVANCED_FACE('',(#3692,#3695),#3706,.T.);
#3692 = FACE_BOUND('',#3693,.T.);
#3693 = EDGE_LOOP('',(#3694));
#3694 = ORIENTED_EDGE('',*,*,#2865,.T.);
#3695 = FACE_BOUND('',#3696,.T.);
#3696 = EDGE_LOOP('',(#3697));
#3697 = ORIENTED_EDGE('',*,*,#3698,.F.);
#3698 = EDGE_CURVE('',#3699,#3699,#3701,.T.);
#3699 = VERTEX_POINT('',#3700);
#3700 = CARTESIAN_POINT('',(-21.,6.3,44.3));
#3701 = CIRCLE('',#3702,1.3);
#3702 = AXIS2_PLACEMENT_3D('',#3703,#3704,#3705);
#3703 = CARTESIAN_POINT('',(-21.,6.3,43.));
#3704 = DIRECTION('',(0.,1.,0.));
#3705 = DIRECTION('',(0.,-0.,1.));
#3706 = PLANE('',#3707);
#3707 = AXIS2_PLACEMENT_3D('',#3708,#3709,#3710);
#3708 = CARTESIAN_POINT('',(-21.,6.3,43.));
#3709 = DIRECTION('',(0.,1.,0.));
#3710 = DIRECTION('',(0.,-0.,1.));
#3711 = ADVANCED_FACE('',(#3712,#3715),#3726,.T.);
#3712 = FACE_BOUND('',#3713,.T.);
#3713 = EDGE_LOOP('',(#3714));
#3714 = ORIENTED_EDGE('',*,*,#2890,.T.);
#3715 = FACE_BOUND('',#3716,.T.);
#3716 = EDGE_LOOP('',(#3717));
#3717 = ORIENTED_EDGE('',*,*,#3718,.F.);
#3718 = EDGE_CURVE('',#3719,#3719,#3721,.T.);
#3719 = VERTEX_POINT('',#3720);
#3720 = CARTESIAN_POINT('',(-21.,6.3,122.3));
#3721 = CIRCLE('',#3722,1.3);
#3722 = AXIS2_PLACEMENT_3D('',#3723,#3724,#3725);
#3723 = CARTESIAN_POINT('',(-21.,6.3,121.));
#3724 = DIRECTION('',(0.,1.,0.));
#3725 = DIRECTION('',(0.,-0.,1.));
#3726 = PLANE('',#3727);
#3727 = AXIS2_PLACEMENT_3D('',#3728,#3729,#3730);
#3728 = CARTESIAN_POINT('',(-21.,6.3,121.));
#3729 = DIRECTION('',(0.,1.,0.));
#3730 = DIRECTION('',(0.,-0.,1.));
#3731 = ADVANCED_FACE('',(#3732,#3738),#3744,.T.);
#3732 = FACE_BOUND('',#3733,.T.);
#3733 = EDGE_LOOP('',(#3734,#3735,#3736,#3737));
#3734 = ORIENTED_EDGE('',*,*,#2972,.F.);
#3735 = ORIENTED_EDGE('',*,*,#2989,.T.);
#3736 = ORIENTED_EDGE('',*,*,#2924,.T.);
#3737 = ORIENTED_EDGE('',*,*,#2948,.F.);
#3738 = FACE_BOUND('',#3739,.T.);
#3739 = EDGE_LOOP('',(#3740,#3741,#3742,#3743));
#3740 = ORIENTED_EDGE('',*,*,#3681,.F.);
#3741 = ORIENTED_EDGE('',*,*,#3664,.T.);
#3742 = ORIENTED_EDGE('',*,*,#3616,.T.);
#3743 = ORIENTED_EDGE('',*,*,#3640,.F.);
#3744 = PLANE('',#3745);
#3745 = AXIS2_PLACEMENT_3D('',#3746,#3747,#3748);
#3746 = CARTESIAN_POINT('',(-12.5,17.99,11.));
#3747 = DIRECTION('',(-0.,1.,0.));
#3748 = DIRECTION('',(0.,0.,1.));
#3749 = ADVANCED_FACE('',(#3750,#3753),#3764,.T.);
#3750 = FACE_BOUND('',#3751,.T.);
#3751 = EDGE_LOOP('',(#3752));
#3752 = ORIENTED_EDGE('',*,*,#3011,.T.);
#3753 = FACE_BOUND('',#3754,.T.);
#3754 = EDGE_LOOP('',(#3755));
#3755 = ORIENTED_EDGE('',*,*,#3756,.F.);
#3756 = EDGE_CURVE('',#3757,#3757,#3759,.T.);
#3757 = VERTEX_POINT('',#3758);
#3758 = CARTESIAN_POINT('',(21.,6.3,44.3));
#3759 = CIRCLE('',#3760,1.3);
#3760 = AXIS2_PLACEMENT_3D('',#3761,#3762,#3763);
#3761 = CARTESIAN_POINT('',(21.,6.3,43.));
#3762 = DIRECTION('',(0.,1.,0.));
#3763 = DIRECTION('',(0.,-0.,1.));
#3764 = PLANE('',#3765);
#3765 = AXIS2_PLACEMENT_3D('',#3766,#3767,#3768);
#3766 = CARTESIAN_POINT('',(21.,6.3,43.));
#3767 = DIRECTION('',(0.,1.,0.));
#3768 = DIRECTION('',(0.,-0.,1.));
#3769 = ADVANCED_FACE('',(#3770,#3773),#3784,.T.);
#3770 = FACE_BOUND('',#3771,.T.);
#3771 = EDGE_LOOP('',(#3772));
#3772 = ORIENTED_EDGE('',*,*,#3036,.T.);
#3773 = FACE_BOUND('',#3774,.T.);
#3774 = EDGE_LOOP('',(#3775));
#3775 = ORIENTED_EDGE('',*,*,#3776,.F.);
#3776 = EDGE_CURVE('',#3777,#3777,#3779,.T.);
#3777 = VERTEX_POINT('',#3778);
#3778 = CARTESIAN_POINT('',(21.,6.3,122.3));
#3779 = CIRCLE('',#3780,1.3);
#3780 = AXIS2_PLACEMENT_3D('',#3781,#3782,#3783);
#3781 = CARTESIAN_POINT('',(21.,6.3,121.));
#3782 = DIRECTION('',(0.,1.,0.));
#3783 = DIRECTION('',(0.,-0.,1.));
#3784 = PLANE('',#3785);
#3785 = AXIS2_PLACEMENT_3D('',#3786,#3787,#3788);
#3786 = CARTESIAN_POINT('',(21.,6.3,121.));
#3787 = DIRECTION('',(0.,1.,0.));
#3788 = DIRECTION('',(0.,-0.,1.));
#3789 = ADVANCED_FACE('',(#3790),#3809,.F.);
#3790 = FACE_BOUND('',#3791,.F.);
#3791 = EDGE_LOOP('',(#3792,#3793,#3801,#3808));
#3792 = ORIENTED_EDGE('',*,*,#3698,.F.);
#3793 = ORIENTED_EDGE('',*,*,#3794,.F.);
#3794 = EDGE_CURVE('',#3795,#3699,#3797,.T.);
#3795 = VERTEX_POINT('',#3796);
#3796 = CARTESIAN_POINT('',(-21.,2.8,44.3));
#3797 = LINE('',#3798,#3799);
#3798 = CARTESIAN_POINT('',(-21.,2.8,44.3));
#3799 = VECTOR('',#3800,1.);
#3800 = DIRECTION('',(0.,1.,0.));
#3801 = ORIENTED_EDGE('',*,*,#3802,.T.);
#3802 = EDGE_CURVE('',#3795,#3795,#3803,.T.);
#3803 = CIRCLE('',#3804,1.3);
#3804 = AXIS2_PLACEMENT_3D('',#3805,#3806,#3807);
#3805 = CARTESIAN_POINT('',(-21.,2.8,43.));
#3806 = DIRECTION('',(0.,1.,0.));
#3807 = DIRECTION('',(0.,-0.,1.));
#3808 = ORIENTED_EDGE('',*,*,#3794,.T.);
#3809 = CYLINDRICAL_SURFACE('',#3810,1.3);
#3810 = AXIS2_PLACEMENT_3D('',#3811,#3812,#3813);
#3811 = CARTESIAN_POINT('',(-21.,2.8,43.));
#3812 = DIRECTION('',(0.,1.,0.));
#3813 = DIRECTION('',(0.,-0.,1.));
#3814 = ADVANCED_FACE('',(#3815),#3834,.F.);
#3815 = FACE_BOUND('',#3816,.F.);
#3816 = EDGE_LOOP('',(#3817,#3818,#3826,#3833));
#3817 = ORIENTED_EDGE('',*,*,#3718,.F.);
#3818 = ORIENTED_EDGE('',*,*,#3819,.F.);
#3819 = EDGE_CURVE('',#3820,#3719,#3822,.T.);
#3820 = VERTEX_POINT('',#3821);
#3821 = CARTESIAN_POINT('',(-21.,2.8,122.3));
#3822 = LINE('',#3823,#3824);
#3823 = CARTESIAN_POINT('',(-21.,2.8,122.3));
#3824 = VECTOR('',#3825,1.);
#3825 = DIRECTION('',(0.,1.,0.));
#3826 = ORIENTED_EDGE('',*,*,#3827,.T.);
#3827 = EDGE_CURVE('',#3820,#3820,#3828,.T.);
#3828 = CIRCLE('',#3829,1.3);
#3829 = AXIS2_PLACEMENT_3D('',#3830,#3831,#3832);
#3830 = CARTESIAN_POINT('',(-21.,2.8,121.));
#3831 = DIRECTION('',(0.,1.,0.));
#3832 = DIRECTION('',(0.,-0.,1.));
#3833 = ORIENTED_EDGE('',*,*,#3819,.T.);
#3834 = CYLINDRICAL_SURFACE('',#3835,1.3);
#3835 = AXIS2_PLACEMENT_3D('',#3836,#3837,#3838);
#3836 = CARTESIAN_POINT('',(-21.,2.8,121.));
#3837 = DIRECTION('',(0.,1.,0.));
#3838 = DIRECTION('',(0.,-0.,1.));
#3839 = ADVANCED_FACE('',(#3840),#3859,.F.);
#3840 = FACE_BOUND('',#3841,.F.);
#3841 = EDGE_LOOP('',(#3842,#3843,#3851,#3858));
#3842 = ORIENTED_EDGE('',*,*,#3756,.F.);
#3843 = ORIENTED_EDGE('',*,*,#3844,.F.);
#3844 = EDGE_CURVE('',#3845,#3757,#3847,.T.);
#3845 = VERTEX_POINT('',#3846);
#3846 = CARTESIAN_POINT('',(21.,2.8,44.3));
#3847 = LINE('',#3848,#3849);
#3848 = CARTESIAN_POINT('',(21.,2.8,44.3));
#3849 = VECTOR('',#3850,1.);
#3850 = DIRECTION('',(0.,1.,0.));
#3851 = ORIENTED_EDGE('',*,*,#3852,.T.);
#3852 = EDGE_CURVE('',#3845,#3845,#3853,.T.);
#3853 = CIRCLE('',#3854,1.3);
#3854 = AXIS2_PLACEMENT_3D('',#3855,#3856,#3857);
#3855 = CARTESIAN_POINT('',(21.,2.8,43.));
#3856 = DIRECTION('',(0.,1.,0.));
#3857 = DIRECTION('',(0.,-0.,1.));
#3858 = ORIENTED_EDGE('',*,*,#3844,.T.);
#3859 = CYLINDRICAL_SURFACE('',#3860,1.3);
#3860 = AXIS2_PLACEMENT_3D('',#3861,#3862,#3863);
#3861 = CARTESIAN_POINT('',(21.,2.8,43.));
#3862 = DIRECTION('',(0.,1.,0.));
#3863 = DIRECTION('',(0.,-0.,1.));
#3864 = ADVANCED_FACE('',(#3865),#3884,.F.);
#3865 = FACE_BOUND('',#3866,.F.);
#3866 = EDGE_LOOP('',(#3867,#3868,#3876,#3883));
#3867 = ORIENTED_EDGE('',*,*,#3776,.F.);
#3868 = ORIENTED_EDGE('',*,*,#3869,.F.);
#3869 = EDGE_CURVE('',#3870,#3777,#3872,.T.);
#3870 = VERTEX_POINT('',#3871);
#3871 = CARTESIAN_POINT('',(21.,2.8,122.3));
#3872 = LINE('',#3873,#3874);
#3873 = CARTESIAN_POINT('',(21.,2.8,122.3));
#3874 = VECTOR('',#3875,1.);
#3875 = DIRECTION('',(0.,1.,0.));
#3876 = ORIENTED_EDGE('',*,*,#3877,.T.);
#3877 = EDGE_CURVE('',#3870,#3870,#3878,.T.);
#3878 = CIRCLE('',#3879,1.3);
#3879 = AXIS2_PLACEMENT_3D('',#3880,#3881,#3882);
#3880 = CARTESIAN_POINT('',(21.,2.8,121.));
#3881 = DIRECTION('',(0.,1.,0.));
#3882 = DIRECTION('',(0.,-0.,1.));
#3883 = ORIENTED_EDGE('',*,*,#3869,.T.);
#3884 = CYLINDRICAL_SURFACE('',#3885,1.3);
#3885 = AXIS2_PLACEMENT_3D('',#3886,#3887,#3888);
#3886 = CARTESIAN_POINT('',(21.,2.8,121.));
#3887 = DIRECTION('',(0.,1.,0.));
#3888 = DIRECTION('',(0.,-0.,1.));
#3889 = ADVANCED_FACE('',(#3890),#3893,.T.);
#3890 = FACE_BOUND('',#3891,.F.);
#3891 = EDGE_LOOP('',(#3892));
#3892 = ORIENTED_EDGE('',*,*,#3802,.F.);
#3893 = PLANE('',#3894);
#3894 = AXIS2_PLACEMENT_3D('',#3895,#3896,#3897);
#3895 = CARTESIAN_POINT('',(-21.,2.8,43.));
#3896 = DIRECTION('',(0.,1.,0.));
#3897 = DIRECTION('',(0.,-0.,1.));
#3898 = ADVANCED_FACE('',(#3899),#3902,.T.);
#3899 = FACE_BOUND('',#3900,.F.);
#3900 = EDGE_LOOP('',(#3901));
#3901 = ORIENTED_EDGE('',*,*,#3827,.F.);
#3902 = PLANE('',#3903);
#3903 = AXIS2_PLACEMENT_3D('',#3904,#3905,#3906);
#3904 = CARTESIAN_POINT('',(-21.,2.8,121.));
#3905 = DIRECTION('',(0.,1.,0.));
#3906 = DIRECTION('',(0.,-0.,1.));
#3907 = ADVANCED_FACE('',(#3908),#3911,.T.);
#3908 = FACE_BOUND('',#3909,.F.);
#3909 = EDGE_LOOP('',(#3910));
#3910 = ORIENTED_EDGE('',*,*,#3852,.F.);
#3911 = PLANE('',#3912);
#3912 = AXIS2_PLACEMENT_3D('',#3913,#3914,#3915);
#3913 = CARTESIAN_POINT('',(21.,2.8,43.));
#3914 = DIRECTION('',(0.,1.,0.));
#3915 = DIRECTION('',(0.,-0.,1.));
#3916 = ADVANCED_FACE('',(#3917),#3920,.T.);
#3917 = FACE_BOUND('',#3918,.F.);
#3918 = EDGE_LOOP('',(#3919));
#3919 = ORIENTED_EDGE('',*,*,#3877,.F.);
#3920 = PLANE('',#3921);
#3921 = AXIS2_PLACEMENT_3D('',#3922,#3923,#3924);
#3922 = CARTESIAN_POINT('',(21.,2.8,121.));
#3923 = DIRECTION('',(0.,1.,0.));
#3924 = DIRECTION('',(0.,-0.,1.));
#3925 = ADVANCED_FACE('',(#3926,#3936,#4002,#4022,#4042,#4062),#4082,.T.
  );
#3926 = FACE_BOUND('',#3927,.T.);
#3927 = EDGE_LOOP('',(#3928,#3929,#3930,#3931,#3932,#3933,#3934,#3935));
#3928 = ORIENTED_EDGE('',*,*,#238,.F.);
#3929 = ORIENTED_EDGE('',*,*,#197,.F.);
#3930 = ORIENTED_EDGE('',*,*,#39,.T.);
#3931 = ORIENTED_EDGE('',*,*,#222,.T.);
#3932 = ORIENTED_EDGE('',*,*,#651,.T.);
#3933 = ORIENTED_EDGE('',*,*,#635,.F.);
#3934 = ORIENTED_EDGE('',*,*,#604,.F.);
#3935 = ORIENTED_EDGE('',*,*,#579,.T.);
#3936 = FACE_BOUND('',#3937,.T.);
#3937 = EDGE_LOOP('',(#3938,#3939,#3940,#3946,#3947,#3953,#3954,#3960,
    #3961,#3967,#3968,#3969,#3970,#3971,#3972,#3978,#3979,#3985,#3986,
    #3992,#3993,#3999,#4000,#4001));
#3938 = ORIENTED_EDGE('',*,*,#1516,.F.);
#3939 = ORIENTED_EDGE('',*,*,#1927,.T.);
#3940 = ORIENTED_EDGE('',*,*,#3941,.T.);
#3941 = EDGE_CURVE('',#1920,#3340,#3942,.T.);
#3942 = LINE('',#3943,#3944);
#3943 = CARTESIAN_POINT('',(-27.5,43.,119.5));
#3944 = VECTOR('',#3945,1.);
#3945 = DIRECTION('',(1.,0.,-0.));
#3946 = ORIENTED_EDGE('',*,*,#3339,.T.);
#3947 = ORIENTED_EDGE('',*,*,#3948,.F.);
#3948 = EDGE_CURVE('',#1896,#3342,#3949,.T.);
#3949 = LINE('',#3950,#3951);
#3950 = CARTESIAN_POINT('',(-27.5,43.,112.5));
#3951 = VECTOR('',#3952,1.);
#3952 = DIRECTION('',(1.,0.,-0.));
#3953 = ORIENTED_EDGE('',*,*,#1895,.T.);
#3954 = ORIENTED_EDGE('',*,*,#3955,.T.);
#3955 = EDGE_CURVE('',#1888,#3448,#3956,.T.);
#3956 = LINE('',#3957,#3958);
#3957 = CARTESIAN_POINT('',(-27.5,43.,20.5));
#3958 = VECTOR('',#3959,1.);
#3959 = DIRECTION('',(1.,0.,-0.));
#3960 = ORIENTED_EDGE('',*,*,#3447,.T.);
#3961 = ORIENTED_EDGE('',*,*,#3962,.F.);
#3962 = EDGE_CURVE('',#1864,#3450,#3963,.T.);
#3963 = LINE('',#3964,#3965);
#3964 = CARTESIAN_POINT('',(-27.5,43.,13.5));
#3965 = VECTOR('',#3966,1.);
#3966 = DIRECTION('',(1.,0.,-0.));
#3967 = ORIENTED_EDGE('',*,*,#1863,.T.);
#3968 = ORIENTED_EDGE('',*,*,#1841,.F.);
#3969 = ORIENTED_EDGE('',*,*,#1758,.T.);
#3970 = ORIENTED_EDGE('',*,*,#1743,.F.);
#3971 = ORIENTED_EDGE('',*,*,#1646,.F.);
#3972 = ORIENTED_EDGE('',*,*,#3973,.F.);
#3973 = EDGE_CURVE('',#3186,#1647,#3974,.T.);
#3974 = LINE('',#3975,#3976);
#3975 = CARTESIAN_POINT('',(24.5,43.,13.5));
#3976 = VECTOR('',#3977,1.);
#3977 = DIRECTION('',(1.,0.,-0.));
#3978 = ORIENTED_EDGE('',*,*,#3185,.T.);
#3979 = ORIENTED_EDGE('',*,*,#3980,.T.);
#3980 = EDGE_CURVE('',#3188,#1671,#3981,.T.);
#3981 = LINE('',#3982,#3983);
#3982 = CARTESIAN_POINT('',(24.5,43.,20.5));
#3983 = VECTOR('',#3984,1.);
#3984 = DIRECTION('',(1.,0.,-0.));
#3985 = ORIENTED_EDGE('',*,*,#1678,.F.);
#3986 = ORIENTED_EDGE('',*,*,#3987,.F.);
#3987 = EDGE_CURVE('',#3078,#1679,#3988,.T.);
#3988 = LINE('',#3989,#3990);
#3989 = CARTESIAN_POINT('',(24.5,43.,112.5));
#3990 = VECTOR('',#3991,1.);
#3991 = DIRECTION('',(1.,0.,-0.));
#3992 = ORIENTED_EDGE('',*,*,#3077,.T.);
#3993 = ORIENTED_EDGE('',*,*,#3994,.T.);
#3994 = EDGE_CURVE('',#3080,#1703,#3995,.T.);
#3995 = LINE('',#3996,#3997);
#3996 = CARTESIAN_POINT('',(24.5,43.,119.5));
#3997 = VECTOR('',#3998,1.);
#3998 = DIRECTION('',(1.,0.,-0.));
#3999 = ORIENTED_EDGE('',*,*,#1710,.F.);
#4000 = ORIENTED_EDGE('',*,*,#1615,.F.);
#4001 = ORIENTED_EDGE('',*,*,#1531,.F.);
#4002 = FACE_BOUND('',#4003,.T.);
#4003 = EDGE_LOOP('',(#4004,#4015));
#4004 = ORIENTED_EDGE('',*,*,#4005,.F.);
#4005 = EDGE_CURVE('',#4006,#4008,#4010,.T.);
#4006 = VERTEX_POINT('',#4007);
#4007 = CARTESIAN_POINT('',(24.5,43.,18.3));
#4008 = VERTEX_POINT('',#4009);
#4009 = CARTESIAN_POINT('',(24.5,43.,15.7));
#4010 = CIRCLE('',#4011,1.3);
#4011 = AXIS2_PLACEMENT_3D('',#4012,#4013,#4014);
#4012 = CARTESIAN_POINT('',(24.5,43.,17.));
#4013 = DIRECTION('',(0.,1.,0.));
#4014 = DIRECTION('',(0.,-0.,1.));
#4015 = ORIENTED_EDGE('',*,*,#4016,.F.);
#4016 = EDGE_CURVE('',#4008,#4006,#4017,.T.);
#4017 = CIRCLE('',#4018,1.3);
#4018 = AXIS2_PLACEMENT_3D('',#4019,#4020,#4021);
#4019 = CARTESIAN_POINT('',(24.5,43.,17.));
#4020 = DIRECTION('',(0.,1.,0.));
#4021 = DIRECTION('',(0.,-0.,1.));
#4022 = FACE_BOUND('',#4023,.T.);
#4023 = EDGE_LOOP('',(#4024,#4035));
#4024 = ORIENTED_EDGE('',*,*,#4025,.F.);
#4025 = EDGE_CURVE('',#4026,#4028,#4030,.T.);
#4026 = VERTEX_POINT('',#4027);
#4027 = CARTESIAN_POINT('',(-24.5,43.,15.7));
#4028 = VERTEX_POINT('',#4029);
#4029 = CARTESIAN_POINT('',(-24.5,43.,18.3));
#4030 = CIRCLE('',#4031,1.3);
#4031 = AXIS2_PLACEMENT_3D('',#4032,#4033,#4034);
#4032 = CARTESIAN_POINT('',(-24.5,43.,17.));
#4033 = DIRECTION('',(0.,1.,0.));
#4034 = DIRECTION('',(0.,-0.,1.));
#4035 = ORIENTED_EDGE('',*,*,#4036,.F.);
#4036 = EDGE_CURVE('',#4028,#4026,#4037,.T.);
#4037 = CIRCLE('',#4038,1.3);
#4038 = AXIS2_PLACEMENT_3D('',#4039,#4040,#4041);
#4039 = CARTESIAN_POINT('',(-24.5,43.,17.));
#4040 = DIRECTION('',(0.,1.,0.));
#4041 = DIRECTION('',(0.,-0.,1.));
#4042 = FACE_BOUND('',#4043,.T.);
#4043 = EDGE_LOOP('',(#4044,#4055));
#4044 = ORIENTED_EDGE('',*,*,#4045,.F.);
#4045 = EDGE_CURVE('',#4046,#4048,#4050,.T.);
#4046 = VERTEX_POINT('',#4047);
#4047 = CARTESIAN_POINT('',(24.5,43.,117.3));
#4048 = VERTEX_POINT('',#4049);
#4049 = CARTESIAN_POINT('',(24.5,43.,114.69999999999));
#4050 = CIRCLE('',#4051,1.3);
#4051 = AXIS2_PLACEMENT_3D('',#4052,#4053,#4054);
#4052 = CARTESIAN_POINT('',(24.5,43.,116.));
#4053 = DIRECTION('',(0.,1.,0.));
#4054 = DIRECTION('',(0.,-0.,1.));
#4055 = ORIENTED_EDGE('',*,*,#4056,.F.);
#4056 = EDGE_CURVE('',#4048,#4046,#4057,.T.);
#4057 = CIRCLE('',#4058,1.3);
#4058 = AXIS2_PLACEMENT_3D('',#4059,#4060,#4061);
#4059 = CARTESIAN_POINT('',(24.5,43.,116.));
#4060 = DIRECTION('',(0.,1.,0.));
#4061 = DIRECTION('',(0.,-0.,1.));
#4062 = FACE_BOUND('',#4063,.T.);
#4063 = EDGE_LOOP('',(#4064,#4075));
#4064 = ORIENTED_EDGE('',*,*,#4065,.F.);
#4065 = EDGE_CURVE('',#4066,#4068,#4070,.T.);
#4066 = VERTEX_POINT('',#4067);
#4067 = CARTESIAN_POINT('',(-24.5,43.,114.69999999999));
#4068 = VERTEX_POINT('',#4069);
#4069 = CARTESIAN_POINT('',(-24.5,43.,117.3));
#4070 = CIRCLE('',#4071,1.3);
#4071 = AXIS2_PLACEMENT_3D('',#4072,#4073,#4074);
#4072 = CARTESIAN_POINT('',(-24.5,43.,116.));
#4073 = DIRECTION('',(0.,1.,0.));
#4074 = DIRECTION('',(0.,-0.,1.));
#4075 = ORIENTED_EDGE('',*,*,#4076,.F.);
#4076 = EDGE_CURVE('',#4068,#4066,#4077,.T.);
#4077 = CIRCLE('',#4078,1.3);
#4078 = AXIS2_PLACEMENT_3D('',#4079,#4080,#4081);
#4079 = CARTESIAN_POINT('',(-24.5,43.,116.));
#4080 = DIRECTION('',(0.,1.,0.));
#4081 = DIRECTION('',(0.,-0.,1.));
#4082 = PLANE('',#4083);
#4083 = AXIS2_PLACEMENT_3D('',#4084,#4085,#4086);
#4084 = CARTESIAN_POINT('',(-29.,43.,0.));
#4085 = DIRECTION('',(-0.,1.,0.));
#4086 = DIRECTION('',(0.,0.,1.));
#4087 = ADVANCED_FACE('',(#4088),#4108,.F.);
#4088 = FACE_BOUND('',#4089,.F.);
#4089 = EDGE_LOOP('',(#4090,#4091,#4099,#4106,#4107));
#4090 = ORIENTED_EDGE('',*,*,#4005,.F.);
#4091 = ORIENTED_EDGE('',*,*,#4092,.F.);
#4092 = EDGE_CURVE('',#4093,#4006,#4095,.T.);
#4093 = VERTEX_POINT('',#4094);
#4094 = CARTESIAN_POINT('',(24.5,30.,18.3));
#4095 = LINE('',#4096,#4097);
#4096 = CARTESIAN_POINT('',(24.5,30.,18.3));
#4097 = VECTOR('',#4098,1.);
#4098 = DIRECTION('',(0.,1.,0.));
#4099 = ORIENTED_EDGE('',*,*,#4100,.T.);
#4100 = EDGE_CURVE('',#4093,#4093,#4101,.T.);
#4101 = CIRCLE('',#4102,1.3);
#4102 = AXIS2_PLACEMENT_3D('',#4103,#4104,#4105);
#4103 = CARTESIAN_POINT('',(24.5,30.,17.));
#4104 = DIRECTION('',(0.,1.,0.));
#4105 = DIRECTION('',(0.,-0.,1.));
#4106 = ORIENTED_EDGE('',*,*,#4092,.T.);
#4107 = ORIENTED_EDGE('',*,*,#4016,.F.);
#4108 = CYLINDRICAL_SURFACE('',#4109,1.3);
#4109 = AXIS2_PLACEMENT_3D('',#4110,#4111,#4112);
#4110 = CARTESIAN_POINT('',(24.5,30.,17.));
#4111 = DIRECTION('',(0.,1.,0.));
#4112 = DIRECTION('',(0.,-0.,1.));
#4113 = ADVANCED_FACE('',(#4114),#4117,.T.);
#4114 = FACE_BOUND('',#4115,.F.);
#4115 = EDGE_LOOP('',(#4116));
#4116 = ORIENTED_EDGE('',*,*,#4100,.F.);
#4117 = PLANE('',#4118);
#4118 = AXIS2_PLACEMENT_3D('',#4119,#4120,#4121);
#4119 = CARTESIAN_POINT('',(24.5,30.,17.));
#4120 = DIRECTION('',(0.,1.,0.));
#4121 = DIRECTION('',(0.,-0.,1.));
#4122 = ADVANCED_FACE('',(#4123),#4143,.F.);
#4123 = FACE_BOUND('',#4124,.F.);
#4124 = EDGE_LOOP('',(#4125,#4126,#4134,#4141,#4142));
#4125 = ORIENTED_EDGE('',*,*,#4036,.F.);
#4126 = ORIENTED_EDGE('',*,*,#4127,.F.);
#4127 = EDGE_CURVE('',#4128,#4028,#4130,.T.);
#4128 = VERTEX_POINT('',#4129);
#4129 = CARTESIAN_POINT('',(-24.5,30.,18.3));
#4130 = LINE('',#4131,#4132);
#4131 = CARTESIAN_POINT('',(-24.5,30.,18.3));
#4132 = VECTOR('',#4133,1.);
#4133 = DIRECTION('',(0.,1.,0.));
#4134 = ORIENTED_EDGE('',*,*,#4135,.T.);
#4135 = EDGE_CURVE('',#4128,#4128,#4136,.T.);
#4136 = CIRCLE('',#4137,1.3);
#4137 = AXIS2_PLACEMENT_3D('',#4138,#4139,#4140);
#4138 = CARTESIAN_POINT('',(-24.5,30.,17.));
#4139 = DIRECTION('',(0.,1.,0.));
#4140 = DIRECTION('',(0.,-0.,1.));
#4141 = ORIENTED_EDGE('',*,*,#4127,.T.);
#4142 = ORIENTED_EDGE('',*,*,#4025,.F.);
#4143 = CYLINDRICAL_SURFACE('',#4144,1.3);
#4144 = AXIS2_PLACEMENT_3D('',#4145,#4146,#4147);
#4145 = CARTESIAN_POINT('',(-24.5,30.,17.));
#4146 = DIRECTION('',(0.,1.,0.));
#4147 = DIRECTION('',(0.,-0.,1.));
#4148 = ADVANCED_FACE('',(#4149),#4152,.T.);
#4149 = FACE_BOUND('',#4150,.F.);
#4150 = EDGE_LOOP('',(#4151));
#4151 = ORIENTED_EDGE('',*,*,#4135,.F.);
#4152 = PLANE('',#4153);
#4153 = AXIS2_PLACEMENT_3D('',#4154,#4155,#4156);
#4154 = CARTESIAN_POINT('',(-24.5,30.,17.));
#4155 = DIRECTION('',(0.,1.,0.));
#4156 = DIRECTION('',(0.,-0.,1.));
#4157 = ADVANCED_FACE('',(#4158),#4178,.F.);
#4158 = FACE_BOUND('',#4159,.F.);
#4159 = EDGE_LOOP('',(#4160,#4161,#4169,#4176,#4177));
#4160 = ORIENTED_EDGE('',*,*,#4045,.F.);
#4161 = ORIENTED_EDGE('',*,*,#4162,.F.);
#4162 = EDGE_CURVE('',#4163,#4046,#4165,.T.);
#4163 = VERTEX_POINT('',#4164);
#4164 = CARTESIAN_POINT('',(24.5,30.,117.3));
#4165 = LINE('',#4166,#4167);
#4166 = CARTESIAN_POINT('',(24.5,30.,117.3));
#4167 = VECTOR('',#4168,1.);
#4168 = DIRECTION('',(0.,1.,0.));
#4169 = ORIENTED_EDGE('',*,*,#4170,.T.);
#4170 = EDGE_CURVE('',#4163,#4163,#4171,.T.);
#4171 = CIRCLE('',#4172,1.3);
#4172 = AXIS2_PLACEMENT_3D('',#4173,#4174,#4175);
#4173 = CARTESIAN_POINT('',(24.5,30.,116.));
#4174 = DIRECTION('',(0.,1.,0.));
#4175 = DIRECTION('',(0.,-0.,1.));
#4176 = ORIENTED_EDGE('',*,*,#4162,.T.);
#4177 = ORIENTED_EDGE('',*,*,#4056,.F.);
#4178 = CYLINDRICAL_SURFACE('',#4179,1.3);
#4179 = AXIS2_PLACEMENT_3D('',#4180,#4181,#4182);
#4180 = CARTESIAN_POINT('',(24.5,30.,116.));
#4181 = DIRECTION('',(0.,1.,0.));
#4182 = DIRECTION('',(0.,-0.,1.));
#4183 = ADVANCED_FACE('',(#4184),#4187,.T.);
#4184 = FACE_BOUND('',#4185,.F.);
#4185 = EDGE_LOOP('',(#4186));
#4186 = ORIENTED_EDGE('',*,*,#4170,.F.);
#4187 = PLANE('',#4188);
#4188 = AXIS2_PLACEMENT_3D('',#4189,#4190,#4191);
#4189 = CARTESIAN_POINT('',(24.5,30.,116.));
#4190 = DIRECTION('',(0.,1.,0.));
#4191 = DIRECTION('',(0.,-0.,1.));
#4192 = ADVANCED_FACE('',(#4193),#4213,.F.);
#4193 = FACE_BOUND('',#4194,.F.);
#4194 = EDGE_LOOP('',(#4195,#4196,#4204,#4211,#4212));
#4195 = ORIENTED_EDGE('',*,*,#4076,.F.);
#4196 = ORIENTED_EDGE('',*,*,#4197,.F.);
#4197 = EDGE_CURVE('',#4198,#4068,#4200,.T.);
#4198 = VERTEX_POINT('',#4199);
#4199 = CARTESIAN_POINT('',(-24.5,30.,117.3));
#4200 = LINE('',#4201,#4202);
#4201 = CARTESIAN_POINT('',(-24.5,30.,117.3));
#4202 = VECTOR('',#4203,1.);
#4203 = DIRECTION('',(0.,1.,0.));
#4204 = ORIENTED_EDGE('',*,*,#4205,.T.);
#4205 = EDGE_CURVE('',#4198,#4198,#4206,.T.);
#4206 = CIRCLE('',#4207,1.3);
#4207 = AXIS2_PLACEMENT_3D('',#4208,#4209,#4210);
#4208 = CARTESIAN_POINT('',(-24.5,30.,116.));
#4209 = DIRECTION('',(0.,1.,0.));
#4210 = DIRECTION('',(0.,-0.,1.));
#4211 = ORIENTED_EDGE('',*,*,#4197,.T.);
#4212 = ORIENTED_EDGE('',*,*,#4065,.F.);
#4213 = CYLINDRICAL_SURFACE('',#4214,1.3);
#4214 = AXIS2_PLACEMENT_3D('',#4215,#4216,#4217);
#4215 = CARTESIAN_POINT('',(-24.5,30.,116.));
#4216 = DIRECTION('',(0.,1.,0.));
#4217 = DIRECTION('',(0.,-0.,1.));
#4218 = ADVANCED_FACE('',(#4219),#4222,.T.);
#4219 = FACE_BOUND('',#4220,.F.);
#4220 = EDGE_LOOP('',(#4221));
#4221 = ORIENTED_EDGE('',*,*,#4205,.F.);
#4222 = PLANE('',#4223);
#4223 = AXIS2_PLACEMENT_3D('',#4224,#4225,#4226);
#4224 = CARTESIAN_POINT('',(-24.5,30.,116.));
#4225 = DIRECTION('',(0.,1.,0.));
#4226 = DIRECTION('',(0.,-0.,1.));
#4227 = ADVANCED_FACE('',(#4228),#4235,.T.);
#4228 = FACE_BOUND('',#4229,.T.);
#4229 = EDGE_LOOP('',(#4230,#4231,#4232,#4233,#4234));
#4230 = ORIENTED_EDGE('',*,*,#3104,.F.);
#4231 = ORIENTED_EDGE('',*,*,#3063,.T.);
#4232 = ORIENTED_EDGE('',*,*,#2292,.T.);
#4233 = ORIENTED_EDGE('',*,*,#1702,.T.);
#4234 = ORIENTED_EDGE('',*,*,#3994,.F.);
#4235 = PLANE('',#4236);
#4236 = AXIS2_PLACEMENT_3D('',#4237,#4238,#4239);
#4237 = CARTESIAN_POINT('',(25.348724982407,33.936303915058,119.5));
#4238 = DIRECTION('',(0.,0.,1.));
#4239 = DIRECTION('',(1.,0.,-0.));
#4240 = ADVANCED_FACE('',(#4241),#4248,.T.);
#4241 = FACE_BOUND('',#4242,.T.);
#4242 = EDGE_LOOP('',(#4243,#4244,#4245,#4246,#4247));
#4243 = ORIENTED_EDGE('',*,*,#1919,.T.);
#4244 = ORIENTED_EDGE('',*,*,#2518,.F.);
#4245 = ORIENTED_EDGE('',*,*,#3325,.F.);
#4246 = ORIENTED_EDGE('',*,*,#3350,.T.);
#4247 = ORIENTED_EDGE('',*,*,#3941,.F.);
#4248 = PLANE('',#4249);
#4249 = AXIS2_PLACEMENT_3D('',#4250,#4251,#4252);
#4250 = CARTESIAN_POINT('',(-25.3487249824,33.936303915058,119.5));
#4251 = DIRECTION('',(0.,0.,1.));
#4252 = DIRECTION('',(1.,0.,-0.));
#4253 = ADVANCED_FACE('',(#4254),#4261,.T.);
#4254 = FACE_BOUND('',#4255,.T.);
#4255 = EDGE_LOOP('',(#4256,#4257,#4258,#4259,#4260));
#4256 = ORIENTED_EDGE('',*,*,#3118,.F.);
#4257 = ORIENTED_EDGE('',*,*,#3088,.T.);
#4258 = ORIENTED_EDGE('',*,*,#3987,.T.);
#4259 = ORIENTED_EDGE('',*,*,#1686,.F.);
#4260 = ORIENTED_EDGE('',*,*,#2268,.F.);
#4261 = PLANE('',#4262);
#4262 = AXIS2_PLACEMENT_3D('',#4263,#4264,#4265);
#4263 = CARTESIAN_POINT('',(25.348724982407,33.936303915058,112.5));
#4264 = DIRECTION('',(-0.,-0.,-1.));
#4265 = DIRECTION('',(-1.,0.,0.));
#4266 = ADVANCED_FACE('',(#4267),#4274,.T.);
#4267 = FACE_BOUND('',#4268,.T.);
#4268 = EDGE_LOOP('',(#4269,#4270,#4271,#4272,#4273));
#4269 = ORIENTED_EDGE('',*,*,#3380,.T.);
#4270 = ORIENTED_EDGE('',*,*,#2494,.T.);
#4271 = ORIENTED_EDGE('',*,*,#1903,.T.);
#4272 = ORIENTED_EDGE('',*,*,#3948,.T.);
#4273 = ORIENTED_EDGE('',*,*,#3366,.F.);
#4274 = PLANE('',#4275);
#4275 = AXIS2_PLACEMENT_3D('',#4276,#4277,#4278);
#4276 = CARTESIAN_POINT('',(-25.3487249824,33.936303915058,112.5));
#4277 = DIRECTION('',(-0.,-0.,-1.));
#4278 = DIRECTION('',(-1.,0.,0.));
#4279 = ADVANCED_FACE('',(#4280),#4287,.T.);
#4280 = FACE_BOUND('',#4281,.T.);
#4281 = EDGE_LOOP('',(#4282,#4283,#4284,#4285,#4286));
#4282 = ORIENTED_EDGE('',*,*,#3212,.F.);
#4283 = ORIENTED_EDGE('',*,*,#3171,.T.);
#4284 = ORIENTED_EDGE('',*,*,#2357,.T.);
#4285 = ORIENTED_EDGE('',*,*,#1670,.T.);
#4286 = ORIENTED_EDGE('',*,*,#3980,.F.);
#4287 = PLANE('',#4288);
#4288 = AXIS2_PLACEMENT_3D('',#4289,#4290,#4291);
#4289 = CARTESIAN_POINT('',(25.348724982407,33.936303915058,20.5));
#4290 = DIRECTION('',(0.,0.,1.));
#4291 = DIRECTION('',(1.,0.,-0.));
#4292 = ADVANCED_FACE('',(#4293),#4300,.T.);
#4293 = FACE_BOUND('',#4294,.T.);
#4294 = EDGE_LOOP('',(#4295,#4296,#4297,#4298,#4299));
#4295 = ORIENTED_EDGE('',*,*,#1887,.T.);
#4296 = ORIENTED_EDGE('',*,*,#2583,.F.);
#4297 = ORIENTED_EDGE('',*,*,#3433,.F.);
#4298 = ORIENTED_EDGE('',*,*,#3458,.T.);
#4299 = ORIENTED_EDGE('',*,*,#3955,.F.);
#4300 = PLANE('',#4301);
#4301 = AXIS2_PLACEMENT_3D('',#4302,#4303,#4304);
#4302 = CARTESIAN_POINT('',(-25.3487249824,33.936303915058,20.5));
#4303 = DIRECTION('',(0.,0.,1.));
#4304 = DIRECTION('',(1.,0.,-0.));
#4305 = ADVANCED_FACE('',(#4306),#4313,.T.);
#4306 = FACE_BOUND('',#4307,.T.);
#4307 = EDGE_LOOP('',(#4308,#4309,#4310,#4311,#4312));
#4308 = ORIENTED_EDGE('',*,*,#3226,.F.);
#4309 = ORIENTED_EDGE('',*,*,#3196,.T.);
#4310 = ORIENTED_EDGE('',*,*,#3973,.T.);
#4311 = ORIENTED_EDGE('',*,*,#1654,.F.);
#4312 = ORIENTED_EDGE('',*,*,#2333,.F.);
#4313 = PLANE('',#4314);
#4314 = AXIS2_PLACEMENT_3D('',#4315,#4316,#4317);
#4315 = CARTESIAN_POINT('',(25.348724982407,33.936303915058,13.5));
#4316 = DIRECTION('',(-0.,-0.,-1.));
#4317 = DIRECTION('',(-1.,0.,0.));
#4318 = ADVANCED_FACE('',(#4319),#4326,.T.);
#4319 = FACE_BOUND('',#4320,.T.);
#4320 = EDGE_LOOP('',(#4321,#4322,#4323,#4324,#4325));
#4321 = ORIENTED_EDGE('',*,*,#3488,.T.);
#4322 = ORIENTED_EDGE('',*,*,#2559,.T.);
#4323 = ORIENTED_EDGE('',*,*,#1871,.T.);
#4324 = ORIENTED_EDGE('',*,*,#3962,.T.);
#4325 = ORIENTED_EDGE('',*,*,#3474,.F.);
#4326 = PLANE('',#4327);
#4327 = AXIS2_PLACEMENT_3D('',#4328,#4329,#4330);
#4328 = CARTESIAN_POINT('',(-25.3487249824,33.936303915058,13.5));
#4329 = DIRECTION('',(-0.,-0.,-1.));
#4330 = DIRECTION('',(-1.,0.,0.));
#4331 = ADVANCED_FACE('',(#4332),#4340,.F.);
#4332 = FACE_BOUND('',#4333,.F.);
#4333 = EDGE_LOOP('',(#4334,#4335,#4336,#4337,#4338,#4339));
#4334 = ORIENTED_EDGE('',*,*,#963,.F.);
#4335 = ORIENTED_EDGE('',*,*,#284,.T.);
#4336 = ORIENTED_EDGE('',*,*,#275,.T.);
#4337 = ORIENTED_EDGE('',*,*,#939,.T.);
#4338 = ORIENTED_EDGE('',*,*,#2660,.F.);
#4339 = ORIENTED_EDGE('',*,*,#2669,.F.);
#4340 = CYLINDRICAL_SURFACE('',#4341,1.);
#4341 = AXIS2_PLACEMENT_3D('',#4342,#4343,#4344);
#4342 = CARTESIAN_POINT('',(13.,12.5,-1.));
#4343 = DIRECTION('',(0.,0.,1.));
#4344 = DIRECTION('',(1.,0.,-0.));
#4345 = ADVANCED_FACE('',(#4346),#4354,.F.);
#4346 = FACE_BOUND('',#4347,.F.);
#4347 = EDGE_LOOP('',(#4348,#4349,#4350,#4351,#4352,#4353));
#4348 = ORIENTED_EDGE('',*,*,#1043,.F.);
#4349 = ORIENTED_EDGE('',*,*,#329,.T.);
#4350 = ORIENTED_EDGE('',*,*,#320,.T.);
#4351 = ORIENTED_EDGE('',*,*,#1019,.T.);
#4352 = ORIENTED_EDGE('',*,*,#2681,.F.);
#4353 = ORIENTED_EDGE('',*,*,#2690,.F.);
#4354 = CYLINDRICAL_SURFACE('',#4355,1.);
#4355 = AXIS2_PLACEMENT_3D('',#4356,#4357,#4358);
#4356 = CARTESIAN_POINT('',(13.,15.833333333333,-1.));
#4357 = DIRECTION('',(0.,0.,1.));
#4358 = DIRECTION('',(1.,0.,-0.));
#4359 = ADVANCED_FACE('',(#4360),#4368,.F.);
#4360 = FACE_BOUND('',#4361,.F.);
#4361 = EDGE_LOOP('',(#4362,#4363,#4364,#4365,#4366,#4367));
#4362 = ORIENTED_EDGE('',*,*,#1123,.F.);
#4363 = ORIENTED_EDGE('',*,*,#374,.T.);
#4364 = ORIENTED_EDGE('',*,*,#365,.T.);
#4365 = ORIENTED_EDGE('',*,*,#1099,.T.);
#4366 = ORIENTED_EDGE('',*,*,#2702,.F.);
#4367 = ORIENTED_EDGE('',*,*,#2711,.F.);
#4368 = CYLINDRICAL_SURFACE('',#4369,1.);
#4369 = AXIS2_PLACEMENT_3D('',#4370,#4371,#4372);
#4370 = CARTESIAN_POINT('',(13.,19.166666666667,-1.));
#4371 = DIRECTION('',(0.,0.,1.));
#4372 = DIRECTION('',(1.,0.,-0.));
#4373 = ADVANCED_FACE('',(#4374),#4382,.F.);
#4374 = FACE_BOUND('',#4375,.F.);
#4375 = EDGE_LOOP('',(#4376,#4377,#4378,#4379,#4380,#4381));
#4376 = ORIENTED_EDGE('',*,*,#1203,.F.);
#4377 = ORIENTED_EDGE('',*,*,#419,.T.);
#4378 = ORIENTED_EDGE('',*,*,#410,.T.);
#4379 = ORIENTED_EDGE('',*,*,#1179,.T.);
#4380 = ORIENTED_EDGE('',*,*,#2723,.F.);
#4381 = ORIENTED_EDGE('',*,*,#2732,.F.);
#4382 = CYLINDRICAL_SURFACE('',#4383,1.);
#4383 = AXIS2_PLACEMENT_3D('',#4384,#4385,#4386);
#4384 = CARTESIAN_POINT('',(13.,22.5,-1.));
#4385 = DIRECTION('',(0.,0.,1.));
#4386 = DIRECTION('',(1.,0.,-0.));
#4387 = ADVANCED_FACE('',(#4388),#4396,.F.);
#4388 = FACE_BOUND('',#4389,.F.);
#4389 = EDGE_LOOP('',(#4390,#4391,#4392,#4393,#4394,#4395));
#4390 = ORIENTED_EDGE('',*,*,#1283,.F.);
#4391 = ORIENTED_EDGE('',*,*,#464,.T.);
#4392 = ORIENTED_EDGE('',*,*,#455,.T.);
#4393 = ORIENTED_EDGE('',*,*,#1259,.T.);
#4394 = ORIENTED_EDGE('',*,*,#2744,.F.);
#4395 = ORIENTED_EDGE('',*,*,#2753,.F.);
#4396 = CYLINDRICAL_SURFACE('',#4397,1.);
#4397 = AXIS2_PLACEMENT_3D('',#4398,#4399,#4400);
#4398 = CARTESIAN_POINT('',(13.,25.833333333333,-1.));
#4399 = DIRECTION('',(0.,0.,1.));
#4400 = DIRECTION('',(1.,0.,-0.));
#4401 = ADVANCED_FACE('',(#4402),#4410,.F.);
#4402 = FACE_BOUND('',#4403,.F.);
#4403 = EDGE_LOOP('',(#4404,#4405,#4406,#4407,#4408,#4409));
#4404 = ORIENTED_EDGE('',*,*,#1363,.F.);
#4405 = ORIENTED_EDGE('',*,*,#509,.T.);
#4406 = ORIENTED_EDGE('',*,*,#500,.T.);
#4407 = ORIENTED_EDGE('',*,*,#1339,.T.);
#4408 = ORIENTED_EDGE('',*,*,#2765,.F.);
#4409 = ORIENTED_EDGE('',*,*,#2774,.F.);
#4410 = CYLINDRICAL_SURFACE('',#4411,1.);
#4411 = AXIS2_PLACEMENT_3D('',#4412,#4413,#4414);
#4412 = CARTESIAN_POINT('',(13.,29.166666666667,-1.));
#4413 = DIRECTION('',(0.,0.,1.));
#4414 = DIRECTION('',(1.,0.,-0.));
#4415 = ADVANCED_FACE('',(#4416),#4424,.F.);
#4416 = FACE_BOUND('',#4417,.F.);
#4417 = EDGE_LOOP('',(#4418,#4419,#4420,#4421,#4422,#4423));
#4418 = ORIENTED_EDGE('',*,*,#1443,.T.);
#4419 = ORIENTED_EDGE('',*,*,#2786,.F.);
#4420 = ORIENTED_EDGE('',*,*,#2795,.F.);
#4421 = ORIENTED_EDGE('',*,*,#1419,.F.);
#4422 = ORIENTED_EDGE('',*,*,#554,.T.);
#4423 = ORIENTED_EDGE('',*,*,#545,.T.);
#4424 = CYLINDRICAL_SURFACE('',#4425,1.);
#4425 = AXIS2_PLACEMENT_3D('',#4426,#4427,#4428);
#4426 = CARTESIAN_POINT('',(13.,32.5,-1.));
#4427 = DIRECTION('',(0.,0.,1.));
#4428 = DIRECTION('',(1.,0.,-0.));
#4429 = ADVANCED_FACE('',(#4430),#4438,.F.);
#4430 = FACE_BOUND('',#4431,.F.);
#4431 = EDGE_LOOP('',(#4432,#4433,#4434,#4435,#4436,#4437));
#4432 = ORIENTED_EDGE('',*,*,#1962,.T.);
#4433 = ORIENTED_EDGE('',*,*,#681,.F.);
#4434 = ORIENTED_EDGE('',*,*,#690,.F.);
#4435 = ORIENTED_EDGE('',*,*,#1945,.F.);
#4436 = ORIENTED_EDGE('',*,*,#1574,.T.);
#4437 = ORIENTED_EDGE('',*,*,#1565,.T.);
#4438 = CYLINDRICAL_SURFACE('',#4439,3.75);
#4439 = AXIS2_PLACEMENT_3D('',#4440,#4441,#4442);
#4440 = CARTESIAN_POINT('',(2.75,9.,124.5));
#4441 = DIRECTION('',(0.,0.,1.));
#4442 = DIRECTION('',(1.,0.,-0.));
#4443 = ( GEOMETRIC_REPRESENTATION_CONTEXT(3) 
GLOBAL_UNCERTAINTY_ASSIGNED_CONTEXT((#4447)) 
GLOBAL_UNIT_ASSIGNED_CONTEXT((#4444,#4445,#4446)) REPRESENTATION_CONTEXT
('Context #1','3D Context with UNIT and UNCERTAINTY') );
#4444 = ( LENGTH_UNIT() NAMED_UNIT(*) SI_UNIT(.MILLI.,.METRE.) );
#4445 = ( NAMED_UNIT(*) PLANE_ANGLE_UNIT() SI_UNIT($,.RADIAN.) );
#4446 = ( NAMED_UNIT(*) SI_UNIT($,.STERADIAN.) SOLID_ANGLE_UNIT() );
#4447 = UNCERTAINTY_MEASURE_WITH_UNIT(LENGTH_MEASURE(2.E-07),#4444,
  'distance_accuracy_value','confusion accuracy');
#4448 = PRODUCT_RELATED_PRODUCT_CATEGORY('part',$,(#7));
ENDSEC;
END-ISO-10303-21;
