// Generado por herramientas/generar_logo.py. No editar a mano.
#pragma once
#include <stdint.h>

const uint16_t LOGO_CHICO_ANCHO = 51;
const uint16_t LOGO_CHICO_ALTO = 70;
const uint16_t LOGO_CHICO[] PROGMEM = {
  0xFFBC, 0xFFBC, 0xFFBC, 0xFFBC, 0xFFBC, 0xFFBC, 0xFFBC, 0xFFBC, 0xFFBC, 0xFFBC, 0xFF9B, 0xFF9B, 0xFF9B, 0xFF9B, 0xFFBC, 0xFFBC,
  0xFFBC, 0xFFBC, 0xD637, 0x9CB1, 0x62EB, 0x5269, 0x6B2C, 0x62EB, 0x3165, 0x5289, 0xA4F2, 0x5AAA, 0x4A28, 0x5ACA, 0x6B2C, 0x5289,
  0x5269, 0x9CB1, 0xFF7B, 0xBDB5, 0xCDF6, 0xFFBC, 0xFFBC, 0xFFBC, 0xFF9B, 0xFF9B, 0xFF9B, 0xFFBC, 0xFFBC, 0xFFBC, 0xFFBC, 0xFFBC,
  0xFFBC, 0xFFBC, 0xFFBC, 0xFFBC, 0xFFBC, 0xFFBC, 0xFFBC, 0xFFBC, 0xFFBC, 0xFFBC, 0xFFBC, 0xFFBC, 0xFF9B, 0xFFBC, 0xFFBC, 0xFFBC,
  0xFFBC, 0xDE98, 0x8C2F, 0x6B4C, 0x62EB, 0x20E3, 0x2945, 0x3165, 0x3165, 0x2104, 0x2924, 0x2104, 0x2945, 0x2104, 0x2104, 0x2924,
  0x18C3, 0x5269, 0xE71C, 0xC618, 0x3186, 0x39C7, 0x4A49, 0x4A28, 0xB553, 0xBD94, 0xEF1A, 0xFFBC, 0xFFBC, 0xFFBC, 0xFF9B, 0xFFBC,
  0xFFBC, 0xFFBC, 0xFFBC, 0xFFBC, 0xFFBC, 0xFFBC, 0xFFBC, 0xFFBC, 0xFFBC, 0xFFBC, 0xFFBC, 0xFFBC, 0xFFBC, 0xFFBC, 0xFFBC, 0xFFBC,
  0xFFBC, 0xEEF9, 0x6B4C, 0x7BAE, 0x738D, 0xB595, 0x62EB, 0x1882, 0x7BAF, 0xC617, 0x6B2C, 0x4208, 0x20E3, 0x20E4, 0x2104, 0x41E7,
  0x3186, 0x39C7, 0x9CD2, 0x3165, 0x5269, 0x7BCF, 0xA4F3, 0x4A49, 0x1082, 0x5269, 0x4208, 0x3165, 0x5AEB, 0x5269, 0xFF9B, 0xDE98,
  0xFF9B, 0xFFBC, 0xFFBC, 0xFFBC, 0xFFBC, 0xFFBC, 0xFFBC, 0xFFBC, 0xFFBC, 0xFFBC, 0xFFBC, 0xFFBC, 0xFFBC, 0xFFBC, 0xFFBC, 0xFFBC,
  0xFF9B, 0xFF9B, 0xBDB5, 0x5249, 0x4208, 0x9CF3, 0x630C, 0x4208, 0xC638, 0x39C7, 0x62EB, 0xBDD6, 0x6B4C, 0x4208, 0x5269, 0xAD34,
  0x39E7, 0x20E4, 0x18C3, 0x4208, 0x4A28, 0x528A, 0x3186, 0x18A2, 0x20E3, 0x3186, 0x20E3, 0x2924, 0x2924, 0x4208, 0x20E3, 0x4A49,
  0x2924, 0x5AAA, 0x3165, 0x4A48, 0xC5F5, 0xFF9B, 0xFF9B, 0xFFBC, 0xFFBC, 0xFFBC, 0xFFBC, 0xFFBC, 0xFFBC, 0xFFBC, 0xFFBC, 0xFFBC,
  0xFFBC, 0xFF9B, 0xFF9B, 0xFFBC, 0xFFBC, 0x5ACA, 0x18A2, 0x7BCF, 0x8C51, 0x1082, 0x4A69, 0xAD54, 0x4A49, 0xB595, 0xCE58, 0x4208,
  0x2924, 0x2924, 0xCE58, 0xB575, 0x20E4, 0x2104, 0x18A2, 0x39C7, 0x20E3, 0x526A, 0x7BCF, 0x2925, 0x5ACB, 0x2104, 0x20E4, 0x39A7,
  0x94B2, 0x2945, 0x2104, 0x1082, 0x8430, 0x9491, 0x1061, 0x5ACA, 0xFFBC, 0xFF9B, 0xFFBC, 0xFFBC, 0xFFBC, 0xFFBC, 0xFFBC, 0xFFBC,
  0xFFBC, 0xFFBC, 0xFFBC, 0xFF9B, 0xFFBC, 0xFFBC, 0xBD94, 0xCE36, 0x83CE, 0x18A2, 0x7BEF, 0x7BCF, 0x1082, 0xC618, 0x528A, 0x3186,
  0x20E3, 0x5AAA, 0x6B6D, 0x20E3, 0x18C3, 0x9CD3, 0x5269, 0x4A28, 0x4A29, 0x4208, 0x6B4D, 0x4A49, 0x20E3, 0x8C30, 0x39A6, 0x10A2,
  0x2104, 0x2904, 0x2124, 0x18A3, 0x3186, 0x4208, 0x1061, 0x8C71, 0x7BCF, 0x5289, 0x528A, 0xB573, 0xFF9B, 0xFF9B, 0xFFBC, 0xFFBC,
  0xFFBC, 0xFFBC, 0xFFBC, 0xFFBC, 0xFFBC, 0xFF9B, 0xFFBC, 0xEF1A, 0x9CB1, 0x7BAD, 0x39C7, 0x83EF, 0x20E3, 0x738E, 0xAD55, 0x20E3,
  0x9CD3, 0x3186, 0x3186, 0x2104, 0x3186, 0x20E4, 0x2924, 0x20E3, 0x2924, 0x2104, 0x18E3, 0x39E7, 0x62EB, 0x2104, 0x2924, 0x20E3,
  0x2986, 0x2945, 0x4924, 0xB1E5, 0x6165, 0x18E3, 0x39C7, 0x5269, 0x18C3, 0x2104, 0x39C7, 0x2945, 0x4A28, 0x39A6, 0x41C7, 0xFFBC,
  0xFFBC, 0xFF9B, 0xFFBC, 0xFFBC, 0xFFBC, 0xFFBC, 0xFFBC, 0xFF9B, 0xFF9B, 0xDEB8, 0x41E7, 0x2945, 0xCE36, 0x736C, 0x5AAA, 0x39E7,
  0x2124, 0x3165, 0x2124, 0x18C3, 0x5AAA, 0x83EF, 0x20C3, 0x2924, 0x2924, 0x2104, 0x5269, 0x2924, 0x1904, 0x2904, 0x3103, 0x18E3,
  0x2104, 0x2104, 0x2104, 0x5944, 0xA9C5, 0xD225, 0xEA45, 0x91C5, 0x18E4, 0x3186, 0x4208, 0x2104, 0x2104, 0x20E3, 0x2104, 0x18A2,
  0x736C, 0xEF1A, 0xBD94, 0xEEF9, 0xFFBC, 0xFF9B, 0xFFBC, 0xFFBC, 0xFFBC, 0xFFBC, 0xFF9B, 0xFF9C, 0x5289, 0x20E3, 0x2944, 0xCE16,
  0xFFBC, 0x4A48, 0x2104, 0x3124, 0x2904, 0x2904, 0x2104, 0x2145, 0x1924, 0x1904, 0x2124, 0x2924, 0x2924, 0x41E7, 0x2104, 0x7185,
  0xB1E5, 0x8185, 0x81A5, 0x2104, 0x3924, 0xA1C5, 0xDA45, 0xE245, 0xD225, 0xDA45, 0xA9E5, 0x2104, 0x2104, 0x20E3, 0x2924, 0x3165,
  0x2924, 0x2945, 0x4A49, 0x738D, 0x83CE, 0x4208, 0x83EE, 0xF75A, 0xFF7B, 0xFFBC, 0xFFBC, 0xFFBC, 0xFF9B, 0xFFBC, 0xFF9B, 0x39A6,
  0x7BEF, 0x3186, 0x630B, 0xDE98, 0x3186, 0x99C5, 0xCA05, 0xC205, 0xB9E5, 0xA9E5, 0x8984, 0x7164, 0x5964, 0x3104, 0x1904, 0x2124,
  0x18C3, 0x91A5, 0xB1E5, 0xC205, 0x7984, 0xA9C5, 0x8184, 0x89A5, 0xF266, 0xD225, 0xD225, 0xD225, 0xDA45, 0xB1E5, 0x2104, 0x2924,
  0x2924, 0x2104, 0x4208, 0x2924, 0x39C7, 0xAD75, 0x39C7, 0x83EE, 0xC5D5, 0xEF1A, 0x4207, 0xC5F5, 0xFFBC, 0xFF9B, 0xFF9B, 0xFFBC,
  0xEF1A, 0x734C, 0x20E3, 0x8C30, 0x526A, 0x62CA, 0xBDF6, 0x6185, 0xE245, 0xDA25, 0xDA25, 0xDA25, 0xDA25, 0xE245, 0xE245, 0xDA25,
  0xC205, 0x89A5, 0x2904, 0x3124, 0xE245, 0x6964, 0x89A5, 0xC205, 0x6164, 0xB1E5, 0x5944, 0xDA25, 0xDA25, 0xD225, 0xD225, 0xDA45,
  0xB1E5, 0x2104, 0x2924, 0x2924, 0x2924, 0x20E3, 0x18A3, 0x2104, 0x2945, 0x4208, 0x5ACA, 0x4A28, 0x83CE, 0x2945, 0xC5D5, 0xFF9B,
  0xFF9B, 0xFF9B, 0xF75A, 0x4208, 0x3166, 0x2924, 0x5AAA, 0x5AAA, 0xF73A, 0x5B0B, 0x81A5, 0xE245, 0xD225, 0xD225, 0xD225, 0xD225,
  0xD225, 0xD225, 0xD225, 0xDA25, 0xEA45, 0xA1C5, 0x3904, 0xE245, 0x8184, 0x7164, 0xCA25, 0x6144, 0xBA05, 0x18E4, 0x5144, 0xC205,
  0xE245, 0xD225, 0xE245, 0xA1C5, 0x2104, 0x2924, 0x2924, 0x2104, 0x3165, 0x73AE, 0x2924, 0x18A2, 0x3145, 0x2924, 0x3186, 0x736D,
  0x3165, 0xCE36, 0xFFBC, 0xFF9B, 0xFFBC, 0xBD94, 0x18C3, 0x6B4D, 0x9CB2, 0xE73C, 0x41E8, 0x3165, 0x2124, 0x3924, 0xC205, 0xE245,
  0xD225, 0xD225, 0xD225, 0xD225, 0xD225, 0xD225, 0xD225, 0xD225, 0xDA25, 0x5124, 0xBA05, 0xD225, 0x5944, 0xA9C5, 0x99C5, 0x81A5,
  0x1904, 0x2104, 0x3104, 0x8984, 0xC205, 0xE245, 0x7985, 0x1904, 0x2924, 0x2924, 0x2104, 0x2945, 0x5AAA, 0x3165, 0x5AEB, 0x2924,
  0x2104, 0x39C7, 0xA514, 0x3186, 0x5ACA, 0xFF9B, 0xFF9B, 0xFFBC, 0x83CE, 0x18C3, 0x8410, 0xFFFF, 0xAD55, 0x18C3, 0x2924, 0x2944,
  0x18C3, 0x38E3, 0xB9E5, 0xDA45, 0xD225, 0xD225, 0xD225, 0xD225, 0xD225, 0xD225, 0xD225, 0xE245, 0x8185, 0x4924, 0xCA05, 0xD225,
  0xC205, 0x89A5, 0x2904, 0x2924, 0x2924, 0x2124, 0x1904, 0x3124, 0x4924, 0x2904, 0x2124, 0x2924, 0x2924, 0x2924, 0x2104, 0x18C3,
  0x2925, 0x4A49, 0x41E7, 0x41E7, 0x2104, 0x41E8, 0x8430, 0x20E3, 0x8C2F, 0xFFBC, 0xE6D8, 0x2945, 0x1082, 0xA514, 0xB596, 0x20E3,
  0x2904, 0x2925, 0x18C3, 0x5269, 0x3A08, 0x30E3, 0xC205, 0xDA25, 0xD225, 0xD225, 0xD225, 0xD225, 0xD225, 0xD225, 0xDA45, 0xA9C5,
  0x18E4, 0x3124, 0x4944, 0x3924, 0x1904, 0x2124, 0x18C3, 0x2104, 0x2924, 0x2924, 0x2104, 0x2104, 0x2124, 0x2924, 0x2104, 0x20E3,
  0x2924, 0x3165, 0x2104, 0x3186, 0x18C3, 0x4A28, 0x4208, 0x18A2, 0x4208, 0x83EF, 0x2104, 0x5269, 0xFFBC, 0xEEF9, 0x41C7, 0x5269,
  0x3165, 0x3165, 0x2104, 0x2924, 0x2104, 0x3165, 0xA534, 0xEF3C, 0x632C, 0x48E3, 0xDA45, 0xD225, 0xD225, 0xD225, 0xD225, 0xD225,
  0xD225, 0xE245, 0x91A5, 0x1904, 0x20E4, 0x10C3, 0x2124, 0x2904, 0x2924, 0x630C, 0x3165, 0x18E3, 0x2104, 0x2924, 0x2924, 0x2924,
  0x20E3, 0x4208, 0x630C, 0x18C3, 0x2945, 0x2104, 0x2104, 0x3186, 0x2924, 0x20E3, 0x2924, 0x2104, 0x4A28, 0xAD12, 0xBD94, 0xFF9B,
  0xFFBC, 0x7BAE, 0x6B4D, 0x2945, 0x20E4, 0x2924, 0x2924, 0x2104, 0xBDB6, 0xEF3C, 0xDEDB, 0x4A28, 0x1082, 0xA9E5, 0xDA45, 0xD225,
  0xD225, 0xD225, 0xD225, 0xDA25, 0xC205, 0x3924, 0x2945, 0x41E7, 0x5AAA, 0x20E3, 0x2104, 0x2104, 0x630B, 0x2924, 0x5AAA, 0x39A6,
  0x20E4, 0x2924, 0x2924, 0x1082, 0xAD55, 0x736D, 0x18A2, 0x18C3, 0x3186, 0x5ACB, 0x3166, 0x41E7, 0x2924, 0x3185, 0x83CE, 0x7BCE,
  0x736D, 0x3986, 0xBDB5, 0xF73A, 0x39C7, 0x18C3, 0x4A49, 0x738E, 0x18C3, 0x2104, 0x39C7, 0xDEBA, 0x83EF, 0x2924, 0x5249, 0x6B8E,
  0x5903, 0xDA25, 0xD225, 0xD225, 0xD225, 0xDA25, 0xD225, 0x4944, 0x0862, 0x8C10, 0x5ACB, 0x5269, 0x2945, 0xBDD7, 0x8410, 0x1062,
  0x39A6, 0x2945, 0x2904, 0x2924, 0x2104, 0x3186, 0x630B, 0xAD55, 0x39C7, 0x18C3, 0x6B2C, 0x3186, 0x39A6, 0x18C3, 0x4A49, 0x5269,
  0x41E7, 0x83EE, 0x20E3, 0x2924, 0x2924, 0x83EE, 0xEF1A, 0x3186, 0x2924, 0x2945, 0x7BCF, 0x2924, 0x2104, 0x2924, 0x3186, 0x2924,
  0x18A2, 0x5289, 0xCE58, 0x28C3, 0xCA05, 0xDA25, 0xD225, 0xDA25, 0xCA05, 0x4924, 0x10C3, 0x5ACA, 0x52AA, 0x632C, 0x20E3, 0x3186,
  0xBDF7, 0x73AE, 0x39C7, 0x20E4, 0x5269, 0x4208, 0x20E4, 0x20E4, 0x39A6, 0xB595, 0x630C, 0x1082, 0x5AAA, 0x7BCE, 0x18E3, 0x20C3,
  0x18C3, 0x2945, 0x3165, 0x528A, 0x39C7, 0x5ACB, 0x20E4, 0x2925, 0x734C, 0xFFBC, 0x5269, 0x5AAA, 0x528A, 0xA514, 0x2945, 0x2104,
  0x18C3, 0x2104, 0x2104, 0x2104, 0x2924, 0x9CD3, 0x4A28, 0xA9A4, 0xE245, 0xE245, 0xC205, 0x4124, 0x2104, 0xA4F3, 0xCE59, 0x5AAA,
  0xB596, 0x2104, 0x4A28, 0x83EF, 0x3186, 0x6B2C, 0x18A2, 0x6B4D, 0x5ACB, 0x18C3, 0x2924, 0x3165, 0x41E7, 0x39C7, 0x18A3, 0x62EB,
  0x738E, 0x1062, 0x4208, 0x8C71, 0x20E4, 0x2924, 0x2945, 0x39A6, 0x8C30, 0x2104, 0x2924, 0x83EF, 0xF77B, 0x41E7, 0x18C3, 0x6B2C,
  0x4A49, 0x18A2, 0x2945, 0x630C, 0x2104, 0x3186, 0x3165, 0x18A2, 0x39A6, 0x94B2, 0x6943, 0xCA05, 0x8164, 0x3944, 0x0882, 0x83EF,
  0xFFFF, 0x4208, 0x528A, 0x5289, 0x0821, 0x8C51, 0xE73C, 0x8410, 0x18A2, 0x2924, 0x3165, 0x2104, 0x2104, 0x18C3, 0x18C3, 0x9CB2,
  0xBDF7, 0x18C3, 0x3165, 0x39C7, 0x18C3, 0x9471, 0x630C, 0x20E3, 0x2924, 0x18C3, 0x5269, 0xA514, 0x2104, 0x2924, 0xC5F6, 0xFF7B,
  0x4A28, 0x2104, 0x2945, 0x39C7, 0x18C3, 0x6B4D, 0x9471, 0x18A3, 0x3186, 0x2924, 0x4208, 0x9471, 0xAD75, 0x3186, 0x28E3, 0x3A08,
  0x2104, 0x39C7, 0xAD54, 0x5269, 0x18C3, 0x3186, 0x3186, 0x2104, 0x2924, 0x4208, 0x4208, 0x2104, 0x2924, 0x2965, 0x1082, 0x39C7,
  0x738E, 0x2924, 0x41E7, 0x41E7, 0x2945, 0x2104, 0x20E3, 0x3165, 0xD69A, 0x5269, 0x18A2, 0x2924, 0x2104, 0x3186, 0x2945, 0x2945,
  0x62CA, 0xFF7B, 0xFFBC, 0x8C50, 0x2104, 0x2945, 0x2945, 0x2945, 0xC618, 0x41E7, 0x20E3, 0x2924, 0x18A2, 0x6B2C, 0x6B4D, 0x4208,
  0x20E4, 0x9471, 0xD6BA, 0x3145, 0x39A6, 0x39C7, 0x3186, 0x6B4D, 0x3165, 0x630C, 0x20E3, 0x20E3, 0x8C30, 0x7BCF, 0x18C3, 0x2104,
  0x630C, 0x7BCE, 0x9CD3, 0xC5F7, 0x2104, 0x18A3, 0x39C7, 0x41E8, 0x20E3, 0x2924, 0x2924, 0x7BCE, 0x6B2C, 0x3186, 0x2104, 0x2924,
  0x2104, 0x2104, 0x39A6, 0x7BCE, 0xFFBC, 0xFF7B, 0x62EB, 0x3166, 0x2945, 0x20E3, 0x18C3, 0x6B2C, 0x62EB, 0x18A3, 0x2925, 0x2104,
  0x4228, 0x83EF, 0x18A3, 0x3186, 0x840F, 0x3165, 0x2904, 0x2925, 0x6B4D, 0x39A6, 0x4208, 0x20E3, 0x2104, 0x2924, 0x39A6, 0x2104,
  0x20E3, 0x2924, 0x2945, 0x5269, 0x528A, 0x7BAE, 0xC5F7, 0x2924, 0x2924, 0x2924, 0x20E4, 0x2924, 0x20E4, 0x2924, 0x2104, 0x3186,
  0x6B4D, 0x18C3, 0x2924, 0x2924, 0x2924, 0x2924, 0x9C90, 0xFFBC, 0xFFBC, 0x41E7, 0x41E7, 0x3186, 0x39C7, 0x1082, 0x736D, 0x39C7,
  0x20E3, 0x2104, 0x20E3, 0x1082, 0x2104, 0x2924, 0x2925, 0x18A3, 0x2925, 0xA513, 0x3165, 0x41E7, 0x2104, 0x20E3, 0x2924, 0x20E3,
  0x18A2, 0x18C3, 0x2925, 0x20E3, 0x2104, 0x2924, 0x2924, 0x738E, 0x39A6, 0x2104, 0x2104, 0x2945, 0x39A6, 0x2104, 0x20E3, 0x2104,
  0x5AAA, 0x5ACB, 0x2924, 0x2945, 0x2104, 0x2924, 0x2924, 0x2924, 0x630B, 0xFF9B, 0xF75B, 0xCE36, 0x39A6, 0x2104, 0x18C3, 0x528A,
  0x9491, 0x8410, 0x18C3, 0x2104, 0x2924, 0x4208, 0x528A, 0x8410, 0x39A6, 0x2104, 0x4A49, 0x39A6, 0x4A28, 0x2104, 0x2104, 0x2925,
  0x2925, 0x20E3, 0x528A, 0x630C, 0x9CD3, 0x39A6, 0x39C7, 0x41E7, 0x2104, 0x4208, 0xAD34, 0x41E7, 0x39A6, 0x2945, 0x2945, 0x2924,
  0x2104, 0x4A28, 0x7BCF, 0x8410, 0x8C50, 0x9491, 0x630C, 0x18A2, 0x2945, 0x2945, 0x2924, 0x9CB1, 0x734C, 0xD657, 0x3165, 0x41E7,
  0x2945, 0x3165, 0x8430, 0xC638, 0x736D, 0x2924, 0x39A6, 0x39C7, 0xEF5C, 0x9491, 0xDEBA, 0x528A, 0x1082, 0x5AEB, 0xB575, 0x2945,
  0x18A2, 0x18C3, 0x18C3, 0x2924, 0x18C3, 0x39C7, 0xCE38, 0xFFFF, 0x6B4D, 0x4208, 0x4A28, 0x2104, 0x39A6, 0x0841, 0x20E3, 0x7BCF,
  0x18A3, 0x18A2, 0x18A2, 0x1041, 0x41E7, 0x4A28, 0x18C3, 0x2104, 0x4A49, 0x3186, 0x20E4, 0x39A6, 0x528A, 0x20E3, 0x2924, 0x2924,
  0xDEB8, 0x39A6, 0xA4F2, 0x39A6, 0x18C3, 0x83EF, 0xAD54, 0xB575, 0x4A28, 0x39C6, 0x738E, 0x62EB, 0x18C3, 0x39A6, 0x2924, 0x4A49,
  0x5AAA, 0xD699, 0xD69A, 0xC5F7, 0x9492, 0x5269, 0x20E3, 0x9492, 0xCE59, 0xEF5D, 0xFFFF, 0xFFFF, 0x630C, 0x4A28, 0x18A2, 0x2924,
  0x528A, 0x6B2C, 0x6B2C, 0x9492, 0x8C30, 0x8C71, 0x8410, 0x7BEF, 0x41E7, 0x5ACB, 0x2945, 0x5269, 0x20E3, 0x1082, 0x4A28, 0x9491,
  0x2104, 0x41E7, 0x5249, 0xA4F2, 0x6B4C, 0x734C, 0x2945, 0x39A6, 0xAD75, 0xC5F7, 0x4A49, 0x1082, 0x5269, 0x8C30, 0x2924, 0x62EB,
  0x20E4, 0x3186, 0xAD34, 0xFFFF, 0xFFFF, 0xFFFF, 0xFFFF, 0xFFFF, 0xFFFF, 0xDEFB, 0xFFFF, 0xFFFF, 0xFFFF, 0xFFFF, 0xFFFF, 0xD69A,
  0x6B4D, 0x8C51, 0xAD55, 0xFFFF, 0xFFFF, 0xFFFF, 0xFFFF, 0xFFFF, 0xFFFF, 0xFFFF, 0xFFFF, 0x528A, 0x1061, 0x39C7, 0x9CB2, 0x9CB2,
  0x5269, 0x2104, 0x20C3, 0x18A2, 0x3185, 0xAD33, 0xFF9B, 0x5AAA, 0xB574, 0x3186, 0x41E7, 0xBDD6, 0x2104, 0x2104, 0x1082, 0x8410,
  0x630C, 0x3165, 0x39C7, 0x18C3, 0x4A29, 0xD69A, 0xFFDF, 0xFFFF, 0xFFFF, 0xFFFF, 0xFFFF, 0xFFFF, 0xFFFF, 0xFFFF, 0xFFFF, 0xFFFF,
  0xFFFF, 0xFFFF, 0xFFFF, 0xFFFF, 0xFFFF, 0xFFFF, 0xE73C, 0xE71C, 0xFFFF, 0xFFFF, 0xFFDF, 0xFFDF, 0xFFDF, 0xFFDF, 0xCE38, 0x3186,
  0x52AA, 0x39C7, 0x630C, 0x8C51, 0x1062, 0x39C7, 0x7BAE, 0x62EB, 0x2924, 0xCE37, 0xBD94, 0x9C91, 0x39A6, 0x3145, 0x7BAE, 0x3165,
  0x2924, 0x7BCF, 0xCE59, 0x2945, 0xAD75, 0x5269, 0x2945, 0xCE79, 0xFFFF, 0xFFFF, 0xFFDF, 0x9CD3, 0x52AA, 0x39C7, 0x3186, 0x4A28,
  0xAD75, 0xFFFF, 0xFFFF, 0xFFFF, 0xFFFF, 0xFFDF, 0xF7BE, 0x8C51, 0x3186, 0x3165, 0x3165, 0x39A7, 0x8C51, 0xFFFF, 0xFFFF, 0xFFFF,
  0xFFDF, 0xFFFF, 0x62EB, 0x4A49, 0x5AAA, 0x1062, 0x18A3, 0x5AAA, 0x4208, 0x840F, 0x6B2C, 0x39C7, 0xE6F9, 0xFFBC, 0x5269, 0x4A28,
  0x9CD3, 0x18C3, 0x18C3, 0x1082, 0xAD55, 0x6B2C, 0x39C7, 0xBDD7, 0x1061, 0x83EF, 0xFFFF, 0xFFFF, 0xCE59, 0x39C7, 0x630C, 0xB596,
  0xCE79, 0xC638, 0x8C71, 0x41E7, 0xDEFB, 0xFFFF, 0xFFFF, 0xFFDF, 0xFFFF, 0xC618, 0x5269, 0xB596, 0xD6BA, 0xDEDB, 0xC638, 0x630C,
  0x4A28, 0xEF5D, 0xFFFF, 0xFFDF, 0xFFFF, 0xD6BA, 0x39A6, 0x0841, 0x9CB2, 0x738E, 0x39C7, 0x3165, 0x20E3, 0x9CB1, 0xEF1A, 0xFFBC,
  0xF77B, 0x41E7, 0x41E7, 0xCE38, 0x39A7, 0x41E7, 0x7BCF, 0x736D, 0x0000, 0xB5B6, 0xAD55, 0x1082, 0xBDB6, 0xFFFF, 0xC618, 0x39A6,
  0xC638, 0xDEDB, 0xAD55, 0x9492, 0x9471, 0xCE59, 0xFFFF, 0xFFFF, 0xFFFF, 0xFFFF, 0xFFFF, 0xFFFF, 0xFFFF, 0xEF7D, 0x94B2, 0x7BAE,
  0x738E, 0x8410, 0xE71C, 0x94B2, 0x73AE, 0xFFFF, 0xFFFF, 0xFFDF, 0xFFFF, 0x9471, 0x0820, 0x5ACB, 0x528A, 0x18C3, 0x20E3, 0x736D,
  0xFFBC, 0xFFBC, 0xFF9B, 0xFFBC, 0x5AAA, 0x8C30, 0xBDB6, 0x7BEF, 0xF7BE, 0xCE79, 0x73AE, 0x736D, 0xC5F7, 0x3165, 0x2924, 0xEF7D,
  0xFFFF, 0xA514, 0xCE79, 0xAD55, 0x630C, 0x73AE, 0x738E, 0x738E, 0x39C7, 0x736D, 0xFFDF, 0xFFFF, 0xFFFF, 0xFFFF, 0xFFFF, 0xD69A,
  0x4208, 0x6B4D, 0x738E, 0x7BCF, 0x6B2C, 0x3186, 0xC638, 0xEF7D, 0xFFFF, 0xFFFF, 0xFFFF, 0xFFFF, 0xD69A, 0x4208, 0x41E7, 0x2104,
  0x18C3, 0x630C, 0x7BAE, 0x8C4F, 0xFF9B, 0xFF9B, 0xFFBC, 0x39C6, 0x7BAE, 0xF79E, 0xC617, 0x41E7, 0x20E3, 0xC638, 0xCE59, 0x5269,
  0x18A2, 0x5ACB, 0xF7BE, 0xFFFF, 0xFFFF, 0xA534, 0x3186, 0x736D, 0x39C7, 0x3186, 0x2924, 0x41E7, 0x0841, 0x8410, 0xFFFF, 0xFFDF,
  0xFFFF, 0xEF7D, 0x2945, 0x4228, 0x5269, 0x3186, 0x18A3, 0x3186, 0x4228, 0x2104, 0xCE39, 0xFFFF, 0xFFFF, 0xFFFF, 0xFFDF, 0xFFFF,
  0xAD55, 0x2924, 0x2924, 0x3165, 0xCE79, 0x4A49, 0xB553, 0xFFBC, 0xFF9B, 0xFFBC, 0x5AAA, 0x5AAA, 0xDEBA, 0x5ACB, 0x1082, 0x3186,
  0xD6BA, 0xB595, 0x0800, 0x528A, 0xFFFF, 0xFFFF, 0xFFFF, 0xEF5D, 0x3186, 0x2945, 0xB5B6, 0x39E7, 0x4A49, 0x1882, 0x736D, 0x528A,
  0xB575, 0xFFFF, 0xFFFF, 0xFFFF, 0xEF5D, 0x528A, 0x8C51, 0x9471, 0x41E7, 0x2924, 0x3186, 0xBDD7, 0x18C3, 0x9CF3, 0xFFFF, 0xFFFF,
  0xFFFF, 0xFFDF, 0xFFFF, 0xBDD7, 0x18A2, 0x18C3, 0x630C, 0xDEDB, 0x3186, 0xCE16, 0xFFBC, 0xFF9B, 0xFF9B, 0xCE36, 0x39A6, 0x2925,
  0x2104, 0x1082, 0x528A, 0xBDF7, 0x62EB, 0x4208, 0xDEDB, 0xFFFF, 0xFFFF, 0xFFFF, 0xFFFF, 0xA534, 0x18C3, 0x7BCF, 0x5269, 0x1082,
  0x2104, 0x4A28, 0x9CD3, 0xFFFF, 0xFFFF, 0xFFFF, 0xFFFF, 0xFFFF, 0xFFFF, 0x8410, 0x4A49, 0x1082, 0x18A2, 0x39C7, 0x4A69, 0x3186,
  0xE73C, 0xFFFF, 0xFFFF, 0xFFFF, 0xFFFF, 0xFFFF, 0xCE79, 0x20E3, 0x20E4, 0x20E3, 0x3186, 0x6B4C, 0xFFBC, 0xFF9B, 0xFFBC, 0xFF9B,
  0xFFBC, 0xEF3A, 0x9450, 0x2945, 0x5ACB, 0x5269, 0x738E, 0x0000, 0x8410, 0xFFFF, 0xFFDF, 0xFFFF, 0xFFFF, 0xFFFF, 0xFFFF, 0xBDF7,
  0x4A28, 0x62EB, 0x39C7, 0x4A69, 0x9CF3, 0xFFDF, 0xFFDF, 0xFFFF, 0xFFFF, 0xD6BA, 0xB5B6, 0xFFFF, 0xFFFF, 0xB5B6, 0x736D, 0x4A49,
  0x528A, 0x528A, 0xBDD7, 0xFFFF, 0xFFFF, 0xFFFF, 0xFFFF, 0xFFFF, 0xFFFF, 0xC618, 0x1882, 0x4208, 0x5ACB, 0x20E3, 0x4228, 0x9CD2,
  0xFFBC, 0xFF9B, 0xFFBC, 0xFF9B, 0xFFBC, 0xE6D9, 0x3165, 0x39A6, 0x5AAA, 0xAD34, 0x1061, 0x6B2C, 0xFFFF, 0xFFFF, 0xFFFF, 0xFFFF,
  0xFFFF, 0xFFFF, 0xFFFF, 0xFFFF, 0xFFFF, 0xF7BE, 0xFFFF, 0xFFFF, 0xFFFF, 0xFFFF, 0xFFDF, 0xFFFF, 0x83EF, 0x41E7, 0xFFFF, 0xFFFF,
  0xFFFF, 0xFFFF, 0xFFFF, 0xFFFF, 0xFFFF, 0xFFFF, 0xFFFF, 0xFFFF, 0xFFFF, 0xFFFF, 0xFFFF, 0xFFFF, 0xA534, 0x1062, 0x39C7, 0x528A,
  0x2104, 0x6985, 0x4144, 0x840F, 0xFFBC, 0xFFBC, 0xFF9B, 0xFF9B, 0xF77B, 0x9450, 0x3165, 0x6B4D, 0x8C30, 0x8C51, 0x52AA, 0xFFFF,
  0xFFFF, 0xFFFF, 0xFFFF, 0xFFFF, 0xFFFF, 0xFFFF, 0xFFFF, 0xFFFF, 0xFFFF, 0xFFFF, 0xFFFF, 0xFFFF, 0xFFFF, 0xFFDF, 0xFFFF, 0x8430,
  0x4208, 0xFFFF, 0xFFFF, 0xFFFF, 0xFFFF, 0xFFFF, 0xFFFF, 0xFFFF, 0xFFFF, 0xFFFF, 0xFFFF, 0xFFFF, 0xFFFF, 0xFFDF, 0xFFFF, 0x8C51,
  0x18A2, 0x4208, 0x18C3, 0x1082, 0x7984, 0xDA26, 0x4144, 0xBDD5, 0xFFBC, 0xFFBC, 0xFF9B, 0xFF7B, 0xFFBC, 0x7BAD, 0x8C51, 0x5AAA,
  0x2104, 0x3186, 0xF79E, 0xFFFF, 0xFFFF, 0xFFFF, 0xFFFF, 0xFFFF, 0xFFFF, 0xFFFF, 0xFFFF, 0xFFFF, 0xFFFF, 0xFFFF, 0xFFFF, 0xFFFF,
  0xFFDF, 0xFFFF, 0xB596, 0x1082, 0xDEFB, 0xFFFF, 0xFFFF, 0xFFFF, 0xFFFF, 0xFFFF, 0xFFFF, 0xFFFF, 0xFFFF, 0xFFFF, 0xFFFF, 0xFFFF,
  0xFFFF, 0xFFFF, 0x5ACB, 0x5269, 0xEF7D, 0x9492, 0x8C51, 0x31C7, 0xB1C4, 0x99C5, 0x52AA, 0xFFBC, 0xFF9B, 0xFFBC, 0xFFBC, 0xE6D9,
  0x6B6D, 0x4208, 0x9471, 0x9CF3, 0x52AA, 0xC638, 0xFFFF, 0xFFFF, 0xFFFF, 0xFFFF, 0xFFFF, 0xFFFF, 0xFFFF, 0xFFFF, 0xFFFF, 0xFFFF,
  0xFFFF, 0xFFFF, 0xFFFF, 0xFFFF, 0xFFFF, 0xF79E, 0x39A6, 0x62EB, 0xFFFF, 0xFFFF, 0xFFFF, 0xFFFF, 0xFFFF, 0xFFFF, 0xFFFF, 0xFFFF,
  0xFFFF, 0xFFFF, 0xFFFF, 0xFFFF, 0xFFFF, 0x39A6, 0x8C51, 0xEF7D, 0xCE79, 0xFFFF, 0x73CF, 0x7103, 0xCA06, 0x3165, 0xFF9B, 0xFF9B,
  0xFF9B, 0x83EF, 0x3165, 0x6185, 0x3104, 0x1062, 0x62EB, 0x4A28, 0x94B2, 0xFFFF, 0xFFDF, 0xFFFF, 0xFFFF, 0xFFFF, 0xFFFF, 0xFFFF,
  0xFFFF, 0xFFFF, 0xFFFF, 0xFFFF, 0xDEDB, 0xA514, 0xFFFF, 0xFFFF, 0xFFFF, 0xFFFF, 0x41E8, 0xC638, 0xFFFF, 0xFFDF, 0xFFFF, 0xFFFF,
  0xFFFF, 0xFFFF, 0xFFFF, 0xFFFF, 0xFFFF, 0xFFFF, 0xFFFF, 0xEF3C, 0x18C3, 0x8410, 0xFFDF, 0xE73C, 0xFFDF, 0x5B0C, 0x7943, 0xCA06,
  0x3124, 0xFF9B, 0xFFBC, 0x73AD, 0x4124, 0xB1C5, 0x8984, 0x2904, 0x81A5, 0x3924, 0x18C3, 0x630C, 0xFFFF, 0xFFFF, 0xFFFF, 0xFFFF,
  0xFFFF, 0xFFFF, 0xFFFF, 0xFFFF, 0xFFFF, 0xFFFF, 0xFFFF, 0x8C30, 0x6B2D, 0xDEDB, 0xFFFF, 0xCE79, 0xAD75, 0x4A49, 0xBDD7, 0xFFFF,
  0xFFFF, 0xFFFF, 0xFFFF, 0xFFFF, 0xFFFF, 0xFFFF, 0xFFFF, 0xFFFF, 0xFFDF, 0xFFFF, 0xAD55, 0x2062, 0x41E7, 0xC639, 0xE71B, 0xA555,
  0x2925, 0xC1E5, 0xB9E5, 0x3145, 0xFFBC, 0xCE36, 0x3125, 0xCA26, 0x99A4, 0x2166, 0x3145, 0xB1E5, 0x4965, 0x9CD3, 0x3166, 0xEF7D,
  0xFFFF, 0xFFFF, 0xFFFF, 0xFFFF, 0xFFFF, 0xFFFF, 0xFFFF, 0xFFFF, 0xF7BE, 0xFFFF, 0xC638, 0x3166, 0x1062, 0xBDB6, 0x8C71, 0x2904,
  0x738E, 0xF7BE, 0xFFFF, 0xE73C, 0xEF5D, 0xFFFF, 0xFFFF, 0xFFFF, 0xFFFF, 0xFFFF, 0xFFFF, 0xFFFF, 0xFFFF, 0x52CB, 0x8944, 0x8164,
  0x3165, 0x4A69, 0x3104, 0x9184, 0xEA46, 0x89A5, 0x4A69, 0xFFBC, 0x842F, 0x6985, 0xE246, 0x4103, 0x8CB2, 0x41E7, 0x2861, 0x5ACB,
  0xEF9D, 0x39A6, 0xA514, 0xFFFF, 0xFFDF, 0xFFFF, 0xFFFF, 0xFFFF, 0xFFFF, 0xFFFF, 0x8430, 0xBDB6, 0xFFFF, 0xFFFF, 0xFFBE, 0xE71C,
  0xF7BE, 0xFFFF, 0xFFFF, 0xFFFF, 0xFFFF, 0xFFFF, 0xAD55, 0x4A69, 0xFFFF, 0xFFFF, 0xFFFF, 0xFFFF, 0xFFFF, 0xFFFF, 0xFFFF, 0xD6DB,
  0x3104, 0xC1E5, 0xE245, 0xB1C4, 0x9984, 0xB9E5, 0xDA25, 0xDA46, 0x4944, 0xA512, 0xFFBC, 0x634C, 0x89A5, 0xD225, 0x3124, 0xBDD7,
  0xB596, 0x8C92, 0xDEFB, 0xF79E, 0x4208, 0x4208, 0xFFFF, 0xFFFF, 0xFFFF, 0xFFFF, 0xFFFF, 0xFFFF, 0xE6FB, 0x1061, 0x738E, 0xFFDF,
  0xEF7D, 0xCE9A, 0xB5F8, 0xEF9E, 0xFFFF, 0xB5D7, 0x9D14, 0xC638, 0xCE79, 0x630C, 0x1041, 0x9CB2, 0xFFFF, 0xFFFF, 0xFFFF, 0xFFFF,
  0xFFFF, 0xFFFF, 0x7BAF, 0x20A2, 0xBA06, 0xE245, 0xDA25, 0xE246, 0xE245, 0xDA26, 0x7185, 0x52AA, 0xFF9B, 0xFFBC, 0x6B6D, 0x81A5,
  0xE246, 0x30C3, 0xAD75, 0xF7BE, 0xEF5D, 0xFFBE, 0x9D14, 0x3904, 0x30E3, 0xAD96, 0xFFFF, 0xFFDF, 0xFFFF, 0xFFFF, 0xFFFF, 0xE73C,
  0x9CF3, 0x41E8, 0x2924, 0x2945, 0x4903, 0x58E3, 0x5A08, 0x5A8A, 0x5103, 0x6103, 0x28C2, 0x0841, 0x39C7, 0xD69A, 0xEF5D, 0xFFFF,
  0xFFFF, 0xFFFF, 0xFFFF, 0xFFFF, 0xDEDB, 0x2904, 0x5AEB, 0x3924, 0x91A5, 0xB9E5, 0xB1C5, 0xA1C5, 0x5965, 0x5289, 0xEF1A, 0xFFBC,
  0xFFBC, 0x7C0F, 0x7185, 0xEA46, 0x8144, 0x4249, 0xCE9A, 0xCE79, 0x8451, 0x3145, 0xB1C5, 0xA1A4, 0x31A6, 0xF79E, 0xFFFF, 0xFFFF,
  0xFFFF, 0xFFFF, 0xFFFF, 0xFFFF, 0xF7BE, 0x9CB2, 0x4A49, 0x5185, 0x7123, 0x60E2, 0x4881, 0x6903, 0x6965, 0x5228, 0x8C71, 0xF7BE,
  0xFFFF, 0xFFFF, 0xFFFF, 0xFFFF, 0xFFFF, 0xFFDF, 0xFFFF, 0x5AAA, 0x4A28, 0xFFBC, 0xC5D5, 0x6B4C, 0x5228, 0x41E7, 0x5289, 0x9CD2,
  0xFF9B, 0xFFBC, 0xFF9B, 0xFFBC, 0xBDB5, 0x4944, 0xD225, 0xDA25, 0x7943, 0x3904, 0x3945, 0x50E3, 0xB9E5, 0xE225, 0xCA26, 0x20A3,
  0x6B4D, 0xFFFF, 0xFFDF, 0xFFFF, 0xFFFF, 0xFFFF, 0xFFDF, 0xFFFF, 0xFFFF, 0xD6BA, 0x73CF, 0xA576, 0x9492, 0x8C72, 0x9D35, 0x8C72,
  0x738E, 0xFFFF, 0xFFFF, 0xFFFF, 0xFFFF, 0xFFFF, 0xFFFF, 0xFFDF, 0xFFFF, 0x9CB2, 0x20C3, 0xDEB8, 0xFFBC, 0xFFBC, 0xFFBC, 0xFFBC,
  0xFF9B, 0xFFBC, 0xFFBC, 0xFFBC, 0xFF9B, 0xFFBC, 0xFF9B, 0xFF7B, 0x31A6, 0x91A5, 0xE245, 0xDA05, 0xCA05, 0xCA05, 0xDA06, 0xE225,
  0xD245, 0x5944, 0x73AE, 0x3165, 0x8430, 0xFFFF, 0xFFFF, 0xFFFF, 0xFFFF, 0xFFFF, 0xFFFF, 0xFFDF, 0xE71C, 0x39A6, 0x7BAE, 0xD69A,
  0xD69A, 0x9471, 0x2945, 0xA534, 0xFFFF, 0xFFDF, 0xFFFF, 0xFFFF, 0xFFFF, 0xFFDF, 0xFFFF, 0xBDB6, 0x20E3, 0xA4F2, 0xFFBC, 0xFF9B,
  0xFF9B, 0xFF9B, 0xFFBC, 0xFFBC, 0xFF9B, 0xFF9B, 0xFF9B, 0xFFBC, 0xFFBC, 0xFF9B, 0xFFBC, 0xC5D5, 0x3124, 0x99A5, 0xDA25, 0xE246,
  0xE246, 0xDA25, 0xB1C5, 0x5144, 0x738D, 0xFFBC, 0xD657, 0x20E4, 0x8410, 0xFFFF, 0xFFFF, 0xFFDF, 0xFFFF, 0xFFFF, 0xFFFF, 0xFFFF,
  0xDEFB, 0x5ACB, 0x3186, 0x3166, 0x4A28, 0xBDD7, 0xFFFF, 0xFFFF, 0xFFFF, 0xFFFF, 0xFFFF, 0xFFDF, 0xFFFF, 0xBDD6, 0x2104, 0x83CE,
  0xFFBC, 0xFF9B, 0xFFBC, 0xFFBC, 0xFFBC, 0xFF9B, 0xFF9B, 0xFFBC, 0xFFBC, 0xFFBC, 0xFFBC, 0xFFBC, 0xFFBC, 0xFF9B, 0xFFBC, 0xBDB5,
  0x4208, 0x5164, 0x7185, 0x6965, 0x5965, 0x41E7, 0x9CD2, 0xFFBC, 0xFF9B, 0xFFBC, 0xD657, 0x3165, 0x62EB, 0xE73C, 0xFFFF, 0xFFFF,
  0xFFDF, 0xFFFF, 0xFFFF, 0xFFFF, 0xFFFF, 0xFFDF, 0xF7BE, 0xFFFF, 0xFFFF, 0xFFFF, 0xFFFF, 0xFFFF, 0xFFFF, 0xFFFF, 0xFFFF, 0x94B2,
  0x1082, 0x3186, 0xFF7B, 0xFF9B, 0xFF9B, 0xFFBC, 0xFFBC, 0xFFBC, 0xFFBC, 0xFFBC, 0xFFBC, 0xFFBC, 0xFFBC, 0xFFBC, 0xFFBC, 0xFFBC,
  0xFFBC, 0xFF9B, 0xFFBC, 0xFF7B, 0xC616, 0x9D12, 0x9CF2, 0xBDF5, 0xF77B, 0xFFBC, 0xFF9B, 0xFFBC, 0xFF7B, 0xFFBC, 0xBDB5, 0x18C3,
  0x2924, 0x9CD3, 0xFFDF, 0xFFFF, 0xFFFF, 0xFFFF, 0xFFDF, 0xFFDF, 0xFFFF, 0xFFFF, 0xFFDF, 0xFFDF, 0xFFFF, 0xFFFF, 0xFFFF, 0xFFFF,
  0xD69A, 0x5269, 0x2924, 0xAD55, 0x41E7, 0xD657, 0xFF9B, 0xFF9B, 0xFFBC, 0xFFBC, 0xFFBC, 0xFFBC, 0xFFBC, 0xFFBC, 0xFFBC, 0xFFBC,
  0xFFBC, 0xFFBC, 0xFFBC, 0xFFBC, 0xFFBC, 0xFF9B, 0xFFBC, 0xFFBC, 0xFFBC, 0xFFBC, 0xFFBC, 0xFFBC, 0xFF9B, 0xFF9B, 0xFF9B, 0xFF9B,
  0xFF9B, 0x9CB1, 0x5ACB, 0xA534, 0x3165, 0x3166, 0x8410, 0xD6BA, 0xFFFF, 0xFFFF, 0xFFFF, 0xFFFF, 0xFFFF, 0xFFFF, 0xFFFF, 0xFFFF,
  0xF7BE, 0xBDD7, 0x5ACB, 0x20E4, 0x630C, 0xE73C, 0xFFFF, 0x6B2C, 0x83CE, 0xFFBC, 0xFF9B, 0xFFBC, 0xFFBC, 0xFFBC, 0xFFBC, 0xFFBC,
  0xFFBC, 0xFFBC, 0xFFBC, 0xFFBC, 0xFFBC, 0xFFBC, 0xFFBC, 0xFFBC, 0xFFBC, 0xFF9B, 0xFF9B, 0xFF9B, 0xFF9B, 0xFF9B, 0xFF9B, 0xFF9B,
  0xFFBC, 0xFFBC, 0xFF9B, 0xFF9B, 0x6B0B, 0x8410, 0xFFFF, 0xF7BE, 0xA4F4, 0x4A28, 0x2104, 0x39A6, 0x5ACB, 0x8410, 0x9CB2, 0xA514,
  0x9492, 0x7BCF, 0x528A, 0x3166, 0x2945, 0x630C, 0xD679, 0xFFFF, 0xFFFF, 0xFFFF, 0xD69A, 0x3145, 0xE6D9, 0xFFBC, 0xFF9B, 0xFF9B,
  0xFF9B, 0xFF9B, 0xFF9B, 0xFF9B, 0xFFBC, 0xFFBC, 0xFFBC, 0xFFBC, 0xFFBC, 0xFFBC, 0xFFBC, 0xFFBC, 0xFFBC, 0xFFBC, 0xFFBC, 0xFFBC,
  0xFFBC, 0xFFBC, 0xFFBC, 0xFF7B, 0xEF1A, 0xFF9B, 0xFFBC, 0x41C7, 0xAD75, 0xFFDF, 0xFFFF, 0xFFFF, 0xFFFF, 0xDEDB, 0xA514, 0x73AE,
  0x528A, 0x4208, 0x41E7, 0x4A28, 0x5ACB, 0x83EF, 0xBDB6, 0xEF7D, 0xFFFF, 0xFFFF, 0xFFFF, 0xFFFF, 0xFFFF, 0xFFFF, 0x8C30, 0x3986,
  0xEF1A, 0xFFBC, 0xFFBC, 0xFFBC, 0xFFBC, 0xFFBC, 0xFFBC, 0xFF9B, 0xFFBC, 0xFFBC, 0xFFBC, 0xFFBC, 0xFFBC, 0xFFBC, 0xFFBC, 0xFFBC,
  0xFFBC, 0xFFBC, 0xFF9B, 0xFF9B, 0xFF7B, 0x840F, 0x39C7, 0x2966, 0x4208, 0x736D, 0x3145, 0xEF5C, 0xFFFF, 0xFFDF, 0xFFDF, 0xFFDF,
  0xFFFF, 0xFFFF, 0xFFFF, 0xFFFF, 0xFFFF, 0xFFFF, 0xFFFF, 0xFFFF, 0xFFFF, 0xFFFF, 0xFFFF, 0xFFFF, 0xFFFF, 0xFFFF, 0xFFFF, 0xFFFF,
  0xFFDF, 0xFFDF, 0x738E, 0x39A6, 0x6B2C, 0x5AAA, 0x736D, 0x7BAD, 0x8C2F, 0xDE98, 0xFFBC, 0xFF9B, 0xFFBC, 0xFFBC, 0xFFBC, 0xFFBC,
  0xFFBC, 0xFFBC, 0xFFBC, 0xFFBC, 0xFF9B, 0xFF7B, 0xFFBC, 0x7BAD, 0x3945, 0x7165, 0x7985, 0x3924, 0x2104, 0x2945, 0x8430, 0xDEBA,
  0xFFFF, 0xFFFF, 0xFFFF, 0xFFFF, 0xFFDF, 0xFFFF, 0xFFDF, 0xFFDF, 0xFFDF, 0xFFDF, 0xFFDF, 0xFFDF, 0xFFDF, 0xFFDF, 0xFFFF, 0xFFFF,
  0xFFDF, 0xFFFF, 0xFFFF, 0xFFFF, 0xFFFF, 0xF79E, 0x3165, 0x1904, 0x2925, 0x3124, 0x2924, 0x4144, 0x3165, 0xD657, 0xFFBC, 0xFF9B,
  0xFFBC, 0xFFBC, 0xFFBC, 0xFFBC, 0xFFBC, 0xFFBC, 0xFF9B, 0xFFBC, 0xFFBC, 0xF75A, 0x2945, 0x3124, 0x5144, 0x4944, 0x3944, 0x2104,
  0x4944, 0x2882, 0x2945, 0x7BCF, 0x52CB, 0x7BCF, 0xE73C, 0xFFFF, 0xFFFF, 0xFFFF, 0xFFFF, 0xFFFF, 0xFFFF, 0xFFFF, 0xFFFF, 0xFFFF,
  0xFFFF, 0xFFFF, 0xFFFF, 0xFFFF, 0xFFFF, 0xFFFF, 0xF7BE, 0xA514, 0x4A49, 0x20E3, 0x5965, 0x4944, 0x4945, 0x5965, 0xDA46, 0x4124,
  0x840F, 0xFFBC, 0xFF9B, 0xFFBC, 0xFFBC, 0xFFBC, 0xFFBC, 0xFFBC, 0xFF9B, 0xFFBC, 0xEEF9, 0x7BCE, 0x4248, 0x2924, 0x91A5, 0xCA05,
  0x7184, 0x18E4, 0x91A5, 0xDA25, 0xD246, 0x3924, 0x18A2, 0x5903, 0x3082, 0x39E7, 0x632D, 0x39E8, 0x5AEC, 0xB596, 0x8C72, 0x6B8E,
  0xAD75, 0xEF3C, 0xAD55, 0x8C71, 0xCE38, 0xDEBA, 0x7BCF, 0x5B0C, 0x8430, 0x526A, 0x1062, 0x28E3, 0x1904, 0xA9E5, 0xB9E5, 0x2904,
  0x3924, 0x89A5, 0x3125, 0xA4D2, 0xFFBC, 0xFF9B, 0xFFBC, 0xFFBC, 0xFFBC, 0xFFBC, 0xFF9B, 0xFF9B, 0xF75A, 0x4228, 0x6165, 0x7185,
  0x2904, 0xD205, 0xF245, 0xA1C5, 0x3104, 0xDA25, 0xE225, 0xBA05, 0x3924, 0xA9E5, 0xEA46, 0xCA26, 0x28E3, 0x40E3, 0x9164, 0x5103,
  0x10A2, 0x38C3, 0x38A2, 0x18A3, 0x2945, 0x20A2, 0x2882, 0x20E3, 0x2104, 0x28A2, 0x48E3, 0x1882, 0x20E3, 0xA9E5, 0xD205, 0x5944,
  0x4124, 0xA9E5, 0x3104, 0x5965, 0x2104, 0x2945, 0xEEF9, 0xFFBC, 0xFF9B, 0xFFBC, 0xFFBC, 0xFFBC, 0xFFBC, 0xFF9B, 0xFFBC, 0xBDB5,
  0x4145, 0xDA46, 0xDA25, 0x4924, 0x4924, 0x7985, 0x3124, 0x2104, 0x89A5, 0xDA25, 0x7164, 0x5144, 0xEA45, 0xD205, 0xD205, 0x4124,
  0xCA26, 0xFA65, 0xBA05, 0x5145, 0xDA26, 0xE246, 0x7185, 0x3904, 0xB9E5, 0xDA46, 0x7185, 0x4124, 0xD226, 0xEA46, 0x91C5, 0x3924,
  0xB9E5, 0xC9E5, 0x91A5, 0x18E4, 0x18E4, 0x6165, 0xC206, 0x2925, 0x9470, 0xFFBC, 0xFF9B, 0xFFBC, 0xFFBC, 0xFFBC, 0xFFBC, 0xFFBC,
  0xFF9B, 0xFFBC, 0xC5D5, 0x3945, 0xC206, 0xE246, 0x5144, 0x3124, 0x2104, 0x2104, 0x2104, 0x18E4, 0x3124, 0x2904, 0x3124, 0xB1E5,
  0xD205, 0x89A5, 0x2904, 0x7985, 0xA9C5, 0x4944, 0x3924, 0xCA05, 0xEA45, 0x8185, 0x5944, 0xEA25, 0xF245, 0x91A5, 0x6164, 0xC1E5,
  0xD1E5, 0xB1E5, 0x18E4, 0x5944, 0x7185, 0x2904, 0x5965, 0xA1C5, 0x3904, 0x3125, 0x734C, 0xFFBC, 0xFF9B, 0xFF9B, 0xFFBC, 0xFFBC,
  0xFFBC, 0xFFBC, 0xFFBC, 0xFF9B, 0xFF9B, 0xFF9B, 0x5AEB, 0x4145, 0x5944, 0x2904, 0xD226, 0x6144, 0x1904, 0x3924, 0x91A5, 0x3124,
  0x2104, 0x3104, 0x3924, 0x3924, 0x2104, 0x2104, 0x18E4, 0x18E4, 0x2104, 0x2104, 0x4124, 0x6144, 0x2904, 0x2104, 0x6164, 0x7164,
  0x3104, 0x2904, 0x6144, 0x8185, 0x4124, 0x3124, 0x3124, 0x3924, 0x3924, 0x99C5, 0x89A5, 0x41E7, 0xA4D2, 0xFFBC, 0xFF9B, 0xFF9B,
  0xFFBC, 0xFFBC, 0xFFBC, 0xFFBC, 0xFFBC, 0xFFBC, 0xFFBC, 0xFF9B, 0xFFBC, 0xFF7B, 0xA4F2, 0x5AEB, 0x2924, 0x7965, 0x7985, 0x1904,
  0x4944, 0xE246, 0x6965, 0x18E4, 0xB1E5, 0x91A5, 0x10E4, 0x2924, 0x4944, 0xB9E5, 0x7185, 0x2104, 0x2104, 0x5144, 0x99A5, 0x6965,
  0x2104, 0x4124, 0x89A5, 0x5144, 0x1904, 0x7185, 0x4144, 0x1104, 0x6165, 0x5944, 0x3124, 0x3945, 0x52AA, 0x83EF, 0xEF1A, 0xFFBC,
  0xFF9B, 0xFF9B, 0xFFBC, 0xFFBC, 0xFFBC, 0xFFBC, 0xFFBC, 0xFFBC, 0xFFBC, 0xFFBC, 0xFFBC, 0xFFBC, 0xFFBC, 0xFFBC, 0xFFBC, 0x8C2F,
  0x2125, 0x2924, 0x2945, 0x2925, 0x4124, 0x3124, 0x2924, 0xCA05, 0xB1C5, 0x7985, 0x2924, 0x89A5, 0xF245, 0x9185, 0x7985, 0x2904,
  0x99C5, 0xDA25, 0x99A5, 0x2904, 0x7185, 0xD226, 0x7185, 0x18E4, 0x7985, 0x4144, 0x2925, 0x2925, 0x39C7, 0x738D, 0xAD53, 0xFFBC,
  0xFFBC, 0xFFBC, 0xFF9B, 0xFFBC, 0xFFBC, 0xFFBC, 0xFFBC, 0xFFBC, 0xFFBC, 0xFFBC, 0xFFBC, 0xFFBC, 0xFFBC, 0xFFBC, 0xFFBC, 0xFF9B,
  0xFF9B, 0xFF9B, 0xFFBC, 0xD657, 0xAD12, 0xC5D5, 0xA4D2, 0x528A, 0x39E7, 0x2124, 0x4924, 0x91A5, 0x6164, 0x1904, 0x5144, 0xC205,
  0xCA05, 0x7985, 0x2104, 0x3924, 0x8985, 0x6164, 0x2124, 0x3125, 0x4945, 0x3125, 0x39A6, 0x2145, 0x41E7, 0x9470, 0xC5D5, 0xEF3A,
  0xFFBC, 0xFFBC, 0xFFBC, 0xFF9B, 0xFF9B, 0xFFBC, 0xFFBC, 0xFFBC, 0xFFBC, 0xFFBC, 0xFFBC, 0xFFBC, 0xFFBC, 0xFFBC, 0xFFBC, 0xFFBC,
  0xFFBC, 0xFFBC, 0xFFBC, 0xFFBC, 0xFFBC, 0xFF9B, 0xFFBC, 0xFFBC, 0xFFBC, 0xFFBC, 0xFFBC, 0xFF7B, 0xA4F2, 0x39E7, 0x2125, 0x39E7,
  0x39C6, 0x2104, 0x3104, 0x4124, 0x2124, 0x630B, 0x5ACA, 0x31C7, 0x52AA, 0xBD74, 0xAD33, 0x842F, 0xB574, 0xF75A, 0xEF19, 0xFF7B,
  0xFFBC, 0xFFBC, 0xFFBC, 0xFF9B, 0xFF9B, 0xFFBC, 0xFFBC, 0xFFBC, 0xFFBC, 0xFFBC, 0xFFBC, 0xFFBC, 0xFFBC, 0xFFBC, 0xFFBC, 0xFFBC,
  0xFFBC, 0xFFBC, 0xFFBC, 0xFFBC, 0xFFBC, 0xFFBC, 0xFFBC, 0xFFBC, 0xFFBC, 0xFF9B, 0xFF9B, 0xFF9B, 0xFF9B, 0xFF9B, 0xFFBC, 0xFFBC,
  0xF75A, 0xDE98, 0xFF7B, 0xDEB8, 0x62EB, 0x3186, 0x39E7, 0x9450, 0xFFBC, 0xFFBC, 0xF75A, 0xFFBC, 0xFFBC, 0xFFBC, 0xFFBC, 0xFFBC,
  0xFFBC, 0xFFBC, 0xFFBC, 0xFF9B, 0xFF9B, 0xFF9B, 0xFFBC, 0xFFBC, 0xFFBC, 0xFFBC, 0xFFBC, 0xFFBC, 0xFFBC, 0xFFBC, 0xFFBC, 0xFFBC,
  0xFFBC, 0xFFBC,
};

const uint16_t LOGO_GRANDE_ANCHO = 123;
const uint16_t LOGO_GRANDE_ALTO = 170;
const uint16_t LOGO_GRANDE[] PROGMEM = {
  0xFFBC, 0xFFBC, 0xFFBC, 0xFFBC, 0xFFBC, 0xFFBC, 0xFFBC, 0xFFBC, 0xFFBC, 0xFFBC, 0xFFBC, 0xFFBC, 0xFFBC, 0xFFBC, 0xFFBC, 0xFFBC,
  0xFFBC, 0xFFBC, 0xFFBC, 0xFFBC, 0xFFBC, 0xFFBC, 0xFFBC, 0xFFBC, 0xFFBC, 0xFFBC, 0xFFBC, 0xFFBC, 0xFFBC, 0xFFBC, 0xFFBC, 0xFFBC,
  0xFFBC, 0xFFBC, 0xFFBC, 0xFFBC, 0xFFBC, 0xFFBC, 0xFFBC, 0xFF9B, 0xFF9B, 0xFFBC, 0xFF9B, 0xFFBC, 0xFFBC, 0xFFBC, 0xFFBC, 0xFFBC,
  0xE6F9, 0xC5F6, 0xB574, 0x9C91, 0xAD53, 0xCE16, 0xE6D9, 0xD657, 0xD678, 0xA4F2, 0x4A69, 0x41E8, 0x41E7, 0x83EE, 0xFF7B, 0xFFBC,
  0xFFBC, 0xCE36, 0x9470, 0xA4F2, 0xB574, 0x736D, 0x840F, 0xD657, 0xFF7B, 0xF75B, 0xBDB5, 0x7BAE, 0x6B2C, 0x9C91, 0xBDB4, 0xC5F5,
  0xFF9C, 0xFFBC, 0xFF9B, 0xFF9B, 0xFFBC, 0xFFBC, 0xFFBC, 0xFFBC, 0xFFBC, 0xFF9B, 0xFFBC, 0xFFBC, 0xFFBC, 0xFFBC, 0xFFBC, 0xFFBC,
  0xFFBC, 0xFFBC, 0xFFBC, 0xFFBC, 0xFFBC, 0xFFBC, 0xFFBC, 0xFFBC, 0xFFBC, 0xFFBC, 0xFFBC, 0xFFBC, 0xFFBC, 0xFFBC, 0xFFBC, 0xFFBC,
  0xFFBC, 0xFFBC, 0xFFBC, 0xFFBC, 0xFFBC, 0xFFBC, 0xFFBC, 0xFFBC, 0xFFBC, 0xFFBC, 0xFFBC, 0xFFBC, 0xFFBC, 0xFFBC, 0xFFBC, 0xFFBC,
  0xFFBC, 0xFFBC, 0xFFBC, 0xFFBC, 0xFFBC, 0xFFBC, 0xFFBC, 0xFFBC, 0xFFBC, 0xFFBC, 0xFFBC, 0xFFBC, 0xFFBC, 0xFFBC, 0xFFBC, 0xFFBC,
  0xFFBC, 0xFFBC, 0xFFBC, 0xFFBC, 0xFFBC, 0xFFBC, 0xFFBC, 0xFFBC, 0xFFBC, 0xFFBC, 0xFFBC, 0xFFBC, 0xFFBC, 0xFFBC, 0xFF9B, 0xFF9B,
  0xFF9B, 0xFF9B, 0xFFBC, 0xFFBC, 0xFF9B, 0xFFBC, 0xFFBC, 0xDEB9, 0xDE98, 0x9470, 0x6B4C, 0x39C7, 0x2945, 0x2924, 0x2904, 0x2924,
  0x2965, 0x3185, 0x3186, 0x3186, 0x2925, 0x20E3, 0x20E3, 0x20E3, 0x2924, 0x7BAD, 0xCE37, 0x6B2C, 0x2924, 0x2124, 0x2924, 0x2924,
  0x2104, 0x2104, 0x2924, 0x4207, 0x41E7, 0x2945, 0x18C3, 0x18E3, 0x18C3, 0x2104, 0x2945, 0x5ACA, 0xD677, 0xFFBC, 0xFFBC, 0xD677,
  0xD657, 0xF77B, 0xCE37, 0xE6D9, 0xFFBC, 0xFF9B, 0xFFBC, 0xFF9B, 0xFFBC, 0xFFBC, 0xFFBC, 0xFFBC, 0xFFBC, 0xFFBC, 0xFFBC, 0xFFBC,
  0xFFBC, 0xFFBC, 0xFFBC, 0xFFBC, 0xFFBC, 0xFFBC, 0xFFBC, 0xFFBC, 0xFFBC, 0xFFBC, 0xFFBC, 0xFFBC, 0xFFBC, 0xFFBC, 0xFFBC, 0xFFBC,
  0xFFBC, 0xFFBC, 0xFFBC, 0xFFBC, 0xFFBC, 0xFFBC, 0xFFBC, 0xFFBC, 0xFFBC, 0xFFBC, 0xFFBC, 0xFFBC, 0xFFBC, 0xFFBC, 0xFFBC, 0xFFBC,
  0xFFBC, 0xFFBC, 0xFFBC, 0xFFBC, 0xFFBC, 0xFFBC, 0xFFBC, 0xFFBC, 0xFFBC, 0xFFBC, 0xFFBC, 0xFFBC, 0xFFBC, 0xFFBC, 0xFFBC, 0xFFBC,
  0xFFBC, 0xFFBC, 0xFFBC, 0xFFBC, 0xFFBC, 0xFFBC, 0xFFBC, 0xFFBC, 0xFFBC, 0xFFBC, 0xFFBC, 0xFFBC, 0xFFBC, 0xE6D9, 0xF77B, 0xFFBC,
  0xE6D9, 0x5AAA, 0x39A6, 0x39A6, 0x2924, 0x2104, 0x2104, 0x2104, 0x2924, 0x2924, 0x2924, 0x2104, 0x2104, 0x2104, 0x2104, 0x2924,
  0x2924, 0x2924, 0x2924, 0x2924, 0x2924, 0x3165, 0x2104, 0x2104, 0x2924, 0x2904, 0x2924, 0x2924, 0x2924, 0x2104, 0x2104, 0x20E4,
  0x18A2, 0x9CB2, 0xC638, 0x7BAE, 0x39C7, 0x2104, 0x20E3, 0x39C7, 0xD677, 0xCE16, 0x3186, 0x3165, 0x39A6, 0x2925, 0x39C7, 0xD677,
  0xFFBC, 0xFFBC, 0xFFBC, 0xFFBC, 0xFF9B, 0xFF9B, 0xFFBC, 0xFFBC, 0xFFBC, 0xFFBC, 0xFFBC, 0xFFBC, 0xFFBC, 0xFFBC, 0xFFBC, 0xFFBC,
  0xFFBC, 0xFFBC, 0xFFBC, 0xFFBC, 0xFFBC, 0xFFBC, 0xFFBC, 0xFFBC, 0xFFBC, 0xFFBC, 0xFFBC, 0xFFBC, 0xFFBC, 0xFFBC, 0xFFBC, 0xFFBC,
  0xFFBC, 0xFFBC, 0xFFBC, 0xFFBC, 0xFFBC, 0xFFBC, 0xFFBC, 0xFFBC, 0xFFBC, 0xFFBC, 0xFFBC, 0xFFBC, 0xFFBC, 0xFFBC, 0xFFBC, 0xFFBC,
  0xFFBC, 0xFFBC, 0xFFBC, 0xFFBC, 0xFFBC, 0xFFBC, 0xFFBC, 0xFFBC, 0xFFBC, 0xFFBC, 0xFFBC, 0xFFBC, 0xFFBC, 0xFFBC, 0xFF9B, 0xFF9B,
  0xFF9B, 0xFF9B, 0xFF9B, 0xFFBC, 0xCDF6, 0xA4D1, 0xD657, 0x9491, 0x3186, 0x4208, 0x7BCE, 0x39E7, 0x2104, 0x2104, 0x2104, 0x2104,
  0x18C3, 0x2104, 0x2924, 0x18C3, 0x20E3, 0x2124, 0x2104, 0x2104, 0x2124, 0x2924, 0x2104, 0x2104, 0x2104, 0x2104, 0x2104, 0x2104,
  0x2104, 0x2924, 0x2104, 0x2104, 0x2104, 0x2104, 0x2104, 0x2104, 0x2104, 0x2104, 0x2924, 0x7BEF, 0xFFDF, 0xFFFF, 0xE73C, 0xDEDB,
  0x5AAA, 0x18C3, 0x2104, 0x3165, 0x3166, 0x2104, 0x20E3, 0x3165, 0x2924, 0x18C3, 0x4A28, 0xDEB8, 0xF75B, 0xFFBC, 0xFF9C, 0xFFBC,
  0xFFBC, 0xFF9B, 0xFFBC, 0xFFBC, 0xFFBC, 0xFFBC, 0xFFBC, 0xFFBC, 0xFFBC, 0xFFBC, 0xFFBC, 0xFFBC, 0xFFBC, 0xFFBC, 0xFFBC, 0xFFBC,
  0xFFBC, 0xFFBC, 0xFFBC, 0xFFBC, 0xFFBC, 0xFFBC, 0xFFBC, 0xFFBC, 0xFFBC, 0xFFBC, 0xFFBC, 0xFFBC, 0xFFBC, 0xFFBC, 0xFFBC, 0xFFBC,
  0xFFBC, 0xFFBC, 0xFFBC, 0xFFBC, 0xFFBC, 0xFFBC, 0xFFBC, 0xFFBC, 0xFFBC, 0xFFBC, 0xFFBC, 0xFFBC, 0xFFBC, 0xFFBC, 0xFFBC, 0xFFBC,
  0xFFBC, 0xFFBC, 0xFFBC, 0xFFBC, 0xFFBC, 0xFFBC, 0xFFBC, 0xFFBC, 0xFF9B, 0xFFBC, 0xFFBC, 0xFFBC, 0xFFBC, 0xFFBC, 0xFFBC, 0x6B2C,
  0x2924, 0x18C3, 0x3186, 0x2104, 0x20E4, 0x2104, 0x2104, 0x2924, 0x2104, 0x18C3, 0x2945, 0x632C, 0x2945, 0x18C3, 0x52AA, 0x4208,
  0x20E3, 0x2924, 0x2104, 0x2104, 0x2104, 0x2104, 0x2104, 0x2104, 0x2104, 0x2945, 0x2104, 0x2104, 0x2104, 0x2924, 0x2104, 0x2104,
  0x3165, 0x20E3, 0x2104, 0x2924, 0x18A3, 0x6B2C, 0xDEFB, 0xC638, 0xCE59, 0xE71C, 0xFFDE, 0xCE59, 0x2945, 0x2104, 0x2104, 0x2104,
  0x20C3, 0x4A29, 0xCE59, 0x9CB2, 0x20E3, 0x41E7, 0xE6D9, 0x5A8A, 0x41E7, 0x5269, 0x9470, 0xEF1A, 0xFFBC, 0xFF9B, 0xFFBC, 0xFF9B,
  0xFF9B, 0xFFBC, 0xFFBC, 0xFFBC, 0xFFBC, 0xFFBC, 0xFFBC, 0xFFBC, 0xFFBC, 0xFFBC, 0xFFBC, 0xFFBC, 0xFFBC, 0xFFBC, 0xFFBC, 0xFFBC,
  0xFFBC, 0xFFBC, 0xFFBC, 0xFFBC, 0xFFBC, 0xFFBC, 0xFFBC, 0xFFBC, 0xFFBC, 0xFFBC, 0xFFBC, 0xFFBC, 0xFFBC, 0xFFBC, 0xFFBC, 0xFFBC,
  0xFFBC, 0xFFBC, 0xFFBC, 0xFFBC, 0xFFBC, 0xFFBC, 0xFFBC, 0xFFBC, 0xFFBC, 0xFFBC, 0xFFBC, 0xFFBC, 0xFFBC, 0xFFBC, 0xFF9B, 0xFF9B,
  0xFF9B, 0xFF9B, 0xFF9B, 0xFFBC, 0xFFBC, 0x9C91, 0x83CE, 0xA4F2, 0xFFBC, 0xF77B, 0x4207, 0x20E3, 0x6B4C, 0xD6BA, 0x528A, 0x18C3,
  0x2945, 0x2104, 0x2104, 0x2924, 0x5AAA, 0xAD75, 0xD679, 0x9CF3, 0x18C3, 0xB5B6, 0xA514, 0x18C3, 0x2924, 0x2924, 0x2104, 0x2104,
  0x2104, 0x2104, 0x2924, 0x18A2, 0x94B2, 0x5289, 0x18C3, 0x2104, 0x2104, 0x18C3, 0x62EB, 0xC617, 0x83EF, 0x20E4, 0x2924, 0x18C3,
  0x4A28, 0xCE38, 0xCE59, 0xA514, 0xD69A, 0xFFFF, 0xFFFF, 0x5269, 0x18C3, 0x2924, 0x2924, 0x18C3, 0x4A69, 0xD679, 0x9492, 0x18C3,
  0x39C7, 0x83EE, 0x2924, 0x2924, 0x20E3, 0x2104, 0x4A48, 0xF77B, 0xFF9B, 0xFF9B, 0xFFBC, 0xFFBC, 0xFFBC, 0xFF9B, 0xFF9B, 0xFFBC,
  0xFFBC, 0xFFBC, 0xFFBC, 0xFFBC, 0xFFBC, 0xFFBC, 0xFFBC, 0xFFBC, 0xFFBC, 0xFFBC, 0xFFBC, 0xFFBC, 0xFFBC, 0xFFBC, 0xFFBC, 0xFFBC,
  0xFFBC, 0xFFBC, 0xFFBC, 0xFFBC, 0xFFBC, 0xFFBC, 0xFFBC, 0xFFBC, 0xFFBC, 0xFFBC, 0xFFBC, 0xFFBC, 0xFFBC, 0xFFBC, 0xFFBC, 0xFFBC,
  0xFFBC, 0xFFBC, 0xFFBC, 0xFFBC, 0xFFBC, 0xFFBC, 0xFFBC, 0xFFBC, 0xFFBC, 0xFFBC, 0xFFBC, 0xFFBC, 0xFFBC, 0xFFBC, 0xEF1A, 0x630B,
  0x18C3, 0x2104, 0x2104, 0x9491, 0x738D, 0x20E3, 0x9CB2, 0xFFDF, 0xFFFF, 0x8C30, 0x18A2, 0x2945, 0x18C3, 0x738E, 0xC5F8, 0xCE38,
  0xCE59, 0xC5F7, 0xAD75, 0x2924, 0x31A6, 0x39A6, 0x20E3, 0x20E3, 0x2104, 0x2924, 0x2104, 0x2104, 0x2104, 0x2924, 0x20E3, 0x4A28,
  0x39A6, 0x20E3, 0x2945, 0x39C7, 0x18C3, 0x528A, 0xCE79, 0xC617, 0x39A6, 0x20E3, 0x2924, 0x20E3, 0x4A49, 0x5AAA, 0x18C3, 0x3165,
  0x8C30, 0x7BAE, 0x2104, 0x2104, 0x2104, 0x2104, 0x2104, 0x20E4, 0x3186, 0x2104, 0x2104, 0x2104, 0x2104, 0x18C3, 0xB595, 0x7BCF,
  0x18C3, 0x2945, 0xBDB5, 0xFFBC, 0xFFBC, 0xE6F9, 0xD678, 0xFFBC, 0xFFBC, 0xFFBC, 0xFF9B, 0xFFBC, 0xFFBC, 0xFFBC, 0xFFBC, 0xFFBC,
  0xFFBC, 0xFFBC, 0xFFBC, 0xFFBC, 0xFFBC, 0xFFBC, 0xFFBC, 0xFFBC, 0xFFBC, 0xFFBC, 0xFFBC, 0xFFBC, 0xFFBC, 0xFFBC, 0xFFBC, 0xFFBC,
  0xFFBC, 0xFFBC, 0xFFBC, 0xFFBC, 0xFFBC, 0xFFBC, 0xFFBC, 0xFFBC, 0xFFBC, 0xFFBC, 0xFFBC, 0xFFBC, 0xFFBC, 0xFFBC, 0xFFBC, 0xFFBC,
  0xFFBC, 0xFFBC, 0xFFBC, 0xFF9B, 0xFFBC, 0xE6B9, 0xC5D6, 0x738D, 0x736D, 0x39A6, 0x3186, 0x5ACB, 0x18A2, 0x39C7, 0x83EF, 0x18C3,
  0x5AAA, 0xFFFF, 0xF79D, 0xBDF7, 0x3186, 0x20E4, 0x2104, 0x20E3, 0xA4F3, 0xDEBA, 0xC618, 0xAD55, 0xC638, 0xC638, 0x41E7, 0x18C3,
  0x18C3, 0x39A6, 0x9CD2, 0x3186, 0x18A3, 0x2924, 0x2924, 0x2104, 0x2104, 0x2924, 0x20E3, 0x2104, 0x18A3, 0x6B2C, 0xC5F7, 0x3165,
  0x20E3, 0xBDB6, 0xC617, 0x3165, 0x2104, 0x2924, 0x2924, 0x18C3, 0x18C3, 0x2104, 0x20E3, 0x1082, 0x18A2, 0x2104, 0x2104, 0x2104,
  0x2104, 0x2104, 0x2104, 0x20E3, 0x20E3, 0x2924, 0x2104, 0x2925, 0x18A2, 0xB575, 0x9CB2, 0x18A2, 0x2925, 0x840F, 0xF75B, 0x9470,
  0x3186, 0x3165, 0x62EB, 0xAD33, 0xEF1A, 0xFFBC, 0xFF9B, 0xFFBC, 0xFFBC, 0xFFBC, 0xFFBC, 0xFFBC, 0xFFBC, 0xFFBC, 0xFFBC, 0xFFBC,
  0xFFBC, 0xFFBC, 0xFFBC, 0xFFBC, 0xFFBC, 0xFFBC, 0xFFBC, 0xFFBC, 0xFFBC, 0xFFBC, 0xFFBC, 0xFFBC, 0xFFBC, 0xFFBC, 0xFFBC, 0xFFBC,
  0xFFBC, 0xFFBC, 0xFFBC, 0xFFBC, 0xFFBC, 0xFFBC, 0xFFBC, 0xFFBC, 0xFFBC, 0xFFBC, 0xFFBC, 0xFFBC, 0xFFBC, 0xFF9B, 0xFFBC, 0x83CE,
  0x3165, 0x3165, 0x2924, 0x20E4, 0x39C7, 0xD69A, 0xDEFB, 0x630C, 0xC618, 0x8C71, 0x18A3, 0x3165, 0xCE58, 0xFFDE, 0x4208, 0x1082,
  0x2945, 0x39A6, 0x1061, 0x9492, 0xD6BA, 0x736D, 0x20E3, 0x6B2C, 0x8410, 0x3165, 0x20E4, 0x2945, 0xAD54, 0xD699, 0x9CB2, 0x41E7,
  0x2104, 0x20E4, 0x2924, 0x2104, 0x2104, 0x2924, 0x2924, 0x18C3, 0x4A49, 0xB596, 0x2945, 0x18C3, 0x6B4D, 0x6B2C, 0x18C3, 0x2924,
  0x20E4, 0x2104, 0x2924, 0x2924, 0x2104, 0x2925, 0x3165, 0x2924, 0x2924, 0x2104, 0x2104, 0x2104, 0x2104, 0x2104, 0x2924, 0x39A7,
  0x20E3, 0x2104, 0x2104, 0x20E3, 0x39A6, 0x3186, 0x20E4, 0x2104, 0x2924, 0x39A6, 0x18C3, 0x18A3, 0x2104, 0x2104, 0x2925, 0x41C7,
  0xBDB5, 0xFFBC, 0xFFBC, 0xFFBC, 0xFFBC, 0xFFBC, 0xFFBC, 0xFFBC, 0xFFBC, 0xFFBC, 0xFFBC, 0xFFBC, 0xFFBC, 0xFFBC, 0xFFBC, 0xFFBC,
  0xFFBC, 0xFFBC, 0xFFBC, 0xFFBC, 0xFFBC, 0xFFBC, 0xFFBC, 0xFFBC, 0xFFBC, 0xFFBC, 0xFFBC, 0xFFBC, 0xFFBC, 0xFFBC, 0xFFBC, 0xFFBC,
  0xFFBC, 0xFFBC, 0xFFBC, 0xFFBC, 0xFFBC, 0xFFBC, 0xFFBC, 0xFF9B, 0xFFBC, 0xB574, 0x2924, 0x2104, 0x2104, 0x2945, 0x18C3, 0x8C71,
  0xFFFF, 0xBDD7, 0x6B2C, 0x4A49, 0x2924, 0x2924, 0x1082, 0x83EF, 0xEF7D, 0x39A6, 0x1082, 0x6B4D, 0xAD75, 0x4208, 0xBDD6, 0xE71C,
  0x738E, 0x18A2, 0x18A2, 0x39E7, 0x528A, 0x18C3, 0x2104, 0x9CD3, 0xE71C, 0xDEDB, 0xDEDB, 0xA534, 0x3165, 0x2104, 0x2924, 0x2104,
  0x2104, 0x2104, 0x2104, 0x2104, 0x39C7, 0x2104, 0x2924, 0x18C3, 0x18C3, 0x2104, 0x20E4, 0x3166, 0x2104, 0x2104, 0x2924, 0x18C3,
  0x9491, 0x9492, 0x18C3, 0x2924, 0x2104, 0x2104, 0x2104, 0x2924, 0x18C3, 0x5269, 0xD69A, 0x5ACB, 0x18C3, 0x2924, 0x2124, 0x20E3,
  0x20E3, 0x2924, 0x2924, 0x2104, 0x2924, 0x7BCF, 0x5ACB, 0x20E3, 0x2924, 0x2924, 0x20E3, 0x3186, 0xDEB8, 0xFFBC, 0xFF9B, 0xFFBC,
  0xFFBC, 0xFFBC, 0xFFBC, 0xFFBC, 0xFFBC, 0xFFBC, 0xFFBC, 0xFFBC, 0xFFBC, 0xFFBC, 0xFFBC, 0xFFBC, 0xFFBC, 0xFFBC, 0xFFBC, 0xFFBC,
  0xFFBC, 0xFFBC, 0xFFBC, 0xFFBC, 0xFFBC, 0xFFBC, 0xFFBC, 0xFFBC, 0xFFBC, 0xFFBC, 0xFFBC, 0xFFBC, 0xFFBC, 0xFFBC, 0xFFBC, 0xFFBC,
  0xFFBC, 0xFF9B, 0xFF9B, 0xFFBC, 0x6B2C, 0x2924, 0x2925, 0x2104, 0x2104, 0x20E3, 0xAD55, 0xC5F7, 0x3186, 0x1882, 0x18C3, 0x2104,
  0x2104, 0x20E3, 0xA513, 0xDEBA, 0x738D, 0x0841, 0x83EF, 0xFFFF, 0xFFFF, 0xFFFF, 0xFFFF, 0xCE79, 0x2104, 0x20E3, 0x4A49, 0x4A49,
  0x20E3, 0x20E4, 0x2945, 0x9CB2, 0xEF7D, 0xFFFF, 0xEF7D, 0x5AAA, 0x18A3, 0x2924, 0x2104, 0x2104, 0x2104, 0x2104, 0x2104, 0x20E3,
  0x20E3, 0x18C3, 0x2124, 0x2924, 0x18C3, 0x526A, 0xC618, 0x8410, 0x20E3, 0x2924, 0x2104, 0xBDD7, 0x83EF, 0x18A3, 0x2924, 0x2104,
  0x2104, 0x2104, 0x2924, 0x18C3, 0x5AAA, 0xFFDE, 0xDEDA, 0x2104, 0x2104, 0x2104, 0x2924, 0x2924, 0x2104, 0x2924, 0x18A2, 0x6B6D,
  0xEF5D, 0xD69A, 0x5269, 0x18C3, 0x2924, 0x2924, 0x2924, 0x9470, 0xFF9B, 0xFF9B, 0xFFBC, 0xFFBC, 0xFFBC, 0xFFBC, 0xFFBC, 0xFFBC,
  0xFFBC, 0xFFBC, 0xFFBC, 0xFFBC, 0xFFBC, 0xFFBC, 0xFFBC, 0xFFBC, 0xFFBC, 0xFFBC, 0xFFBC, 0xFFBC, 0xFFBC, 0xFFBC, 0xFFBC, 0xFFBC,
  0xFFBC, 0xFFBC, 0xFFBC, 0xFFBC, 0xFFBC, 0xFFBC, 0xFFBC, 0xFFBC, 0xFFBC, 0xFFBC, 0xFFBC, 0xFFBC, 0xFFBC, 0xFF9B, 0xFFBC, 0x7BAE,
  0x2924, 0x2924, 0x2924, 0x18C3, 0x5AEB, 0xDEDB, 0xAD34, 0x20E4, 0x2924, 0x2924, 0x2104, 0x20E3, 0x9CD3, 0xD69A, 0xDEBA, 0xA513,
  0x18A3, 0x3165, 0xA4F3, 0x9CD3, 0x736D, 0xCE79, 0xF7BE, 0x5269, 0x18A2, 0x2104, 0x20E3, 0x2924, 0x2104, 0x2104, 0x0000, 0xA514,
  0xFFFF, 0xAD75, 0x2924, 0x2945, 0x2104, 0x2104, 0x2924, 0x2104, 0x2104, 0x2924, 0x18C3, 0x6B2C, 0x738E, 0x18C3, 0x2924, 0x18A2,
  0x6B4D, 0xE71C, 0xAD55, 0x20C3, 0x2104, 0x2104, 0x39A6, 0x2104, 0x2104, 0x2104, 0x2104, 0x2104, 0x2104, 0x2924, 0x2104, 0x2945,
  0xB595, 0x7BCF, 0x20C3, 0x2104, 0x20E3, 0x20E3, 0x2924, 0x2104, 0x2924, 0x18A2, 0x6B4D, 0xDEDB, 0xD69A, 0x632C, 0x18A3, 0x2924,
  0x2924, 0x2945, 0x9450, 0xFFBC, 0xFF7B, 0xFFBC, 0xFFBC, 0xFFBC, 0xFFBC, 0xFFBC, 0xFFBC, 0xFFBC, 0xFFBC, 0xFFBC, 0xFFBC, 0xFFBC,
  0xFFBC, 0xFFBC, 0xFFBC, 0xFFBC, 0xFFBC, 0xFFBC, 0xFFBC, 0xFFBC, 0xFFBC, 0xFFBC, 0xFFBC, 0xFFBC, 0xFFBC, 0xFFBC, 0xFFBC, 0xFFBC,
  0xFFBC, 0xFFBC, 0xFFBC, 0xFFBC, 0xFFBC, 0xFF9B, 0xFFBC, 0xF73A, 0xFFBC, 0xFFBC, 0x8C30, 0x2924, 0x2924, 0x2924, 0x18A2, 0x736D,
  0xDEFB, 0xBDB6, 0x2945, 0x2104, 0x2924, 0x18A3, 0x8430, 0xF77D, 0xB575, 0x632C, 0x2945, 0x2945, 0x630C, 0x20E3, 0x18A2, 0x1041,
  0x4A69, 0xF77D, 0xD69A, 0x528A, 0x20C3, 0x2924, 0x2104, 0x2924, 0x20E3, 0x4228, 0xEF5C, 0xF7BE, 0x4208, 0x1061, 0x9CB2, 0x7BCF,
  0x18A3, 0x2104, 0x20E3, 0x2104, 0x2924, 0x18A2, 0x83EF, 0xD69A, 0x3186, 0x20E4, 0x2104, 0x3165, 0x83EF, 0xBDD7, 0x6B4C, 0x20E3,
  0x2104, 0x20E3, 0x2104, 0x2104, 0x2104, 0x2904, 0x2904, 0x2104, 0x2104, 0x2104, 0x2104, 0x20E3, 0x18C3, 0x2104, 0x2104, 0xA534,
  0x4208, 0x20E3, 0x2924, 0x2924, 0x18C3, 0x528A, 0xD6BA, 0xCE59, 0x4228, 0x18C3, 0x20E3, 0x20E3, 0x2104, 0x738D, 0xFFBC, 0xFFBC,
  0xFF9B, 0xFFBC, 0xFFBC, 0xFFBC, 0xFFBC, 0xFFBC, 0xFFBC, 0xFFBC, 0xFFBC, 0xFFBC, 0xFFBC, 0xFFBC, 0xFFBC, 0xFFBC, 0xFFBC, 0xFFBC,
  0xFFBC, 0xFFBC, 0xFFBC, 0xFFBC, 0xFFBC, 0xFFBC, 0xFFBC, 0xFFBC, 0xFFBC, 0xFFBC, 0xFFBC, 0xFFBC, 0xFFBC, 0xFFBC, 0xFF9B, 0xFF7B,
  0xFFBC, 0x9C91, 0x39C7, 0xCE37, 0xFF9B, 0x8C50, 0x2924, 0x2924, 0x2924, 0x20E4, 0x3165, 0xBDB6, 0xCE58, 0x39A7, 0x20E3, 0x2104,
  0x2945, 0xEF5C, 0xE71B, 0x39C7, 0x1082, 0x18C3, 0x41E7, 0x8C71, 0x2945, 0x2924, 0x2925, 0x18C3, 0x4228, 0x9492, 0x62EB, 0x18C3,
  0x2924, 0x2104, 0x2924, 0x18A2, 0x73AE, 0xFFFF, 0xA514, 0x18A2, 0x18C3, 0x630C, 0xA4F3, 0x18C3, 0x2924, 0x9CD3, 0x630C, 0x18C3,
  0x18C3, 0xA534, 0xB575, 0x20E3, 0x2104, 0x2924, 0x2104, 0x1061, 0x8C30, 0xBDD6, 0x20E4, 0x2104, 0x2924, 0x2904, 0x2904, 0x2104,
  0x20E4, 0x2104, 0x2904, 0x2904, 0x2104, 0x2104, 0x2124, 0x2924, 0x2924, 0x20E3, 0x8410, 0x5ACB, 0x18C3, 0x2924, 0x2924, 0x18A2,
  0x632C, 0xE6FB, 0xC5F7, 0x3166, 0x18A3, 0x736D, 0xA514, 0x2925, 0x2924, 0x6B0C, 0xE6D9, 0xFFBC, 0xFF9B, 0xFFBC, 0xFFBC, 0xFFBC,
  0xFFBC, 0xFFBC, 0xFFBC, 0xFFBC, 0xFFBC, 0xFFBC, 0xFFBC, 0xFFBC, 0xFFBC, 0xFFBC, 0xFFBC, 0xFFBC, 0xFFBC, 0xFFBC, 0xFFBC, 0xFFBC,
  0xFFBC, 0xFFBC, 0xFFBC, 0xFFBC, 0xFFBC, 0xFFBC, 0xFFBC, 0xFF9B, 0xFF9B, 0xFFBC, 0xFFBC, 0xFF9B, 0x41E7, 0x2104, 0x8C30, 0xFFBC,
  0xB553, 0x2945, 0x2924, 0x2924, 0x2924, 0x1082, 0x9CB2, 0xDEDB, 0x7BEF, 0x18A2, 0x2924, 0x2104, 0xD6BA, 0xE73C, 0x4A49, 0x20E3,
  0x2924, 0x20E4, 0x18A2, 0x2104, 0x2924, 0x18C3, 0x736D, 0x528A, 0x1061, 0x20E3, 0x2924, 0x2104, 0x2104, 0x2924, 0x20E4, 0x2924,
  0x8C30, 0x4A28, 0x20E3, 0x2104, 0x2104, 0x3186, 0x20E4, 0x2924, 0xBDF7, 0x9CD3, 0x18A3, 0x20E3, 0x83EF, 0x5269, 0x18C3, 0x2924,
  0x2104, 0x2924, 0x18C3, 0x6B2C, 0xC617, 0x2945, 0x2104, 0x2924, 0x2924, 0x2104, 0x20C3, 0x5944, 0x4924, 0x2104, 0x2924, 0x2104,
  0x2104, 0x2104, 0x2104, 0x20E3, 0x2104, 0x18A2, 0x18C3, 0x2924, 0x2104, 0x2924, 0x18C3, 0x528A, 0xE71B, 0x8C30, 0x20E3, 0x18C3,
  0xA4F3, 0xF79E, 0x41E7, 0x20E3, 0x2904, 0x4207, 0xEF19, 0xFF9B, 0xFF9B, 0xFFBC, 0xFFBC, 0xFFBC, 0xFFBC, 0xFFBC, 0xFFBC, 0xFFBC,
  0xFFBC, 0xFFBC, 0xFFBC, 0xFFBC, 0xFFBC, 0xFFBC, 0xFFBC, 0xFFBC, 0xFFBC, 0xFFBC, 0xFFBC, 0xFFBC, 0xFFBC, 0xFFBC, 0xFFBC, 0xFFBC,
  0xFFBC, 0xFF9B, 0xFFBC, 0xFFBC, 0xAD13, 0x9C91, 0xF75A, 0x4207, 0x2104, 0x4A28, 0xCE36, 0xD657, 0x3185, 0x2104, 0x2925, 0x18C3,
  0x738E, 0xDEDB, 0xDEBA, 0xBDD7, 0x2104, 0x2104, 0x2104, 0xCE79, 0xFFDE, 0x632C, 0x18C3, 0x2924, 0x20E3, 0x2104, 0x2924, 0x2924,
  0x18C3, 0x528A, 0x5289, 0x2104, 0x2924, 0x2104, 0x2104, 0x2104, 0x2104, 0x2924, 0x20E4, 0x1082, 0x20E3, 0x2924, 0x2104, 0x2104,
  0x20E3, 0x2924, 0x18C3, 0x630B, 0xCE79, 0x39A6, 0x20E3, 0x20E3, 0x20E3, 0x2924, 0x2104, 0x2104, 0x2924, 0x2104, 0x3165, 0x4A49,
  0x2924, 0x2104, 0x2104, 0x18E3, 0x4904, 0x91A5, 0xDA66, 0xA1E5, 0x28E3, 0x2124, 0x2904, 0x2104, 0x2104, 0x2104, 0x4208, 0x2945,
  0x2104, 0x2924, 0x2104, 0x2104, 0x2104, 0x2104, 0x2104, 0x4A49, 0x2945, 0x2104, 0x20E3, 0x39C7, 0x5AAA, 0x2104, 0x2924, 0x2924,
  0x2945, 0xBD94, 0xFFBC, 0xFF9B, 0xFFBC, 0xFFBC, 0xFFBC, 0xFFBC, 0xFFBC, 0xFFBC, 0xFFBC, 0xFFBC, 0xFFBC, 0xFFBC, 0xFFBC, 0xFFBC,
  0xFFBC, 0xFFBC, 0xFFBC, 0xFFBC, 0xFFBC, 0xFFBC, 0xFFBC, 0xFFBC, 0xFFBC, 0xFFBC, 0xFFBC, 0xFF9B, 0xFFBC, 0xE6D9, 0x738D, 0x2924,
  0x31A6, 0xF77B, 0x5ACA, 0x2104, 0x2104, 0x2924, 0x4A28, 0x738E, 0x18C3, 0x2924, 0x20E3, 0x5ACB, 0xB575, 0xDEFB, 0xAD34, 0x2945,
  0x2104, 0x2104, 0x6B4D, 0xA534, 0x39C7, 0x20E3, 0x20E4, 0x83EF, 0x3186, 0x20E4, 0x2124, 0x2104, 0x18E3, 0x2104, 0x2924, 0x2104,
  0x2104, 0x2104, 0x2104, 0x2924, 0x2124, 0x2904, 0x2924, 0x2124, 0x2104, 0x2104, 0x2104, 0x2924, 0x2924, 0x2104, 0x2104, 0x5AAA,
  0x3165, 0x2104, 0x2924, 0x2924, 0x2104, 0x2104, 0x2104, 0x2104, 0x2924, 0x2904, 0x18E3, 0x2104, 0x20E3, 0x38E3, 0x8184, 0xCA26,
  0xDA45, 0xDA25, 0xCA46, 0x4104, 0x2104, 0x2924, 0x2924, 0x20E3, 0x4208, 0xDEDB, 0x8430, 0x18C3, 0x2924, 0x2104, 0x2104, 0x2904,
  0x2104, 0x2104, 0x18C3, 0x2104, 0x2104, 0x2904, 0x20E3, 0x18C3, 0x2104, 0x2104, 0x2965, 0x39A6, 0xD637, 0xFF9B, 0xFF7B, 0xFF9B,
  0xFFBC, 0xFFBC, 0xFFBC, 0xFFBC, 0xFFBC, 0xFFBC, 0xFFBC, 0xFFBC, 0xFFBC, 0xFFBC, 0xFFBC, 0xFFBC, 0xFFBC, 0xFFBC, 0xFFBC, 0xFFBC,
  0xFFBC, 0xFFBC, 0xFFBC, 0xFFBC, 0xFFBC, 0xFF9B, 0xFFBC, 0xBDB5, 0x3186, 0x2924, 0x2104, 0x5269, 0xFFBC, 0xC5F5, 0x39C6, 0x2925,
  0x20E3, 0x3186, 0xE71B, 0x7BEF, 0x18A3, 0x2924, 0x18A2, 0x2104, 0x39C7, 0x2924, 0x20E3, 0x2924, 0x2924, 0x20E3, 0x18A2, 0x2104,
  0x2104, 0x62EB, 0xD699, 0x4A49, 0x18C3, 0x2924, 0x2104, 0x2924, 0x2924, 0x2104, 0x2104, 0x2104, 0x2104, 0x2104, 0x20C3, 0x18C3,
  0x2104, 0x2124, 0x2104, 0x2104, 0x2104, 0x2924, 0x2924, 0x2924, 0x2904, 0x2104, 0x18C3, 0x2104, 0x2104, 0x2904, 0x2104, 0x2124,
  0x2104, 0x2104, 0x2924, 0x2124, 0x2104, 0x3104, 0x5924, 0x91A5, 0xC226, 0xDA25, 0xDA25, 0xD225, 0xD225, 0xDA46, 0x6944, 0x1904,
  0x2924, 0x2124, 0x2104, 0x2924, 0x9471, 0x6B2C, 0x18C3, 0x2924, 0x2104, 0x2104, 0x2104, 0x2104, 0x2104, 0x2924, 0x2924, 0x2104,
  0x2104, 0x2924, 0x2924, 0x2104, 0x5269, 0xC5F6, 0xCE37, 0xFFBC, 0xFFBC, 0xFFBC, 0xFFBC, 0xFF9B, 0xFFBC, 0xFFBC, 0xFFBC, 0xFFBC,
  0xFFBC, 0xFFBC, 0xFFBC, 0xFFBC, 0xFFBC, 0xFFBC, 0xFFBC, 0xFFBC, 0xFFBC, 0xFFBC, 0xFFBC, 0xFFBC, 0xFFBC, 0xFFBC, 0xFFBC, 0xFF9B,
  0xFFBC, 0xBD94, 0x3165, 0x2104, 0x2924, 0x2904, 0x2945, 0xB574, 0xFFBC, 0xEF1A, 0xAD13, 0x3186, 0x18C3, 0x736D, 0x5ACB, 0x18C3,
  0x2124, 0x2924, 0x2924, 0x20E3, 0x2104, 0x2124, 0x2124, 0x2124, 0x2924, 0x2945, 0x18C3, 0x736D, 0xE71B, 0xBDD7, 0x39C7, 0x20E3,
  0x2924, 0x2124, 0x2124, 0x2924, 0x2104, 0x2104, 0x2104, 0x2924, 0x18C3, 0x6B2C, 0x8C30, 0x18E3, 0x2924, 0x2924, 0x2904, 0x2124,
  0x2104, 0x2104, 0x18E4, 0x18E3, 0x2104, 0x2924, 0x2924, 0x2104, 0x2124, 0x2104, 0x2104, 0x2924, 0x2924, 0x2104, 0x20E3, 0x5944,
  0xB206, 0xDA66, 0xE246, 0xDA25, 0xD225, 0xD225, 0xDA25, 0xD225, 0xE246, 0x8185, 0x18E3, 0x2924, 0x2924, 0x2124, 0x2104, 0x18C3,
  0x20E3, 0x2104, 0x2104, 0x2924, 0x2924, 0x2124, 0x2124, 0x2104, 0x2104, 0x2104, 0x2104, 0x2104, 0x2104, 0x2104, 0x3186, 0xDE98,
  0xFFBC, 0xFFBC, 0xEF3A, 0xC5D5, 0xBDB5, 0xEF1A, 0xFFBC, 0xFFBC, 0xFFBC, 0xFFBC, 0xFFBC, 0xFFBC, 0xFFBC, 0xFFBC, 0xFFBC, 0xFFBC,
  0xFFBC, 0xFFBC, 0xFFBC, 0xFFBC, 0xFFBC, 0xFFBC, 0xFFBC, 0xFFBC, 0xFFBC, 0xFF9B, 0xFFBC, 0xC5D5, 0x2945, 0x2104, 0x2924, 0x2104,
  0x2924, 0x2104, 0x7BCE, 0xFFBC, 0xFFBC, 0xFFBC, 0xC5F5, 0x3165, 0x18C3, 0x18C3, 0x2104, 0x2904, 0x2924, 0x2924, 0x2924, 0x2924,
  0x2924, 0x2924, 0x2124, 0x2124, 0x2924, 0x20E4, 0x4208, 0x6B4C, 0x3186, 0x20E4, 0x2104, 0x2104, 0x2124, 0x2924, 0x2924, 0x2104,
  0x2104, 0x2104, 0x2924, 0x18C3, 0xAD55, 0x7BEF, 0x18A3, 0x2924, 0x2924, 0x2104, 0x20E3, 0x3904, 0x6144, 0x7985, 0x7164, 0x4924,
  0x28E3, 0x2104, 0x2924, 0x2904, 0x2104, 0x2924, 0x2104, 0x20E4, 0x4104, 0x89A5, 0xD246, 0xDA45, 0xDA25, 0xD225, 0xD225, 0xD225,
  0xD225, 0xDA25, 0xD225, 0xDA45, 0xA1C5, 0x20E3, 0x2924, 0x2924, 0x2104, 0x2104, 0x2924, 0x2924, 0x2904, 0x2104, 0x2124, 0x2924,
  0x2924, 0x2104, 0x2104, 0x2104, 0x2104, 0x2104, 0x2924, 0x2924, 0x2104, 0x5289, 0xFFBC, 0xFFBC, 0xCE16, 0x4A28, 0x2945, 0x2924,
  0x41E7, 0xE6F9, 0xFFBC, 0xFF9B, 0xFF9B, 0xFFBC, 0xFFBC, 0xFFBC, 0xFFBC, 0xFFBC, 0xFFBC, 0xFFBC, 0xFFBC, 0xFFBC, 0xFFBC, 0xFFBC,
  0xFFBC, 0xFFBC, 0xFFBC, 0xFF9B, 0xFFBC, 0xF77B, 0x4208, 0x2104, 0x2924, 0x2104, 0x2104, 0x2924, 0x2104, 0x9450, 0xFFBC, 0xFF9B,
  0xFF7B, 0xFFBC, 0x62EB, 0x2924, 0x2945, 0x2124, 0x2124, 0x2104, 0x2104, 0x2104, 0x2124, 0x2124, 0x2124, 0x2124, 0x2924, 0x2924,
  0x2924, 0x2104, 0x18C3, 0x20E3, 0x2124, 0x2124, 0x2124, 0x2124, 0x2924, 0x2924, 0x2104, 0x2924, 0x2104, 0x2104, 0x2104, 0x39C7,
  0x2104, 0x2104, 0x2124, 0x20E4, 0x4104, 0x8185, 0xC226, 0xDA66, 0xA1C5, 0xA1C5, 0xD246, 0xA1C5, 0x4904, 0x20E3, 0x2904, 0x2104,
  0x2104, 0x30E3, 0x8185, 0xCA26, 0xDA45, 0xD225, 0xD225, 0xD225, 0xD225, 0xD225, 0xDA25, 0xDA25, 0xD225, 0xD225, 0xDA45, 0xA9E5,
  0x28E3, 0x2124, 0x2924, 0x2104, 0x2104, 0x2104, 0x2924, 0x2924, 0x2124, 0x2924, 0x2104, 0x20E3, 0x2104, 0x2104, 0x2104, 0x2104,
  0x2104, 0x18C3, 0x18C3, 0x18C3, 0x4207, 0xEEF9, 0xD677, 0x3165, 0x2104, 0x2904, 0x2104, 0x2104, 0x9CB1, 0xFFBC, 0xFFBC, 0xFFBC,
  0xFF9B, 0xFFBC, 0xFFBC, 0xFFBC, 0xFFBC, 0xFFBC, 0xFFBC, 0xFFBC, 0xFFBC, 0xFFBC, 0xFFBC, 0xFFBC, 0xFFBC, 0xFFBC, 0xFF9B, 0xFFBC,
  0xDEB8, 0x39A6, 0x2104, 0x2945, 0x2945, 0x2104, 0x2924, 0x2104, 0x840F, 0xFFBC, 0xFF7B, 0xFF9B, 0xFF9B, 0x5AAA, 0x2904, 0x2124,
  0x20E3, 0x3904, 0x38E3, 0x30E3, 0x3904, 0x30E4, 0x30E4, 0x28E4, 0x28E4, 0x20E4, 0x2104, 0x2104, 0x2104, 0x2124, 0x2124, 0x2124,
  0x2924, 0x2924, 0x2924, 0x2924, 0x2924, 0x2924, 0x2104, 0x2904, 0x2104, 0x2124, 0x20E3, 0x2104, 0x2104, 0x20E3, 0x7164, 0xCA26,
  0xE266, 0xDA45, 0xDA25, 0x7124, 0x18A2, 0x7964, 0xE266, 0xCA26, 0x5924, 0x2104, 0x2104, 0x4904, 0xB1E5, 0xE266, 0xDA45, 0xD225,
  0xD225, 0xD225, 0xD225, 0xD225, 0xD225, 0xDA25, 0xD225, 0xD225, 0xD225, 0xDA25, 0xBA05, 0x3103, 0x2124, 0x2924, 0x2104, 0x2104,
  0x2104, 0x2924, 0x2924, 0x2924, 0x2104, 0x3165, 0x39C7, 0x2104, 0x2924, 0x2104, 0x2924, 0x20E3, 0x736D, 0xA4F3, 0x4A49, 0x18C3,
  0x39A6, 0x2945, 0x2945, 0xB553, 0x9C91, 0x5AAA, 0x39A6, 0xB553, 0xFFBC, 0xCE36, 0xCE16, 0xFFBC, 0xFF9B, 0xFFBC, 0xFFBC, 0xFFBC,
  0xFFBC, 0xFFBC, 0xFFBC, 0xFFBC, 0xFFBC, 0xFFBC, 0xFFBC, 0xFFBC, 0xFFBC, 0xFF9B, 0xFF9B, 0xE6F9, 0x39C7, 0x18A2, 0x528A, 0x9CD3,
  0x18C3, 0x2924, 0x2104, 0x4207, 0xE6D9, 0xFFBC, 0xFFBC, 0xE6B8, 0x3165, 0x2104, 0x28E3, 0x8985, 0xC226, 0xC205, 0xC205, 0xC205,
  0xBA05, 0xB1E5, 0xA9E5, 0xA1C5, 0x91A5, 0x8185, 0x6144, 0x4924, 0x38E3, 0x28E3, 0x20E4, 0x2104, 0x2104, 0x2124, 0x2924, 0x2924,
  0x2904, 0x2904, 0x2924, 0x2904, 0x2124, 0x2924, 0x2124, 0x28E3, 0x89A5, 0xDA46, 0xDA45, 0xBA05, 0xD225, 0xDA25, 0xD246, 0x5944,
  0x20C3, 0xA1C5, 0xE245, 0xC226, 0x4104, 0x18C3, 0x91C5, 0xE266, 0xD225, 0xDA45, 0xDA25, 0xD225, 0xD225, 0xD225, 0xD225, 0xD225,
  0xDA25, 0xDA25, 0xD225, 0xD225, 0xDA25, 0xC206, 0x3103, 0x2104, 0x2924, 0x2104, 0x2924, 0x2104, 0x2924, 0x2924, 0x2924, 0x2104,
  0x3165, 0xB5B6, 0x528A, 0x18C3, 0x2924, 0x20E3, 0x39A6, 0xCE79, 0xE73C, 0x9492, 0x18C3, 0x2104, 0x2945, 0x736C, 0xFFBC, 0xFFBC,
  0xFFBC, 0xDEB8, 0xFFBC, 0xAD33, 0x3165, 0x2945, 0xCE36, 0xFF9B, 0xFF9B, 0xFFBC, 0xFFBC, 0xFFBC, 0xFFBC, 0xFFBC, 0xFFBC, 0xFFBC,
  0xFFBC, 0xFFBC, 0xFFBC, 0xFFBC, 0xFF7B, 0xFFBC, 0xB574, 0x2945, 0x18C3, 0x6B2D, 0xDEDB, 0x4208, 0x18C3, 0x2924, 0x2104, 0x4208,
  0xCE16, 0xFFBC, 0x630B, 0x2104, 0x2904, 0x91A5, 0xE266, 0xDA25, 0xDA25, 0xDA25, 0xDA25, 0xDA25, 0xDA25, 0xDA25, 0xDA45, 0xDA45,
  0xDA45, 0xDA45, 0xD225, 0xBA05, 0xA9C5, 0x99A5, 0x8985, 0x6144, 0x3904, 0x20E3, 0x2104, 0x2104, 0x2924, 0x2924, 0x2904, 0x2904,
  0x2924, 0x2104, 0x6964, 0xDA46, 0xDA25, 0xA9C5, 0x30C3, 0x8184, 0xDA25, 0xDA45, 0xB1E5, 0x20C3, 0x5924, 0xDA26, 0xE245, 0x89A5,
  0x18C3, 0x7964, 0xDA46, 0xD225, 0xDA25, 0xD225, 0xD225, 0xD225, 0xD225, 0xD225, 0xD225, 0xD225, 0xD225, 0xD225, 0xD225, 0xDA25,
  0xC206, 0x3903, 0x2104, 0x2924, 0x2924, 0x2924, 0x2924, 0x2924, 0x2924, 0x2924, 0x2924, 0x20E3, 0x2945, 0x3165, 0x2104, 0x2924,
  0x2104, 0x2104, 0xA514, 0xE73C, 0x738D, 0x18A3, 0x5249, 0xBDB5, 0xCE37, 0x41E7, 0x5289, 0xF73A, 0xFFBC, 0xF75A, 0x39C7, 0x2104,
  0x2104, 0x9470, 0xFFBC, 0xFF9B, 0xFFBC, 0xFFBC, 0xFFBC, 0xFFBC, 0xFFBC, 0xFFBC, 0xFFBC, 0xFFBC, 0xFFBC, 0xFF9B, 0xFF9B, 0xFFBC,
  0xFF7B, 0x4A48, 0x2924, 0x18C3, 0x630C, 0xDEFB, 0xB5B6, 0x2945, 0x2104, 0x2945, 0x2924, 0x9470, 0xFFBC, 0x4208, 0x18C3, 0x5944,
  0xDA66, 0xD225, 0xD225, 0xD225, 0xD225, 0xD225, 0xD225, 0xD225, 0xD225, 0xD225, 0xD225, 0xD225, 0xD225, 0xDA25, 0xDA25, 0xDA45,
  0xDA45, 0xDA45, 0xDA25, 0xC205, 0x9185, 0x5924, 0x30E3, 0x2104, 0x2124, 0x2924, 0x2924, 0x2124, 0x28E3, 0xB1E5, 0xDA25, 0xDA25,
  0x91A5, 0x18C3, 0x5944, 0xD246, 0xDA25, 0xD226, 0x4924, 0x28E3, 0xBA06, 0xE245, 0xBA06, 0x28E3, 0x5124, 0xD246, 0xDA25, 0xD225,
  0xD225, 0xD225, 0xD225, 0xD225, 0xD225, 0xDA25, 0xD225, 0xD225, 0xD225, 0xD225, 0xDA25, 0xC206, 0x3904, 0x2104, 0x2924, 0x2924,
  0x2924, 0x2924, 0x2924, 0x2924, 0x2124, 0x2104, 0x2924, 0x2104, 0x2104, 0x2104, 0x2104, 0x2924, 0x20E3, 0x39A6, 0x5ACB, 0x2945,
  0x2104, 0x83EF, 0xFFBC, 0xAD33, 0x2924, 0x2924, 0xE6D9, 0xFFBC, 0xA4F2, 0x2924, 0x2945, 0x2104, 0x8C30, 0xFFBC, 0xFF9B, 0xFFBC,
  0xFFBC, 0xFFBC, 0xFFBC, 0xFFBC, 0xFFBC, 0xFFBC, 0xFFBC, 0xFFBC, 0xFFBC, 0xFFBC, 0xBD94, 0x4A49, 0x2104, 0x2924, 0x20C3, 0x4228,
  0xD6BA, 0xE73C, 0x4A28, 0x20E3, 0x2924, 0x5269, 0xEF1A, 0xFF9C, 0x4228, 0x18A3, 0x91C5, 0xE246, 0xD225, 0xD225, 0xD225, 0xD225,
  0xD225, 0xD225, 0xD225, 0xD225, 0xD225, 0xD225, 0xD225, 0xD225, 0xD225, 0xD225, 0xD225, 0xD225, 0xD225, 0xD225, 0xDA25, 0xDA45,
  0xD226, 0xB1E5, 0x7164, 0x28E3, 0x2104, 0x2924, 0x2104, 0x4103, 0xCA26, 0xD225, 0xDA25, 0x99C5, 0x18E3, 0x5924, 0xD226, 0xD225,
  0xDA46, 0x7165, 0x18C3, 0x89A5, 0xE246, 0xCA26, 0x4104, 0x28E3, 0xB206, 0xE246, 0xD225, 0xD225, 0xD225, 0xD225, 0xD225, 0xD225,
  0xDA25, 0xD225, 0xD225, 0xD225, 0xD225, 0xDA25, 0xBA05, 0x30E3, 0x2124, 0x2924, 0x2924, 0x2924, 0x2924, 0x2904, 0x2124, 0x2104,
  0x2104, 0x2104, 0x2904, 0x2924, 0x2924, 0x2104, 0x2104, 0x2924, 0x20E4, 0x18C3, 0x2104, 0x2104, 0x3165, 0x83CE, 0x39C7, 0x2904,
  0x2945, 0xAD12, 0xFF7B, 0x4A69, 0x2104, 0x2945, 0x2904, 0x9CD1, 0xFFBC, 0xFF9B, 0xFFBC, 0xFFBC, 0xFFBC, 0xFFBC, 0xFFBC, 0xFFBC,
  0xFFBC, 0xFFBC, 0xFFBC, 0xFF7B, 0x83EF, 0x2945, 0x2104, 0x2925, 0x2924, 0x2104, 0x2924, 0x62EB, 0x4A49, 0x20E3, 0x2924, 0x736D,
  0xEF19, 0xFFBC, 0xF75B, 0x39C7, 0x30C3, 0xBA06, 0xDA25, 0xD225, 0xD225, 0xD225, 0xD225, 0xD225, 0xD225, 0xD225, 0xD225, 0xD225,
  0xD225, 0xD225, 0xD225, 0xD225, 0xD225, 0xD225, 0xD225, 0xD225, 0xD225, 0xD225, 0xD225, 0xD225, 0xDA45, 0xDA66, 0xA1E5, 0x38E3,
  0x2104, 0x2104, 0x5124, 0xD226, 0xD225, 0xDA45, 0x99C5, 0x18E3, 0x4924, 0xCA26, 0xD205, 0xDA45, 0x91C5, 0x18C3, 0x8185, 0xDA45,
  0xD246, 0x5124, 0x18E4, 0x4904, 0xA9C5, 0xDA25, 0xD225, 0xD225, 0xDA25, 0xDA25, 0xDA25, 0xD225, 0xD225, 0xD225, 0xD225, 0xD225,
  0xDA45, 0xB1E5, 0x30E3, 0x2124, 0x2924, 0x2924, 0x2924, 0x2924, 0x2924, 0x2924, 0x2104, 0x2904, 0x2104, 0x2924, 0x2104, 0x18C3,
  0x2104, 0x2924, 0x2104, 0x2924, 0x2924, 0x2104, 0x2104, 0x2104, 0x2104, 0x2104, 0x2104, 0x2104, 0x2945, 0x41E7, 0x2104, 0x2104,
  0x2924, 0x2945, 0xB574, 0xFFBC, 0xFF9B, 0xFFBC, 0xFFBC, 0xFFBC, 0xFFBC, 0xFFBC, 0xFFBC, 0xFF9B, 0xFF9B, 0xFFBC, 0x6B2C, 0x2104,
  0x2924, 0x2924, 0x20E3, 0x2924, 0x2104, 0x18A3, 0x1061, 0x18A2, 0x2924, 0x840F, 0xFFBC, 0xFFBC, 0xFF9B, 0x736D, 0x2104, 0x4124,
  0xCA06, 0xDA25, 0xD225, 0xD225, 0xDA25, 0xDA25, 0xD225, 0xD225, 0xD225, 0xD225, 0xD225, 0xD225, 0xD225, 0xD225, 0xD225, 0xD225,
  0xD225, 0xD225, 0xD225, 0xD225, 0xD225, 0xD225, 0xD225, 0xD225, 0xD225, 0xE246, 0xA9E5, 0x30E3, 0x18E4, 0x5124, 0xD226, 0xDA25,
  0xDA45, 0xB205, 0x28E3, 0x3904, 0xBA06, 0xDA25, 0xDA45, 0x99E5, 0x18C3, 0x89A5, 0xDA45, 0xD226, 0x5124, 0x2104, 0x2104, 0x30E3,
  0x8985, 0xD226, 0xDA25, 0xD225, 0xDA25, 0xD225, 0xD225, 0xD225, 0xD225, 0xD225, 0xD225, 0xDA45, 0xA9C5, 0x28E3, 0x2124, 0x2924,
  0x2924, 0x2924, 0x2904, 0x2904, 0x2904, 0x2904, 0x2904, 0x2924, 0x2104, 0x3165, 0x5AAA, 0x2104, 0x2104, 0x2124, 0x2104, 0x2104,
  0x2104, 0x2924, 0x20E3, 0x2104, 0x2924, 0x2104, 0x2104, 0x18C3, 0x2104, 0x2925, 0x20E4, 0x2924, 0x3166, 0xCE37, 0xFF9B, 0xFF9B,
  0xFFBC, 0xFFBC, 0xFFBC, 0xFFBC, 0xFFBC, 0xFFBC, 0xFF9B, 0xFFBC, 0xBD94, 0x2945, 0x2924, 0x2104, 0x3165, 0x4208, 0x2104, 0x20E3,
  0x8410, 0xC618, 0x4A49, 0x2924, 0xEF1A, 0xFFBC, 0xD677, 0x6B0B, 0x2924, 0x2104, 0x4104, 0xCA26, 0xDA25, 0xD225, 0xD225, 0xD225,
  0xD225, 0xD225, 0xD225, 0xD225, 0xD225, 0xD225, 0xD225, 0xD225, 0xD225, 0xD225, 0xD225, 0xD225, 0xD225, 0xD225, 0xD225, 0xD225,
  0xD225, 0xD225, 0xD225, 0xD225, 0xD205, 0xE246, 0x7964, 0x18C3, 0x4924, 0xCA26, 0xDA25, 0xDA25, 0xCA26, 0x4103, 0x20C3, 0x99C5,
  0xE246, 0xDA45, 0x91C5, 0x18C3, 0x89A5, 0xE245, 0xC206, 0x4104, 0x2104, 0x2904, 0x2104, 0x20E3, 0x6124, 0xC226, 0xE266, 0xDA25,
  0xD225, 0xD225, 0xD225, 0xD225, 0xD225, 0xD225, 0xE245, 0x91A5, 0x20E3, 0x2924, 0x2924, 0x2924, 0x2924, 0x2904, 0x2904, 0x2924,
  0x2104, 0x2104, 0x2924, 0x18C3, 0x8C30, 0xE73C, 0x9CD3, 0x2104, 0x2104, 0x2924, 0x2924, 0x2924, 0x20E3, 0x4A28, 0x3186, 0x20E4,
  0x2924, 0x18C3, 0x528A, 0xB596, 0xB596, 0x4A28, 0x20E3, 0x2925, 0xA4F2, 0xFFBC, 0xFF9B, 0xFFBC, 0xFFBC, 0xFFBC, 0xFFBC, 0xFFBC,
  0xFF9B, 0xFF9B, 0xFF9C, 0x5289, 0x2104, 0x2945, 0x18A3, 0x5ACB, 0xDEDB, 0x20E4, 0x18C3, 0xDEFB, 0xFFFF, 0xAD55, 0x1082, 0x630B,
  0x738D, 0x3165, 0x2104, 0x2924, 0x2924, 0x20E3, 0x91A5, 0xDA25, 0xD225, 0xD225, 0xD225, 0xD225, 0xD225, 0xD225, 0xDA25, 0xD225,
  0xD225, 0xD225, 0xD225, 0xD225, 0xD225, 0xDA25, 0xD225, 0xD225, 0xD225, 0xD225, 0xD225, 0xDA25, 0xDA25, 0xD225, 0xD225, 0xD225,
  0xDA25, 0xB1E5, 0x28E3, 0x3103, 0xBA05, 0xDA45, 0xD225, 0xDA25, 0x8185, 0x18C3, 0x5944, 0xCA46, 0xE246, 0x81A5, 0x18C3, 0x99C5,
  0xE266, 0xA1E5, 0x28E3, 0x2924, 0x2904, 0x2904, 0x2904, 0x20E4, 0x40E3, 0x99A5, 0xD246, 0xDA25, 0xD225, 0xD225, 0xD225, 0xD225,
  0xD225, 0xE246, 0x8185, 0x20E3, 0x2924, 0x2924, 0x2924, 0x2924, 0x2904, 0x2924, 0x2924, 0x2924, 0x2924, 0x2924, 0x20C3, 0x6B4D,
  0xBDF7, 0x9471, 0x2104, 0x2904, 0x20E3, 0x18A2, 0x2104, 0x20E4, 0x4208, 0x39A6, 0x20E4, 0x2925, 0x18C3, 0x8430, 0xE71C, 0xDEDB,
  0x840F, 0x18C3, 0x2104, 0x4207, 0xFF9B, 0xFFBC, 0xFF9B, 0xFFBC, 0xFFBC, 0xFFBC, 0xFFBC, 0xFF9B, 0xFFBC, 0xE6B8, 0x3165, 0x2104,
  0x2925, 0x18C3, 0x5ACB, 0xFFFF, 0x5ACB, 0x5ACB, 0xF79E, 0xFFFF, 0x8410, 0x18A2, 0x2924, 0x2104, 0x2104, 0x2924, 0x2104, 0x2904,
  0x2104, 0x30E3, 0xA1C5, 0xDA45, 0xD225, 0xD225, 0xD225, 0xD225, 0xD225, 0xDA25, 0xD225, 0xD225, 0xD225, 0xD225, 0xD225, 0xD225,
  0xD225, 0xD225, 0xD225, 0xD225, 0xD225, 0xD225, 0xD225, 0xD225, 0xD225, 0xD225, 0xD225, 0xD225, 0xD226, 0x5124, 0x18C3, 0xA1C5,
  0xDA45, 0xD205, 0xDA25, 0xC206, 0x4904, 0x18A3, 0x8984, 0xE246, 0x8164, 0x28A3, 0xBA06, 0xDA66, 0x6144, 0x20E4, 0x2924, 0x2124,
  0x2124, 0x2924, 0x2924, 0x2104, 0x20E3, 0x5924, 0xA9C5, 0xD225, 0xDA45, 0xDA45, 0xDA25, 0xDA25, 0xD246, 0x4924, 0x2104, 0x2924,
  0x2924, 0x2924, 0x2924, 0x2924, 0x2924, 0x2924, 0x2904, 0x2104, 0x2104, 0x2104, 0x20E3, 0x2924, 0x2104, 0x2104, 0x20E3, 0x528A,
  0x8410, 0x3186, 0x2104, 0x20E4, 0x2104, 0x2924, 0x20E3, 0x18A3, 0x3145, 0x8C30, 0xD679, 0x8C30, 0x18A2, 0x2924, 0x2104, 0x7BAD,
  0xFFBC, 0xFF9B, 0xFF9B, 0xFFBC, 0xFFBC, 0xFFBC, 0xFF9B, 0xFF9B, 0xE6B8, 0x2945, 0x2904, 0x2924, 0x20E3, 0x4228, 0xF7BE, 0xF7BE,
  0xFFDF, 0xFFFF, 0xDEFB, 0x2924, 0x2104, 0x2924, 0x2924, 0x2904, 0x2104, 0x2904, 0x2104, 0x2904, 0x2104, 0x30E3, 0xA9E5, 0xE266,
  0xD225, 0xD225, 0xD225, 0xD225, 0xD225, 0xD225, 0xD225, 0xD225, 0xD225, 0xD225, 0xD225, 0xD225, 0xD225, 0xD225, 0xD225, 0xD225,
  0xD225, 0xD225, 0xD225, 0xD225, 0xD225, 0xD225, 0xD225, 0xDA45, 0x89A5, 0x18C3, 0x6144, 0xD226, 0xDA05, 0xD205, 0xDA45, 0xC226,
  0x6124, 0x91A5, 0xDA25, 0xC1E5, 0xB1E5, 0xDA67, 0x89A5, 0x28E3, 0x2124, 0x2924, 0x2924, 0x2924, 0x2924, 0x2924, 0x2924, 0x2924,
  0x20E3, 0x28E3, 0x5924, 0x89A5, 0xB1E5, 0xC206, 0xC206, 0x7985, 0x20E3, 0x2924, 0x2924, 0x2924, 0x2924, 0x2924, 0x2924, 0x2924,
  0x2924, 0x2904, 0x2104, 0x2104, 0x2104, 0x2924, 0x2104, 0x2104, 0x2925, 0x18A2, 0x8C50, 0xF79D, 0x5AAA, 0x18C3, 0x2104, 0x2924,
  0x20E3, 0x4A28, 0x5ACB, 0x18C3, 0x18A2, 0x4208, 0x6B6D, 0x18A2, 0x2924, 0x2904, 0x2924, 0x83EF, 0xFFBC, 0xFF9B, 0xFF9B, 0xFFBC,
  0xFFBC, 0xFF9B, 0xFFBC, 0x9CB1, 0x2924, 0x2924, 0x2924, 0x18A3, 0x528A, 0xFFFF, 0xFFFF, 0xFFFF, 0xFFFF, 0xEF5D, 0x2945, 0x2104,
  0x2924, 0x2904, 0x2904, 0x2104, 0x2104, 0x2904, 0x2104, 0x2924, 0x2104, 0x3903, 0xA1C5, 0xDA46, 0xD225, 0xD225, 0xDA25, 0xD225,
  0xD225, 0xD225, 0xD225, 0xD225, 0xD225, 0xD225, 0xD225, 0xD225, 0xD225, 0xD225, 0xD225, 0xD225, 0xD225, 0xD225, 0xD225, 0xD225,
  0xD225, 0xD225, 0xDA45, 0xBA06, 0x3104, 0x20E3, 0x6944, 0xCA26, 0xE245, 0xDA25, 0xDA45, 0xDA46, 0xDA25, 0xDA05, 0xE225, 0xDA66,
  0x8985, 0x28E3, 0x2124, 0x2924, 0x2924, 0x2924, 0x2924, 0x2924, 0x2924, 0x2904, 0x2104, 0x2924, 0x2104, 0x2104, 0x20E4, 0x30E4,
  0x3903, 0x3903, 0x20E4, 0x2124, 0x2924, 0x2924, 0x2924, 0x2924, 0x2924, 0x2924, 0x2924, 0x2924, 0x2924, 0x2104, 0x2104, 0x2124,
  0x2104, 0x2924, 0x2104, 0x2924, 0x20E3, 0x4A28, 0x6B2C, 0x2904, 0x2104, 0x3186, 0x2924, 0x18C3, 0x4A49, 0x5AAA, 0x20E3, 0x2924,
  0x2104, 0xA514, 0x528A, 0x18C3, 0x2924, 0x2924, 0x2945, 0xB574, 0xFFBC, 0xFF9B, 0xFFBC, 0xFF9B, 0xFFBC, 0xEF1A, 0x39C6, 0x2104,
  0x2924, 0x2924, 0x20E3, 0xBDD7, 0xEF5D, 0xDEFB, 0xE73C, 0xD69A, 0x8C51, 0x2924, 0x2104, 0x2904, 0x2904, 0x2924, 0x2924, 0x2924,
  0x2924, 0x2924, 0x2924, 0x2924, 0x2104, 0x28C3, 0x8984, 0xDA46, 0xD225, 0xD225, 0xD225, 0xD225, 0xD225, 0xD225, 0xD225, 0xD225,
  0xD225, 0xD225, 0xD225, 0xD225, 0xD225, 0xD225, 0xD225, 0xD225, 0xD225, 0xD225, 0xD225, 0xD225, 0xD225, 0xDA25, 0xD226, 0x5124,
  0x2104, 0x20E3, 0x5124, 0xA1C5, 0xCA26, 0xDA46, 0xDA45, 0xD226, 0xCA26, 0x99C5, 0x5924, 0x20E3, 0x2924, 0x2924, 0x2924, 0x2904,
  0x2924, 0x2924, 0x2924, 0x2924, 0x2924, 0x2924, 0x2124, 0x2924, 0x2924, 0x2924, 0x2104, 0x2104, 0x2104, 0x2924, 0x2904, 0x2924,
  0x2124, 0x2924, 0x2924, 0x2924, 0x2924, 0x2924, 0x2924, 0x2924, 0x2924, 0x2104, 0x2104, 0x2124, 0x2124, 0x2104, 0x2104, 0x2924,
  0x20E3, 0x18A3, 0x2104, 0x18A2, 0xA534, 0x736D, 0x18A2, 0x20E4, 0x18C3, 0x2924, 0x20C3, 0x4208, 0xEF5D, 0xD679, 0x4A49, 0x20E3,
  0x2925, 0x2104, 0x41E7, 0xF75A, 0xFFBC, 0xFF9B, 0xFF9B, 0xFFBC, 0x840F, 0x2924, 0x2924, 0x2924, 0x2104, 0x2945, 0xEF7D, 0xD6BA,
  0xD69A, 0xB596, 0x2945, 0x18A2, 0x2104, 0x2924, 0x2904, 0x2924, 0x2924, 0x2924, 0x2124, 0x2924, 0x20E3, 0x18A3, 0x20E3, 0x2924,
  0x2124, 0x20C3, 0x8985, 0xDA46, 0xD225, 0xD225, 0xD225, 0xD225, 0xD225, 0xD225, 0xD225, 0xD225, 0xD225, 0xD225, 0xD225, 0xD225,
  0xD225, 0xD225, 0xD225, 0xD225, 0xD225, 0xD225, 0xD225, 0xD225, 0xD225, 0xDA45, 0x6944, 0x18E3, 0x2924, 0x2104, 0x28E3, 0x4924,
  0x6964, 0x6964, 0x5924, 0x4104, 0x20E3, 0x2104, 0x2924, 0x2924, 0x2924, 0x2924, 0x2924, 0x2924, 0x2924, 0x2924, 0x2124, 0x2124,
  0x2124, 0x2124, 0x2124, 0x2924, 0x2904, 0x2904, 0x2904, 0x2924, 0x2924, 0x2124, 0x2924, 0x2124, 0x2924, 0x2924, 0x2924, 0x2924,
  0x2924, 0x2924, 0x2124, 0x2124, 0x2945, 0x2924, 0x2104, 0x2924, 0x2104, 0x2924, 0x20E4, 0x20E3, 0x2924, 0x2924, 0x1082, 0xA4F3,
  0xA514, 0x1082, 0x2945, 0x2924, 0x2924, 0x20E4, 0x3186, 0xE71B, 0xEF5C, 0x6B2C, 0x18C3, 0x2924, 0x2104, 0x2945, 0xD677, 0xFFBC,
  0xFF9B, 0xFFBC, 0xFFBC, 0x41E7, 0x2904, 0x2924, 0x2924, 0x2924, 0x2104, 0xD69A, 0xEF5D, 0xE71C, 0x738E, 0x18A2, 0x2945, 0x2904,
  0x2904, 0x2904, 0x2904, 0x2924, 0x2924, 0x2924, 0x20E3, 0x4A49, 0x9491, 0x4A28, 0x20E3, 0x18A2, 0x20E4, 0x28E3, 0x99C5, 0xDA45,
  0xD225, 0xD225, 0xD225, 0xD225, 0xD225, 0xD225, 0xD225, 0xD225, 0xD225, 0xD225, 0xD225, 0xD225, 0xD225, 0xD225, 0xD225, 0xD225,
  0xD225, 0xD225, 0xD225, 0xD225, 0xDA25, 0x7965, 0x18E3, 0x2924, 0x2904, 0x2924, 0x2104, 0x2104, 0x20E4, 0x18E4, 0x2104, 0x2124,
  0x2924, 0x2924, 0x2124, 0x2124, 0x2924, 0x2924, 0x2924, 0x2924, 0x2924, 0x2124, 0x2124, 0x2124, 0x2124, 0x2924, 0x2924, 0x2904,
  0x2104, 0x2904, 0x2904, 0x2924, 0x2104, 0x2124, 0x2124, 0x2924, 0x2924, 0x2924, 0x2104, 0x2104, 0x2924, 0x2924, 0x20E3, 0x4A28,
  0x4208, 0x20E3, 0x2924, 0x2924, 0x18C3, 0x4A28, 0x62EB, 0x18C3, 0x2924, 0x18C3, 0x4A28, 0x62EB, 0x18C3, 0x2924, 0x2104, 0x2104,
  0x2924, 0x20E3, 0x630C, 0x7BCF, 0x2945, 0x2904, 0x2924, 0x2924, 0x2945, 0xD677, 0xFFBC, 0xFF9B, 0xFFBC, 0xFF9B, 0x39C7, 0x2924,
  0x2924, 0x2104, 0x2104, 0x20E3, 0x4A49, 0xA534, 0x8430, 0x2945, 0x2104, 0x2924, 0x2904, 0x2904, 0x2924, 0x2924, 0x2924, 0x2924,
  0x2945, 0x18C3, 0x7BCF, 0xEF3C, 0xCE59, 0xAD54, 0x8410, 0x39A6, 0x2104, 0x38E3, 0xB1E5, 0xDA25, 0xD225, 0xD225, 0xD225, 0xD225,
  0xD225, 0xD225, 0xD225, 0xD225, 0xD225, 0xD225, 0xD225, 0xD225, 0xD225, 0xD225, 0xD225, 0xD225, 0xD225, 0xD225, 0xD225, 0xDA25,
  0x6964, 0x18E3, 0x2924, 0x2924, 0x2904, 0x2924, 0x2924, 0x2924, 0x2924, 0x2924, 0x2124, 0x2124, 0x2924, 0x2924, 0x2104, 0x2924,
  0x2104, 0x20E3, 0x2924, 0x2124, 0x2124, 0x2124, 0x2124, 0x2924, 0x2924, 0x2904, 0x2904, 0x2104, 0x2104, 0x2124, 0x2124, 0x2124,
  0x2124, 0x2924, 0x2124, 0x2924, 0x20E3, 0x2124, 0x2925, 0x2104, 0x2124, 0x2124, 0x2104, 0x2104, 0x2924, 0x2104, 0x2924, 0x20E3,
  0x39C7, 0x4208, 0x20E3, 0x2924, 0x2924, 0x20E3, 0x18C3, 0x2924, 0x2104, 0x2904, 0x2104, 0x2104, 0x2104, 0x18C3, 0x18C3, 0x20E3,
  0x2924, 0x2924, 0x3165, 0x528A, 0xF77B, 0xFFBC, 0xFF9B, 0xFF9B, 0xFFBC, 0x5ACA, 0x2924, 0x20E3, 0x8410, 0x4208, 0x20E3, 0x20E3,
  0x18C3, 0x18C3, 0x2104, 0x2924, 0x2924, 0x2924, 0x2924, 0x2904, 0x2924, 0x2924, 0x2104, 0x18C3, 0x0841, 0x6B4D, 0xDEDB, 0xCE59,
  0xD6BA, 0xE73C, 0x8C51, 0x18C3, 0x2104, 0x5924, 0xD225, 0xD225, 0xD225, 0xD225, 0xD225, 0xD225, 0xD225, 0xD225, 0xD225, 0xD225,
  0xD225, 0xD225, 0xD225, 0xD225, 0xD225, 0xD225, 0xD225, 0xD225, 0xD225, 0xD225, 0xD226, 0x5124, 0x2104, 0x2924, 0x2904, 0x2904,
  0x2104, 0x2904, 0x2924, 0x2924, 0x2104, 0x2104, 0x2104, 0x2104, 0x2104, 0x2124, 0x20E4, 0x39A6, 0x4A28, 0x20E3, 0x2104, 0x2104,
  0x2924, 0x2924, 0x2924, 0x2904, 0x2904, 0x2904, 0x2104, 0x2104, 0x2124, 0x2124, 0x2124, 0x2124, 0x2104, 0x2924, 0x2104, 0x3165,
  0xAD54, 0x7BAE, 0x18C3, 0x2924, 0x2124, 0x2104, 0x2104, 0x2124, 0x2104, 0x2104, 0x2924, 0x2104, 0x20E3, 0x2904, 0x20E3, 0x2104,
  0x2924, 0x2924, 0x2104, 0x2104, 0x2904, 0x2104, 0x2104, 0x2924, 0x2924, 0x2945, 0x3165, 0x736D, 0xB553, 0xCE16, 0xFFBC, 0xFFBC,
  0xFF9B, 0xFFBC, 0xFF9B, 0xFFBC, 0xCE16, 0x3186, 0x18A2, 0x83EF, 0x9471, 0x18A2, 0x2945, 0x2924, 0x2924, 0x2924, 0x2904, 0x2904,
  0x2924, 0x2904, 0x2904, 0x2924, 0x2104, 0x2945, 0x83EF, 0x736D, 0xB596, 0xD6BA, 0xCE79, 0xCE59, 0xD6BA, 0x9CD2, 0x20C3, 0x2124,
  0x28C3, 0xA9E5, 0xDA45, 0xD225, 0xD225, 0xD225, 0xD225, 0xD225, 0xD225, 0xD225, 0xD225, 0xD225, 0xD225, 0xD225, 0xD225, 0xD225,
  0xD225, 0xD225, 0xD225, 0xD225, 0xDA45, 0xA9E5, 0x28E3, 0x2124, 0x2904, 0x2924, 0x2104, 0x2924, 0x2924, 0x2924, 0x2924, 0x2124,
  0x2124, 0x2924, 0x2104, 0x2924, 0x18C3, 0x5AAA, 0xDEDA, 0xC618, 0x2945, 0x2104, 0x2924, 0x2104, 0x20E4, 0x2924, 0x2104, 0x2104,
  0x2904, 0x2104, 0x2124, 0x2924, 0x2124, 0x2124, 0x2104, 0x2124, 0x2924, 0x18A3, 0x7BAE, 0xD6BA, 0x738E, 0x18A2, 0x2924, 0x2124,
  0x2124, 0x2104, 0x2104, 0x2104, 0x2924, 0x18C3, 0x20E3, 0x2924, 0x2104, 0x41E7, 0x2945, 0x2104, 0x2104, 0x2104, 0x2104, 0x2104,
  0x2104, 0x2924, 0x2104, 0x3165, 0x9450, 0xF77B, 0xFFBC, 0xFFBC, 0xEF3A, 0x8C0F, 0xBD94, 0xFFBC, 0xFF9B, 0xFFBC, 0xFF9B, 0xFFBC,
  0x9450, 0x20E3, 0x4A49, 0xB575, 0x2104, 0x2104, 0x2924, 0x2924, 0x2104, 0x2904, 0x2924, 0x2924, 0x2924, 0x2924, 0x2924, 0x20E4,
  0x39A6, 0xDEBA, 0xEF3C, 0xDEFB, 0xDEBA, 0xDEDB, 0xEF7D, 0xF79E, 0x5ACB, 0x20E3, 0x2924, 0x20E3, 0x7164, 0xDA46, 0xD225, 0xD225,
  0xD225, 0xD225, 0xD225, 0xD225, 0xD225, 0xD225, 0xD225, 0xD225, 0xD225, 0xD225, 0xD225, 0xD225, 0xD225, 0xD225, 0xD225, 0xD246,
  0x5944, 0x2104, 0x2924, 0x2104, 0x2104, 0x2904, 0x20E3, 0x18C3, 0x20E3, 0x2924, 0x2924, 0x2104, 0x2924, 0x2925, 0x2925, 0x20E3,
  0x4A28, 0xAD55, 0x9CB2, 0x2924, 0x2104, 0x2104, 0x2925, 0x39A6, 0x2104, 0x2104, 0x2104, 0x2904, 0x2924, 0x2124, 0x2104, 0x2924,
  0x2104, 0x2104, 0x2924, 0x18C3, 0x5ACB, 0xD69A, 0xD679, 0x4A28, 0x18C3, 0x2924, 0x2104, 0x2104, 0x2104, 0x2104, 0x2924, 0x20E3,
  0x4208, 0x4208, 0x20E3, 0x2104, 0xA4F3, 0x7BAE, 0x18C3, 0x2945, 0x2104, 0x2104, 0x2104, 0x2104, 0x2104, 0x3165, 0xBDB5, 0xC5F6,
  0x9CB1, 0xAD13, 0x9470, 0x3186, 0x2104, 0x3186, 0xEF19, 0xFFBC, 0xFFBC, 0xFF9B, 0xFFBC, 0x7BAD, 0x18A2, 0x7BCE, 0x9CD3, 0x18C3,
  0x2924, 0x18C3, 0x18A3, 0x2104, 0x2904, 0x2904, 0x2104, 0x2104, 0x2924, 0x2924, 0x18A3, 0x526A, 0xE71C, 0xDEDB, 0xDEFB, 0xEF3C,
  0xEF5D, 0xFFFF, 0x7BAE, 0x18C3, 0x2924, 0x2104, 0x2124, 0x30E3, 0xB205, 0xDA25, 0xD225, 0xD225, 0xD225, 0xD225, 0xD225, 0xD225,
  0xD225, 0xD225, 0xD225, 0xD225, 0xD225, 0xD225, 0xD225, 0xD225, 0xD225, 0xD226, 0x6944, 0x20E3, 0x2924, 0x2104, 0x2924, 0x3186,
  0x18C3, 0x41E7, 0x9CD3, 0x6B2C, 0x18E3, 0x2924, 0x2924, 0x20E3, 0x18A3, 0x18A3, 0x2104, 0x20C3, 0x18C3, 0x2104, 0x2104, 0x2924,
  0x18E3, 0x9CB2, 0xCE59, 0x3165, 0x2104, 0x2924, 0x2924, 0x2924, 0x2924, 0x2924, 0x2924, 0x2104, 0x2924, 0x2924, 0x18C3, 0xA514,
  0xE71B, 0xBDF7, 0x2945, 0x2104, 0x2904, 0x2104, 0x2924, 0x2924, 0x2924, 0x20E3, 0x4A28, 0xE71B, 0x83EF, 0x18A3, 0x2904, 0x2924,
  0x3165, 0x2104, 0x18A2, 0x2104, 0x2924, 0x2104, 0x2945, 0x6B4C, 0xDE98, 0xA4D2, 0x2945, 0x2925, 0x2945, 0x2924, 0x2104, 0x2945,
  0x2925, 0xA512, 0xFFBC, 0xFF9B, 0xFFBC, 0xDE78, 0x2945, 0x2104, 0x4208, 0x3165, 0x20E4, 0x20E3, 0x528A, 0x6B2C, 0x2104, 0x2104,
  0x2924, 0x2104, 0x2104, 0x2924, 0x2104, 0x2945, 0xBDB6, 0xE71C, 0xDEDB, 0xE6FB, 0x9492, 0x8C71, 0xA4F3, 0x18C3, 0x2904, 0x2924,
  0x2945, 0x20E4, 0x2104, 0x7164, 0xDA46, 0xD225, 0xD225, 0xD225, 0xD225, 0xD225, 0xD225, 0xD225, 0xD225, 0xD225, 0xD225, 0xD225,
  0xD225, 0xD225, 0xD225, 0xD246, 0x7164, 0x20E3, 0x2924, 0x2924, 0x18A3, 0x7BAF, 0xC618, 0x2104, 0x83EF, 0xF79D, 0x8C30, 0x18A3,
  0x2924, 0x20E3, 0x4A28, 0x83EF, 0x738E, 0x2945, 0x2104, 0x2924, 0x2104, 0x2104, 0x2924, 0x20E3, 0x5ACB, 0x738E, 0x2924, 0x2104,
  0x2924, 0x2924, 0x2924, 0x2104, 0x2104, 0x2924, 0x2104, 0x20E3, 0x2104, 0x20E3, 0xAD55, 0xE71B, 0xA4F3, 0x18C3, 0x2924, 0x2104,
  0x2124, 0x20E3, 0x18C3, 0x20E4, 0x20E3, 0x4208, 0x8410, 0x39A6, 0x20E4, 0x2924, 0x2104, 0x20E3, 0x2925, 0x738E, 0x3165, 0x2104,
  0x2104, 0x7BAE, 0xFFBC, 0xAD33, 0x3165, 0x2104, 0x2924, 0x2924, 0x2924, 0x2924, 0x2924, 0x2924, 0x7BAD, 0xFFBC, 0xFF9B, 0xFFBC,
  0x83EF, 0x2924, 0x2924, 0x20E3, 0x2104, 0x2104, 0x2924, 0xC617, 0xD69A, 0x3186, 0x20E4, 0x2924, 0x2904, 0x2104, 0x2924, 0x20E3,
  0x41E7, 0xE71C, 0xE73C, 0xF79D, 0x9CB2, 0x1062, 0x18C3, 0x20E3, 0x2924, 0x18E3, 0x8430, 0xCE59, 0x4A28, 0x18C3, 0x3904, 0xC205,
  0xDA25, 0xD225, 0xD225, 0xD225, 0xD225, 0xD225, 0xD225, 0xD225, 0xD225, 0xD225, 0xD225, 0xD225, 0xD225, 0xDA46, 0x7985, 0x20E3,
  0x2924, 0x2904, 0x2104, 0x3165, 0xCE58, 0xDEBA, 0x3165, 0x39C7, 0x7BAE, 0x2945, 0x2104, 0x20E3, 0x41E8, 0xCE59, 0xDEFB, 0xE71C,
  0x8C30, 0x18C3, 0x2104, 0x3186, 0x7BCF, 0x20E4, 0x2924, 0x18C3, 0x18A3, 0x2104, 0x2924, 0x2924, 0x2924, 0x2104, 0x2104, 0x2104,
  0x2104, 0x2104, 0x9CB2, 0xA4F3, 0x2104, 0xA514, 0xE71B, 0x5AAA, 0x18C3, 0x2924, 0x2924, 0x20E3, 0x39C7, 0xAD34, 0x5AAA, 0x18C3,
  0x2104, 0x18A2, 0x20E4, 0x2924, 0x2104, 0x2924, 0x20E3, 0x9492, 0xCE58, 0x2945, 0x2904, 0x2925, 0x83EE, 0xEF3A, 0x39A6, 0x2924,
  0x2924, 0x2104, 0x2104, 0x2904, 0x2904, 0x2924, 0x2104, 0x4A28, 0xFF9B, 0xFFBC, 0xFFBC, 0x62EB, 0x20E3, 0x2924, 0x2924, 0x2924,
  0x2924, 0x18C3, 0x8C50, 0xCE58, 0x3186, 0x20E4, 0x2924, 0x2104, 0x2904, 0x2904, 0x2924, 0x20E3, 0x736D, 0xBDB6, 0xC5F7, 0x5AAA,
  0x20E3, 0x2925, 0x2924, 0x2104, 0x2924, 0xBDD6, 0xEF3C, 0xB5B6, 0x18C3, 0x20E3, 0x91A5, 0xDA25, 0xD225, 0xD225, 0xD225, 0xD225,
  0xD225, 0xD225, 0xD225, 0xD225, 0xD225, 0xD225, 0xD225, 0xE246, 0x89A5, 0x20E3, 0x2104, 0x2924, 0x2945, 0x18C3, 0x5ACB, 0xDEBA,
  0x8C51, 0x2924, 0x20E4, 0x18A2, 0x2104, 0x2924, 0x18A2, 0x8C71, 0xDEDB, 0xC618, 0xD69A, 0xB595, 0x2104, 0x2104, 0x3165, 0x4A28,
  0x20E4, 0x2924, 0x2924, 0x2925, 0x2924, 0x2904, 0x2924, 0x2924, 0x2104, 0x2904, 0x2104, 0x2924, 0x20E3, 0x8C51, 0xD659, 0x20E3,
  0xA4F3, 0xCE38, 0x2944, 0x2104, 0x2904, 0x2924, 0x1082, 0x9CB2, 0xF77D, 0x4A69, 0x18C3, 0x2924, 0x2925, 0x2924, 0x2904, 0x2904,
  0x2104, 0x2104, 0x83EF, 0x4A49, 0x18C3, 0x20E4, 0x18A2, 0x2924, 0x39C7, 0x2104, 0x18C3, 0x18C3, 0x2904, 0x2104, 0x2904, 0x2924,
  0x2924, 0x2924, 0x39A6, 0xFF7B, 0xFF9B, 0xFFBC, 0x6B4C, 0x2104, 0x2925, 0x2924, 0x2104, 0x2924, 0x20E3, 0x2945, 0xBDB6, 0x39A6,
  0x20E3, 0x2924, 0x2104, 0x2104, 0x2104, 0x2104, 0x2104, 0x18C3, 0x20E3, 0x2104, 0x20E3, 0x2924, 0x2104, 0x2104, 0x2924, 0x18A3,
  0x83CF, 0xE6FB, 0xDEFB, 0x3186, 0x18C3, 0x6144, 0xDA26, 0xD225, 0xD225, 0xD225, 0xD225, 0xD225, 0xD225, 0xD225, 0xD225, 0xD225,
  0xD205, 0xDA46, 0x99C5, 0x28E3, 0x2104, 0x2924, 0x2104, 0x18C3, 0x18C3, 0x41E7, 0x41E7, 0x1082, 0x18A2, 0x18C3, 0x2924, 0x2924,
  0x2924, 0x18C3, 0xAD34, 0xE71C, 0xD6BA, 0xE6FB, 0x738E, 0x1082, 0x20E3, 0x2104, 0x20E3, 0x2924, 0x2104, 0x18C3, 0x18C3, 0x18C3,
  0x2104, 0x2924, 0x2924, 0x2104, 0x2104, 0x2104, 0x2924, 0x18A3, 0x39C7, 0xCE38, 0x9CD2, 0xDEBA, 0x6B4D, 0x18C3, 0x2924, 0x2924,
  0x18C3, 0x4A49, 0xCE58, 0x630C, 0x18C3, 0x2924, 0x2924, 0x2904, 0x2904, 0x2904, 0x2924, 0x2904, 0x2104, 0x18A3, 0x20E3, 0x20E3,
  0x4A49, 0x83EF, 0x2124, 0x20E3, 0x2104, 0x528A, 0x5269, 0x20E3, 0x2924, 0x2904, 0x2924, 0x2924, 0x2924, 0x39A6, 0xF75B, 0xFF9B,
  0xFFBC, 0x8C4F, 0x2925, 0x2924, 0x20E4, 0x2104, 0x2104, 0x2924, 0x20E3, 0xB575, 0x7BCF, 0x18C3, 0x2924, 0x2104, 0x2104, 0x2104,
  0x2104, 0x2104, 0x2924, 0x2124, 0x2104, 0x2924, 0x2104, 0x2104, 0x2104, 0x2924, 0x20E3, 0x39C7, 0xEF5D, 0xD699, 0x3186, 0x18E3,
  0x4903, 0xCA26, 0xDA25, 0xD225, 0xD225, 0xD225, 0xD225, 0xD225, 0xD225, 0xD225, 0xD205, 0xD225, 0x8985, 0x28E3, 0x2104, 0x2924,
  0x20E3, 0x2104, 0x6B4D, 0xBDB6, 0x4A69, 0x18A2, 0x6B4D, 0xB595, 0x9CF3, 0x2104, 0x2104, 0x2924, 0x18C3, 0x630C, 0xD6BA, 0xD6BA,
  0x8430, 0x1082, 0x4A28, 0x4A28, 0x20E3, 0x2924, 0x2924, 0x20E3, 0x6B2C, 0xA513, 0x5AAA, 0x20E3, 0x2924, 0x2924, 0x2104, 0x2104,
  0x2104, 0x2104, 0x2104, 0xA4F3, 0xE6FB, 0xCE59, 0x6B4D, 0x20E3, 0x2924, 0x2924, 0x2104, 0x2924, 0xC617, 0x9CD2, 0x1062, 0x2924,
  0x2924, 0x2924, 0x2104, 0x2924, 0x2104, 0x18C3, 0x2104, 0x2904, 0x2924, 0x2924, 0x20E3, 0x4A28, 0xD6BA, 0x5AAA, 0x18A3, 0x3165,
  0xD6BA, 0xB596, 0x20E3, 0x2924, 0x2924, 0x2924, 0x2924, 0x2104, 0x39A6, 0xDEB8, 0xFF9B, 0xFFBC, 0xC5D5, 0x2945, 0x20E3, 0x4A28,
  0x9CB2, 0x2924, 0x20E3, 0x3165, 0xC618, 0xDEDB, 0x4208, 0x20E3, 0x2924, 0x2104, 0x2104, 0x2104, 0x2104, 0x2104, 0x2104, 0x2104,
  0x2104, 0x2104, 0x2104, 0x2104, 0x2924, 0x20E4, 0x3165, 0xF79D, 0xD679, 0x20E4, 0x20E3, 0x3103, 0xBA06, 0xDA45, 0xD225, 0xD225,
  0xD225, 0xD225, 0xD225, 0xD225, 0xDA25, 0xD226, 0x7964, 0x20E3, 0x2104, 0x2924, 0x18A3, 0x39A6, 0xBDD6, 0xE71B, 0xF77D, 0x6B2C,
  0x2104, 0xCE59, 0xFFFF, 0xEF5D, 0x2104, 0x2104, 0x2104, 0x2904, 0x1082, 0x20E4, 0x2104, 0x2104, 0x18A2, 0xAD75, 0xF79D, 0x4A48,
  0x18C3, 0x2924, 0x20E3, 0xB596, 0xEF7D, 0xCE58, 0x2945, 0x2104, 0x2924, 0x2104, 0x2104, 0x2924, 0x20E3, 0x39A6, 0xBDB6, 0x5AAA,
  0x2924, 0x18C3, 0x2924, 0x2924, 0x2104, 0x2904, 0x20E3, 0xA513, 0xC5F7, 0x3165, 0x2104, 0x2924, 0x2104, 0x2924, 0x2104, 0x2104,
  0x4A49, 0x2924, 0x2104, 0x2904, 0x2104, 0x2924, 0x20E3, 0x3165, 0x3165, 0x2104, 0x20E3, 0xB575, 0x8C51, 0x18A2, 0x2924, 0x2904,
  0x2904, 0x2124, 0x2104, 0x39A6, 0xEF1A, 0xFF9B, 0xFFBC, 0xDE98, 0x3165, 0x18A2, 0x8C30, 0xB575, 0x18C3, 0x18C3, 0x8C30, 0xE6FB,
  0x9491, 0x2945, 0x2104, 0x2924, 0x2104, 0x2104, 0x2924, 0x2924, 0x2104, 0x2104, 0x2104, 0x2104, 0x2104, 0x2104, 0x2104, 0x2104,
  0x2104, 0x2924, 0x9CF3, 0xDEBA, 0x9CD2, 0x3165, 0x20C3, 0xA1C5, 0xDA45, 0xD225, 0xD225, 0xD225, 0xD225, 0xD225, 0xDA45, 0xD246,
  0x6944, 0x20E3, 0x2924, 0x2904, 0x18C3, 0x528A, 0xCE59, 0xEF5C, 0xE6FB, 0xDEDB, 0x41E7, 0x20E3, 0xBDD7, 0xCE79, 0x526A, 0x18C3,
  0x2924, 0x2924, 0x18C3, 0x83EF, 0xCE59, 0x4A28, 0x1082, 0x18C3, 0x4A49, 0x8C50, 0x39A7, 0x20E3, 0x2924, 0x20C3, 0x5ACB, 0x9CD2,
  0x62EB, 0x2104, 0x2924, 0x2904, 0x2104, 0x2904, 0x2104, 0x2104, 0x2104, 0x2104, 0x18C3, 0x18C3, 0x2945, 0x20E3, 0x2104, 0x2104,
  0x2924, 0x18A2, 0x5AEB, 0xEF5C, 0x5AAA, 0x18C3, 0x2924, 0x2104, 0x2104, 0x18A3, 0x8C30, 0xF7BE, 0x62EB, 0x18C3, 0x2924, 0x2924,
  0x2104, 0x2924, 0x20E4, 0x2104, 0x2924, 0x18A2, 0x62EB, 0xAD55, 0x18C3, 0x2104, 0x2924, 0x2104, 0x2924, 0x2104, 0x5A8A, 0xFFBC,
  0xFF9B, 0xFFBC, 0xCE37, 0x2945, 0x2104, 0x39C7, 0x39A6, 0x18A3, 0x8C30, 0xEF3C, 0xA513, 0x18A3, 0x2104, 0x2924, 0x2104, 0x2104,
  0x2104, 0x18C3, 0x20E4, 0x2924, 0x2104, 0x2104, 0x2104, 0x2924, 0x2924, 0x2104, 0x2104, 0x2924, 0x2104, 0x18A2, 0x4208, 0xE6FB,
  0x8C51, 0x1082, 0x89A5, 0xDA45, 0xD205, 0xD225, 0xD205, 0xD205, 0xDA25, 0xCA46, 0x5944, 0x20E3, 0x2924, 0x2924, 0x18C3, 0x6B4D,
  0xEF5C, 0xE73C, 0xE6FB, 0xC5F7, 0x5ACB, 0x20C3, 0x2924, 0xC5F7, 0x5269, 0x1082, 0x2924, 0x2924, 0x18C3, 0x5269, 0xFFFF, 0xFFFF,
  0xC638, 0x4228, 0x41E7, 0x18C3, 0x18A2, 0x20E4, 0x2924, 0x2104, 0x2104, 0x20E3, 0x18C3, 0x18C3, 0x2904, 0x2904, 0x2104, 0x2104,
  0x2104, 0x2104, 0x2104, 0x2104, 0x2104, 0x20E3, 0x6B2C, 0xD679, 0x8410, 0x18C3, 0x2924, 0x2924, 0x18C3, 0x5ACB, 0xD679, 0x39E7,
  0x20E3, 0x2924, 0x2104, 0x2104, 0xA4F3, 0xF79E, 0xE71B, 0x4208, 0x20E3, 0x2924, 0x2924, 0x2924, 0x2104, 0x2924, 0x2104, 0x2924,
  0x18A2, 0x7BCF, 0xEF3C, 0x840F, 0x18C3, 0x2924, 0x2924, 0x2924, 0x2924, 0x9450, 0xFFBC, 0xFF9B, 0xFFBC, 0xA513, 0x2945, 0x2924,
  0x20E3, 0x2104, 0x20E3, 0x9471, 0xDEBA, 0x52AA, 0x18C3, 0x2924, 0x2104, 0x2104, 0x2104, 0x2104, 0x528A, 0x3186, 0x2104, 0x2924,
  0x2104, 0x2924, 0x20E3, 0x20E3, 0x2924, 0x2104, 0x2104, 0x2924, 0x2945, 0x1082, 0x9471, 0xD679, 0x20E3, 0x5924, 0xD226, 0xDA25,
  0xDA25, 0xDA25, 0xCA05, 0x99C5, 0x5124, 0x2103, 0x2924, 0x2904, 0x2104, 0x2104, 0xCE38, 0xE71C, 0xDEFB, 0xDEBA, 0x39C7, 0x18A2,
  0x20E3, 0x4208, 0xDEDA, 0x5269, 0x20E3, 0x2924, 0x2924, 0x18A3, 0x9492, 0xFFFF, 0xFFFF, 0xFFFF, 0xFFFF, 0xF7BE, 0x39C7, 0x2104,
  0x2924, 0x2104, 0x2904, 0x2104, 0x20E3, 0x2924, 0x2924, 0x2904, 0x2904, 0x2104, 0x2104, 0x2104, 0x2104, 0x2924, 0x2104, 0x3165,
  0xAD34, 0xDEBA, 0xEF5C, 0xDEDB, 0x2124, 0x2104, 0x2924, 0x20E3, 0x41E7, 0x39C7, 0x18E3, 0x2924, 0x2924, 0x18C3, 0x4A49, 0xEF7D,
  0xBDF7, 0x4A69, 0x20E3, 0x2924, 0x2124, 0x2924, 0x2924, 0x2104, 0x2104, 0x2924, 0x20E3, 0x39E7, 0xC617, 0xE71C, 0x8C51, 0x18E3,
  0x2924, 0x2104, 0x2904, 0x2945, 0xC5F5, 0xFFBC, 0xFF9B, 0xFFBC, 0x8C2F, 0x2924, 0x2924, 0x2924, 0x2924, 0x2104, 0x2924, 0x39C7,
  0x2104, 0x2924, 0x2124, 0x2924, 0x2924, 0x20E3, 0x39A6, 0xDEBA, 0xA4F3, 0x18C3, 0x2924, 0x2924, 0x18C3, 0x62EB, 0x5AAA, 0x18C3,
  0x2924, 0x2924, 0x20E3, 0x18A3, 0x0841, 0x7BAE, 0xEF5C, 0x5269, 0x1882, 0x6944, 0xA9E6, 0xB206, 0x89A5, 0x4103, 0x20E3, 0x2104,
  0x2924, 0x2924, 0x2924, 0x18C3, 0x41E7, 0xDEDB, 0xE71C, 0xEF7D, 0xDEDA, 0x31A6, 0x2924, 0x18A2, 0x7BEF, 0xBDF7, 0x2945, 0x2104,
  0x2924, 0x2924, 0x18C3, 0x73AE, 0xF79E, 0xCE79, 0xB596, 0xBDB6, 0x8430, 0x2945, 0x2104, 0x2924, 0x2904, 0x2104, 0x2104, 0x8C51,
  0x39A6, 0x20E3, 0x2924, 0x2904, 0x2924, 0x2924, 0x2104, 0x2104, 0x2924, 0x18C3, 0x52AA, 0xEF5C, 0xDEDA, 0xEF5C, 0xAD55, 0x18C3,
  0x2924, 0x2104, 0x2924, 0x20E3, 0x20E3, 0x2924, 0x2904, 0x2924, 0x18A2, 0x8410, 0xD699, 0x2924, 0x18C3, 0x2924, 0x2124, 0x2124,
  0x2924, 0x2124, 0x2104, 0x2104, 0x2924, 0x18A3, 0x7BCF, 0xE71B, 0x94B2, 0x2104, 0x2104, 0x2924, 0x2924, 0x2104, 0x39C7, 0xF77B,
  0xFFBC, 0xFF9B, 0xFFBC, 0x8C30, 0x2924, 0x2924, 0x2104, 0x2104, 0x2924, 0x2104, 0x20E4, 0x2924, 0x2104, 0x2104, 0x2104, 0x2945,
  0x1082, 0x738E, 0xF79D, 0xAD34, 0x18C3, 0x2924, 0x2924, 0x18C3, 0x630C, 0x528A, 0x18C3, 0x2925, 0x20E3, 0x39C7, 0x7BCF, 0x7BAE,
  0xBDB6, 0xE6FB, 0x9CB2, 0x18C3, 0x2104, 0x28E3, 0x2904, 0x20E3, 0x20E3, 0x2104, 0x2924, 0x2924, 0x2924, 0x2924, 0x18C3, 0x9492,
  0xDEBA, 0xB596, 0x9492, 0x6B4D, 0x2104, 0x2924, 0x20E3, 0x41E7, 0x3186, 0x20E3, 0x2924, 0x2104, 0x2104, 0x2104, 0x2104, 0x39A6,
  0x2924, 0x1082, 0x1082, 0x18A2, 0x2104, 0x2904, 0x2104, 0x2904, 0x2104, 0x2104, 0x5ACB, 0x2945, 0x2104, 0x2904, 0x2924, 0x20E3,
  0x18C3, 0x2104, 0x20E4, 0x2104, 0x2104, 0x2945, 0x5AAA, 0x5ACB, 0x5AAA, 0x2945, 0x2104, 0x2924, 0x2904, 0x2104, 0x2924, 0x2924,
  0x2104, 0x2924, 0x2104, 0x2925, 0xDEDB, 0xC618, 0x18A3, 0x2104, 0x2924, 0x2124, 0x2924, 0x2124, 0x2104, 0x2104, 0x2104, 0x2904,
  0x2104, 0x3186, 0x4A49, 0x2104, 0x2104, 0x2924, 0x2924, 0x2924, 0x2924, 0x8C0F, 0xFFBC, 0xFF9B, 0xFF9B, 0xFFBC, 0xC5F6, 0x2945,
  0x2904, 0x2924, 0x2104, 0x2924, 0x18A2, 0x8C51, 0x7BAE, 0x18A2, 0x2924, 0x2904, 0x18E3, 0x2924, 0xBDD7, 0xC638, 0x39C7, 0x20E3,
  0x2924, 0x2104, 0x2924, 0x20E3, 0x20E4, 0x2924, 0x2924, 0x20E3, 0xAD34, 0xE73B, 0xA4F3, 0x9471, 0xD699, 0xB595, 0x2104, 0x2104,
  0x2924, 0x20E3, 0x20E3, 0x2945, 0x2104, 0x20E3, 0x2924, 0x2924, 0x18C3, 0x62EB, 0xE73C, 0x9491, 0x18C3, 0x18C3, 0x18C3, 0x2924,
  0x2104, 0x2904, 0x20E3, 0x18C3, 0x18C3, 0x2104, 0x2104, 0x2904, 0x2904, 0x2104, 0x20E4, 0x20E3, 0x3186, 0x39A6, 0x20E4, 0x2104,
  0x2904, 0x2904, 0x2104, 0x2904, 0x2104, 0x18C3, 0x2124, 0x2924, 0x2924, 0x20E3, 0x41E7, 0xA4F3, 0xB575, 0x9CD3, 0x2945, 0x2104,
  0x2104, 0x18C3, 0x18A2, 0x18A3, 0x2104, 0x20E4, 0x2104, 0x2904, 0x2104, 0x2104, 0x2104, 0x2104, 0x2924, 0x20E3, 0x41E7, 0xE73C,
  0xEF7D, 0xC638, 0x41E7, 0x20E3, 0x2924, 0x2924, 0x2904, 0x2924, 0x2924, 0x2104, 0x2904, 0x2104, 0x2104, 0x18E3, 0x2124, 0x2924,
  0x2104, 0x18C3, 0x2104, 0x4A28, 0xF75B, 0xFF9B, 0xFF9B, 0xFFBC, 0xFFBC, 0xFFBC, 0x4A49, 0x2104, 0x2924, 0x2924, 0x2924, 0x20E3,
  0x4A28, 0x41E7, 0x20E3, 0x2924, 0x18C3, 0x62EB, 0xC5F7, 0xDEDB, 0x5289, 0x18A2, 0x2924, 0x2104, 0x2904, 0x2104, 0x2924, 0x2924,
  0x2104, 0x2124, 0x20E3, 0xA4F3, 0xC5F7, 0x20E3, 0x18A2, 0xBDB6, 0x9492, 0x18C3, 0x2924, 0x20E3, 0x41E7, 0xA514, 0xC617, 0xBDF7,
  0x4A28, 0x20E3, 0x2924, 0x18C3, 0xAD75, 0xE71B, 0x4208, 0x18C3, 0x2925, 0x2104, 0x20E3, 0x2104, 0x2924, 0x20E3, 0x62EB, 0x83EF,
  0x20E3, 0x2924, 0x2924, 0x2924, 0x2924, 0x20E3, 0x4208, 0xC618, 0xD69A, 0x7BAE, 0x18C3, 0x2924, 0x2904, 0x2924, 0x2924, 0x2924,
  0x2104, 0x18C3, 0x18C3, 0x2924, 0x18A2, 0x62EB, 0xE6FB, 0xDEDA, 0x9CB2, 0x20E3, 0x2924, 0x2924, 0x2924, 0x2945, 0x18A3, 0x736D,
  0x8C30, 0x18C3, 0x2924, 0x2924, 0x2104, 0x2104, 0x2104, 0x2924, 0x20E3, 0x39A6, 0xDEFB, 0xFFDF, 0xFFFF, 0x94B2, 0x1882, 0x2945,
  0x2904, 0x2904, 0x2924, 0x2924, 0x2924, 0x2924, 0x2104, 0x2924, 0x2924, 0x2924, 0x2104, 0x2104, 0x83EF, 0x39A7, 0x8C0F, 0xFFBC,
  0xFF9B, 0xFFBC, 0xFFBC, 0xFF9B, 0xFFBC, 0x9470, 0x2924, 0x2924, 0x2924, 0x2904, 0x2924, 0x20E3, 0x20E3, 0x2924, 0x2924, 0x18A2,
  0x9CB2, 0xEF3C, 0xCE38, 0x39A6, 0x2104, 0x2924, 0x2904, 0x2104, 0x2104, 0x2104, 0x2104, 0x2104, 0x2924, 0x0841, 0x6B4C, 0xB595,
  0x18E3, 0x3186, 0x9CB2, 0x2945, 0x2104, 0x2104, 0x2104, 0xB5B6, 0xEF5C, 0xDEDB, 0xEF3C, 0x528A, 0x18C3, 0x2924, 0x20E3, 0x5AAA,
  0x630C, 0x20E3, 0x2924, 0x18C3, 0x83EF, 0xAD55, 0x2945, 0x2904, 0x18C3, 0xAD55, 0xCE38, 0x18E3, 0x2924, 0x2904, 0x2904, 0x2924,
  0x1882, 0x8C51, 0xFFBE, 0xEF5D, 0x9CB2, 0x18C3, 0x2924, 0x2104, 0x2104, 0x2104, 0x20E4, 0x39A6, 0xA4F3, 0x7BCF, 0x18C3, 0x18C3,
  0x9491, 0xD679, 0xDEBA, 0x6B2C, 0x18A2, 0x2924, 0x2904, 0x2104, 0x2924, 0x18C3, 0x5269, 0xAD54, 0x2924, 0x2104, 0x2924, 0x2104,
  0x2904, 0x2104, 0x2104, 0x2924, 0x20E3, 0x39C7, 0x6B4D, 0x8C30, 0x5ACB, 0x18A2, 0x20E3, 0x2104, 0x2904, 0x2924, 0x2924, 0x2924,
  0x2924, 0x2124, 0x2924, 0x2924, 0x2924, 0x2104, 0x2924, 0x528A, 0x2924, 0x6B0B, 0xFFBC, 0xFF9B, 0xFFBC, 0xFFBC, 0xFF9B, 0xFFBC,
  0xAD33, 0x2945, 0x2924, 0x2924, 0x2924, 0x2104, 0x2924, 0x2924, 0x2104, 0x2924, 0x20E3, 0x4A49, 0xCE59, 0xDEDB, 0x5269, 0x18C3,
  0x2924, 0x2104, 0x2104, 0x2104, 0x2104, 0x2104, 0x2924, 0x20E3, 0x4A28, 0xCE58, 0xB575, 0x18C3, 0x2924, 0x3186, 0x2104, 0x2924,
  0x18C3, 0x528A, 0xE73C, 0xDEDA, 0xD699, 0xA4F3, 0x2925, 0x2104, 0x2924, 0x2904, 0x18C3, 0x1062, 0x18C3, 0x2924, 0x18C3, 0xB5B6,
  0xF77D, 0x39C7, 0x20E3, 0x20E4, 0x4A28, 0x4A28, 0x20E3, 0x2924, 0x2104, 0x2104, 0x2924, 0x20E3, 0x4A49, 0x736D, 0x5269, 0x3165,
  0x2104, 0x2904, 0x2104, 0x2904, 0x3186, 0x18A2, 0x94B2, 0xF7BE, 0xEF3C, 0xBDB6, 0xBDD6, 0xDEBA, 0xCE38, 0xDEBA, 0x7BEF, 0x18C3,
  0x2924, 0x2904, 0x2904, 0x2104, 0x2104, 0x20E3, 0x2924, 0x2924, 0x2104, 0x2104, 0x2104, 0x2104, 0x2104, 0x2104, 0x2104, 0x2924,
  0x3165, 0x18A2, 0x1882, 0x1082, 0x62EB, 0x7BCF, 0x20E3, 0x2924, 0x2924, 0x2924, 0x2924, 0x2924, 0x2924, 0x2924, 0x2924, 0x2924,
  0x2924, 0x2104, 0x20C3, 0x2104, 0x5AAA, 0xFFBC, 0xFFBC, 0xFFBC, 0xFFBC, 0xFF9B, 0xFFBC, 0x7BAD, 0x2104, 0x2924, 0x2104, 0x2104,
  0x2104, 0x2104, 0x2104, 0x2104, 0x2104, 0x2924, 0x18C3, 0x4208, 0xD699, 0x9491, 0x18C3, 0x2924, 0x2104, 0x2104, 0x2104, 0x2104,
  0x2104, 0x2924, 0x20E3, 0x4208, 0x840F, 0xCE79, 0x5AAA, 0x18C3, 0x2104, 0x2924, 0x2924, 0x18A2, 0x8430, 0xC618, 0x4A28, 0x39A6,
  0x20E3, 0x2104, 0x2924, 0x2924, 0x2104, 0x20E4, 0x6B4D, 0x62EB, 0x20E3, 0x20E3, 0x528A, 0x738E, 0x2104, 0x2104, 0x2904, 0x20C3,
  0x18C3, 0x2924, 0x2904, 0x20E3, 0x3186, 0x7BCE, 0x20E4, 0x20E3, 0x18A2, 0x18C3, 0x2104, 0x2924, 0x2924, 0x18C3, 0x4A48, 0x62EB,
  0x1082, 0x630C, 0xB575, 0x9CD3, 0x8410, 0x5269, 0xA514, 0xDEBA, 0xD69A, 0xCE38, 0x2945, 0x2104, 0x2924, 0x2104, 0x2104, 0x2924,
  0x2904, 0x2104, 0x2104, 0x2104, 0x2104, 0x2104, 0x2104, 0x2104, 0x2924, 0x18A3, 0x5ACB, 0xC638, 0x2104, 0x2945, 0x18C3, 0xAD55,
  0xEF5C, 0x3165, 0x2104, 0x2924, 0x2924, 0x2924, 0x2924, 0x2924, 0x2924, 0x2924, 0x2924, 0x2104, 0x2104, 0x2924, 0x2104, 0x738D,
  0xFFBC, 0xFF9B, 0xFFBC, 0xFF9B, 0xFFBC, 0xC5F6, 0x3166, 0x2104, 0x2104, 0x3165, 0x2945, 0x2104, 0x2104, 0x2104, 0x2104, 0x2104,
  0x2104, 0x2925, 0x0841, 0xA4F3, 0xAD55, 0x18A2, 0x2924, 0x2104, 0x2104, 0x2104, 0x2104, 0x2104, 0x2104, 0x2124, 0x20E4, 0x0841,
  0x7BEF, 0xD6BA, 0x20E3, 0x2924, 0x2904, 0x2904, 0x18C3, 0xCE38, 0x62EB, 0x1061, 0x2104, 0x2924, 0x20E3, 0x18A3, 0x2104, 0x2104,
  0x2924, 0xDEDA, 0xC638, 0x18C3, 0x2924, 0x20C3, 0x18A2, 0x2104, 0x2104, 0x2104, 0x2924, 0x2924, 0x2904, 0x2924, 0x2104, 0x2924,
  0x3186, 0x2104, 0x2924, 0x2924, 0x2924, 0x2924, 0x2104, 0x2104, 0x2104, 0x2945, 0x2924, 0x2104, 0x20E3, 0x20E3, 0x20E3, 0x18C3,
  0x1882, 0x3186, 0xE73C, 0xFFFF, 0xBDD6, 0x2104, 0x2104, 0x2904, 0x2904, 0x2104, 0x18A3, 0x2104, 0x2904, 0x2104, 0x2104, 0x2104,
  0x2104, 0x2104, 0x2104, 0x2904, 0x2104, 0x3165, 0x41E8, 0x2104, 0x2924, 0x18C3, 0x6B2C, 0xA514, 0x2104, 0x2904, 0x2924, 0x2904,
  0x2924, 0x2124, 0x2924, 0x2924, 0x2924, 0x2904, 0x2104, 0x2904, 0x2104, 0x3165, 0xD677, 0xFFBC, 0xFF9B, 0xFFBC, 0xFF9B, 0xFFBC,
  0x83EE, 0x2924, 0x2945, 0x18A2, 0x8C51, 0x632C, 0x18A2, 0x2924, 0x2924, 0x2924, 0x2104, 0x2924, 0x20E4, 0x3165, 0xBDD6, 0x4208,
  0x18C3, 0x2924, 0x2104, 0x2104, 0x2104, 0x2104, 0x2104, 0x2104, 0x2104, 0x2924, 0x20E4, 0x39A6, 0x8410, 0x20E3, 0x2904, 0x2104,
  0x2104, 0x2924, 0x62EB, 0x2924, 0x2924, 0x2925, 0x18C3, 0x4A28, 0xA513, 0x39C7, 0x20E3, 0x2104, 0x8C51, 0x738E, 0x20E3, 0x2924,
  0x2924, 0x2924, 0x2104, 0x2104, 0x2104, 0x2104, 0x2924, 0x2924, 0x2924, 0x2924, 0x2104, 0x20E4, 0x2924, 0x2904, 0x2904, 0x2104,
  0x2104, 0x2104, 0x2104, 0x2904, 0x2104, 0x2104, 0x2104, 0x2924, 0x2104, 0x18C3, 0x18C3, 0x20E3, 0x20E3, 0x4A28, 0x5AAA, 0x2924,
  0x20E4, 0x2904, 0x2904, 0x2104, 0x3186, 0x62EB, 0x2104, 0x2904, 0x2104, 0x2104, 0x2104, 0x2104, 0x2104, 0x2104, 0x2924, 0x2924,
  0x20E3, 0x1082, 0x20E3, 0x2104, 0x2924, 0x20E3, 0x18C3, 0x2104, 0x2924, 0x2924, 0x2904, 0x2904, 0x2924, 0x2924, 0x2904, 0x2924,
  0x2904, 0x2924, 0x2904, 0x2945, 0xAD33, 0xFFBC, 0xFF9B, 0xFFBC, 0xFFBC, 0xFF9B, 0xFFBC, 0xAD33, 0x2924, 0x2924, 0x18C3, 0x630C,
  0x62EB, 0x18C3, 0x2924, 0x18C3, 0x18A2, 0x2104, 0x2924, 0x18A2, 0x840F, 0xB5B6, 0x18A3, 0x2924, 0x2104, 0x2104, 0x2104, 0x2104,
  0x2104, 0x2104, 0x2104, 0x2104, 0x2104, 0x2904, 0x2104, 0x20E4, 0x2904, 0x2904, 0x2104, 0x2104, 0x2104, 0x18C3, 0x2904, 0x2924,
  0x2104, 0x2945, 0xBDD6, 0xEF5D, 0x630C, 0x18C3, 0x2924, 0x18C3, 0x18C3, 0x2904, 0x2104, 0x2104, 0x2104, 0x2104, 0x2104, 0x2904,
  0x2104, 0x2924, 0x2924, 0x2924, 0x2924, 0x2924, 0x2104, 0x20E3, 0x2924, 0x2104, 0x2104, 0x2104, 0x2104, 0x2104, 0x2104, 0x20E4,
  0x2104, 0x2904, 0x2104, 0x2104, 0x630C, 0x9471, 0x5ACB, 0x20E3, 0x20E3, 0x18C3, 0x2104, 0x2924, 0x2104, 0x2924, 0x20E3, 0x39A6,
  0x738E, 0x2104, 0x2904, 0x2104, 0x2104, 0x2104, 0x2104, 0x2924, 0x2104, 0x18A2, 0x1082, 0x3186, 0x5AAA, 0x3186, 0x2104, 0x20E4,
  0x18A2, 0x20E4, 0x2924, 0x2924, 0x2904, 0x2904, 0x2924, 0x2924, 0x2924, 0x2904, 0x2904, 0x2904, 0x2924, 0x2924, 0x83CE, 0xFFBC,
  0xFFBC, 0xFFBC, 0xFF9B, 0xFFBC, 0xFF9B, 0xFF9B, 0xEEF9, 0x3186, 0x2104, 0x2924, 0x20E3, 0x2104, 0x2924, 0x18C3, 0x738E, 0x8410,
  0x20E3, 0x2104, 0x18C3, 0xC5F7, 0x9471, 0x18A2, 0x2924, 0x2104, 0x2104, 0x2904, 0x2104, 0x2104, 0x2924, 0x2924, 0x2924, 0x2924,
  0x2924, 0x2104, 0x18C3, 0x20E4, 0x2924, 0x2104, 0x2104, 0x2104, 0x2924, 0x2925, 0x2924, 0x20E3, 0x41E7, 0xE71C, 0xCE38, 0x39C7,
  0x20E3, 0x2924, 0x2924, 0x2924, 0x2904, 0x2904, 0x2904, 0x2104, 0x2104, 0x2104, 0x2924, 0x2104, 0x2924, 0x2124, 0x2924, 0x2925,
  0x2104, 0x2925, 0x39C7, 0x2104, 0x2924, 0x2104, 0x2924, 0x2924, 0x2104, 0x2104, 0x39C7, 0x2104, 0x2924, 0x18E3, 0x8430, 0xDEBA,
  0xEF5D, 0xBDD7, 0x18A2, 0x2945, 0x2925, 0x2924, 0x2104, 0x2104, 0x2924, 0x2924, 0x20E4, 0x18A3, 0x2104, 0x2104, 0x2104, 0x2104,
  0x2104, 0x2104, 0x18A2, 0x2904, 0x630C, 0x9CB2, 0xCE79, 0xF79E, 0xB575, 0x18A2, 0x3186, 0x83EF, 0x4208, 0x20E3, 0x2924, 0x2904,
  0x2904, 0x2924, 0x2104, 0x20E4, 0x2104, 0x2104, 0x2924, 0x2904, 0x39C7, 0xE6D9, 0xFFBC, 0xD637, 0xBDB5, 0xFFBC, 0xFFBC, 0xFFBC,
  0xFFBC, 0xB554, 0x2945, 0x2904, 0x2104, 0x2924, 0x2904, 0x2924, 0x20C3, 0x7BAE, 0xCE59, 0x7BAE, 0x1061, 0x528A, 0xDEDA, 0x528A,
  0x18C3, 0x2924, 0x2104, 0x2104, 0x2104, 0x2104, 0x2904, 0x20C3, 0x18C3, 0x18C3, 0x18C3, 0x1082, 0x2924, 0x6B4D, 0x4208, 0x20E3,
  0x2924, 0x2104, 0x2924, 0x20E3, 0x18A2, 0x2924, 0x2924, 0x2904, 0x5AAA, 0x41E7, 0x20E3, 0x2924, 0x2124, 0x2924, 0x2924, 0x2924,
  0x2924, 0x2924, 0x2104, 0x2104, 0x2104, 0x2924, 0x2924, 0x20E4, 0x2104, 0x18C3, 0x18A3, 0x1061, 0x8C30, 0xCE59, 0x2104, 0x2104,
  0x2924, 0x18C3, 0x18A2, 0x2104, 0x2925, 0x632C, 0x2104, 0x2104, 0x2945, 0xC618, 0xDEDA, 0xD6BA, 0x6B2C, 0x18C3, 0x2104, 0x20E3,
  0x2924, 0x2104, 0x2104, 0x20E4, 0x2104, 0x2924, 0x2924, 0x2104, 0x2104, 0x2104, 0x2104, 0x2104, 0x20E3, 0x736D, 0xBDB6, 0xAD34,
  0xA514, 0xDEBA, 0xEF5C, 0x7BCF, 0x18A2, 0xAD54, 0xFFDF, 0x9491, 0x18A2, 0x2925, 0x2904, 0x2904, 0x2104, 0x2924, 0x39A6, 0x2104,
  0x2104, 0x2924, 0x2924, 0x738D, 0xFFBC, 0xDEB8, 0x3166, 0x39A6, 0xF73A, 0xFFBC, 0xFFBC, 0x8C30, 0x2945, 0x2904, 0x2924, 0x2104,
  0x2104, 0x2104, 0x2104, 0x2924, 0x18A3, 0x2925, 0xD699, 0xBDF7, 0xD699, 0xAD34, 0x18C3, 0x2924, 0x2104, 0x2104, 0x2904, 0x2104,
  0x2124, 0x20E4, 0x4A28, 0x6B2C, 0x5269, 0x5269, 0x73AE, 0xBDD6, 0xFFDF, 0xAD55, 0x20E3, 0x2924, 0x2924, 0x20E3, 0x4A49, 0x6B4D,
  0x1082, 0x1082, 0x20E3, 0x18C3, 0x20E3, 0x2924, 0x2104, 0x2904, 0x2924, 0x2924, 0x2924, 0x2924, 0x2924, 0x2924, 0x2924, 0x2924,
  0x2924, 0x20E3, 0x41E8, 0xE71C, 0xB596, 0x630C, 0x8C51, 0xFFFF, 0xDEDA, 0x3165, 0x2104, 0x20E3, 0x5ACB, 0x83EF, 0x2945, 0x2104,
  0x20E4, 0x2104, 0x2904, 0x20E4, 0x5AAA, 0x73AE, 0x4A49, 0x20E3, 0x2104, 0x2965, 0x39A6, 0x18C3, 0x2104, 0x2104, 0x5269, 0x2924,
  0x2104, 0x2104, 0x2104, 0x2104, 0x2104, 0x2924, 0x18C3, 0x6B2C, 0xEF7D, 0x738E, 0x1062, 0x1061, 0x5ACA, 0xDEBA, 0x2945, 0x2104,
  0xC617, 0xDEDA, 0x528A, 0x18C3, 0x2924, 0x2104, 0x2924, 0x20E3, 0x39A6, 0x8410, 0x20E4, 0x2904, 0x2924, 0x2104, 0x5A8A, 0xDE78,
  0x6B4C, 0x20E4, 0x4A49, 0xF73A, 0xFF9B, 0x9491, 0x2945, 0x2104, 0x2104, 0x2104, 0x2104, 0x2104, 0x2104, 0x2104, 0x18C3, 0x18A2,
  0x39C7, 0xCE59, 0xDEBA, 0xFFDE, 0x7BCF, 0x18A2, 0x2925, 0x2104, 0x2104, 0x2104, 0x2924, 0x20E3, 0x39A6, 0xD6BA, 0xEF5C, 0xE6FB,
  0xDEFB, 0xE71C, 0xE71B, 0xF79E, 0x738E, 0x18A2, 0x2924, 0x2924, 0x18A2, 0x6B2D, 0xFFFF, 0xAD75, 0x9CD3, 0xB5B6, 0x31A6, 0x2104,
  0x2924, 0x2904, 0x2924, 0x2924, 0x2924, 0x2924, 0x2924, 0x2924, 0x2924, 0x2924, 0x2924, 0x2924, 0x20E3, 0x4A28, 0xE73C, 0xFFDF,
  0xFFFF, 0xFFFF, 0xFFFF, 0xFFBE, 0x39C7, 0x2104, 0x18A3, 0x83EF, 0xFFFF, 0x5269, 0x18C3, 0x2924, 0x2104, 0x2104, 0x2104, 0x18C3,
  0x18A2, 0x18C3, 0x2924, 0x1882, 0x83EF, 0xFFDF, 0x6B6D, 0x18C3, 0x2924, 0x3186, 0x2924, 0x2904, 0x2924, 0x2104, 0x2104, 0x2104,
  0x2904, 0x20E3, 0xBDD7, 0xC618, 0x20E3, 0x2924, 0x2945, 0x20E3, 0x62EB, 0x3165, 0x18C3, 0xBDD7, 0xA514, 0x18A2, 0x2924, 0x2904,
  0x2904, 0x2104, 0x2104, 0x20E4, 0x18A3, 0x20E4, 0x2924, 0x2104, 0x2104, 0x2104, 0x2924, 0x2904, 0x2924, 0x8C0F, 0xFFBC, 0xFF9B,
  0x41E7, 0x2104, 0x2924, 0x2945, 0x3165, 0x2104, 0x2104, 0x2924, 0x20E3, 0x7BAE, 0xB575, 0xBDD6, 0xDEDA, 0xBDD7, 0xCE59, 0x8C51,
  0x0841, 0x2104, 0x2104, 0x2904, 0x2945, 0x2904, 0x20C3, 0x4A49, 0xDEFB, 0xD6BA, 0xEF5C, 0x6B6D, 0x4208, 0xCE79, 0xFFFF, 0xCE58,
  0x2104, 0x2904, 0x2924, 0x2104, 0x2924, 0x6B6D, 0x7BCF, 0xEF5D, 0xFFFF, 0x2945, 0x2104, 0x2945, 0x2924, 0x20E3, 0x2924, 0x2924,
  0x2924, 0x2924, 0x2924, 0x2924, 0x2924, 0x2924, 0x2104, 0x20E3, 0x2104, 0x20E3, 0x2945, 0xE71C, 0xFFFF, 0xFFDF, 0xFFFF, 0x8C71,
  0x1061, 0x20E3, 0x3165, 0x630C, 0x2945, 0x2104, 0x2104, 0x2104, 0x2104, 0x2104, 0x2924, 0x2924, 0x2924, 0x2924, 0x20E4, 0x3186,
  0xDEDB, 0xBDB6, 0x18A3, 0x2945, 0x2104, 0x2924, 0x2924, 0x2924, 0x2924, 0x2924, 0x2924, 0x2924, 0x20E3, 0x736D, 0x62EB, 0x18C3,
  0x2924, 0x18C3, 0x2104, 0x18C3, 0x2104, 0x18C3, 0x528A, 0x5269, 0x20E3, 0x2924, 0x2924, 0x2904, 0x2904, 0x2104, 0x2924, 0x528A,
  0x3165, 0x20E4, 0x2924, 0x2104, 0x2924, 0x2104, 0x2924, 0x2104, 0x62EB, 0xFFBC, 0xFF9B, 0x2945, 0x2104, 0x3165, 0xBDD5, 0xD657,
  0x2924, 0x2104, 0x2904, 0x20E4, 0x6B4D, 0xC617, 0xDEDA, 0xD699, 0x4A49, 0x18E3, 0xBDD6, 0xA4F3, 0x39A6, 0x1082, 0x8410, 0xAD54,
  0x18E3, 0x1082, 0x6B2C, 0xEF5C, 0xE71B, 0xBDD7, 0x2925, 0x1082, 0x5AAA, 0xEF7D, 0x9CF3, 0x2104, 0x2924, 0x2924, 0x2904, 0x2104,
  0x20E3, 0x0000, 0x9CD3, 0xFFFF, 0x5ACB, 0x1082, 0x18A2, 0x18C3, 0x39C7, 0x20E3, 0x2104, 0x2925, 0x2925, 0x2924, 0x2924, 0x2924,
  0x2104, 0x3165, 0x4A69, 0x2924, 0x2945, 0x8410, 0xFFDF, 0xFFFF, 0xFFFF, 0xFFFF, 0xFFFF, 0xAD54, 0x31A6, 0x20E3, 0x1082, 0x18A2,
  0x2104, 0x2924, 0x18A2, 0x6B4D, 0x7BCE, 0x18A2, 0x2945, 0x2924, 0x2104, 0x2924, 0x20C3, 0x3165, 0x3186, 0x18A2, 0x18C3, 0x20E3,
  0x20E3, 0x20E3, 0x18C3, 0x18C3, 0x20C3, 0x20E3, 0x2104, 0x18C3, 0x18A2, 0x18C3, 0x2924, 0x2104, 0x528A, 0x3186, 0x2104, 0x2924,
  0x2924, 0x20E3, 0x20E3, 0x2924, 0x2124, 0x2924, 0x2924, 0x2924, 0x18A3, 0x7BAE, 0xEF3C, 0x8C51, 0x18C3, 0x2924, 0x2124, 0x2904,
  0x2924, 0x2924, 0x2924, 0x2945, 0xBDB4, 0xFFBC, 0x39C7, 0x18C3, 0x4228, 0xFFBC, 0xCE36, 0x2945, 0x2904, 0x2104, 0x2104, 0x18C3,
  0x18C3, 0x9491, 0xE6FB, 0x6B2C, 0x4A28, 0xD699, 0xF77D, 0x5ACB, 0x1062, 0x5AEB, 0x62EB, 0x18A2, 0x41E7, 0xB575, 0x62EB, 0x528A,
  0x3186, 0x2104, 0x2924, 0x20E3, 0x31A6, 0x2104, 0x2104, 0x2924, 0x20E3, 0x2104, 0x2945, 0x18C3, 0x18A2, 0xAD55, 0xFFFF, 0xF7BE,
  0xB5B6, 0xAD34, 0xC618, 0xF79E, 0x9492, 0x20E3, 0x18A2, 0x18A3, 0x20E3, 0x2924, 0x2945, 0x1082, 0xA514, 0xFFFF, 0xDEDB, 0xEF5D,
  0xFFFF, 0xFFFF, 0xFFFF, 0xFFFF, 0xFFFF, 0xFFFF, 0xFFFF, 0xB5B6, 0x1082, 0xA4F3, 0xB596, 0x2924, 0x2104, 0x2104, 0x39C7, 0x4208,
  0x2104, 0x18C3, 0x18C3, 0x20E4, 0x20E3, 0x20E3, 0x18C3, 0x18C3, 0x630C, 0x738E, 0x39A6, 0x4A28, 0x4A49, 0x5269, 0x5269, 0x4A49,
  0x39A6, 0x3165, 0x528A, 0x4208, 0x2945, 0x18A3, 0x62EB, 0xE73C, 0x4208, 0x18C3, 0x2924, 0x20C3, 0x18C3, 0x20E3, 0x2924, 0x2924,
  0x2124, 0x2924, 0x2924, 0x18A2, 0x83EF, 0xFFDE, 0xC617, 0x2104, 0x2104, 0x2124, 0x2104, 0x2924, 0x2924, 0x2104, 0x20E3, 0x5269,
  0xFFBC, 0x8C0F, 0x2104, 0x3165, 0xF75A, 0x83CE, 0x2924, 0x2924, 0x2104, 0x2904, 0x20E3, 0x1061, 0x8C30, 0xDEDA, 0xCE59, 0xD69A,
  0xEF5D, 0xBDB6, 0x2945, 0x2104, 0x18C3, 0x18C3, 0x2104, 0xCE38, 0x9CD3, 0x0841, 0x18C3, 0x1082, 0x20E3, 0x2924, 0x2924, 0x20E4,
  0x2104, 0x2104, 0x2104, 0x3165, 0xC638, 0xE71C, 0xAD75, 0xC638, 0xFFFF, 0xFFFF, 0xFFFF, 0xFFFF, 0xFFFF, 0xFFFF, 0xFFFF, 0xFFFF,
  0xD69A, 0xB596, 0xA534, 0x41E7, 0x18C3, 0x10A2, 0x6B2C, 0xFFFF, 0xFFFF, 0xFFFF, 0xFFFF, 0xFFFF, 0xFFFF, 0xFFFF, 0xFFFF, 0xFFFF,
  0xFFFF, 0xFFFF, 0xD6BA, 0x1082, 0xB595, 0xC617, 0x2924, 0x2924, 0x2104, 0x20E3, 0x18C3, 0x1082, 0x6B2C, 0xC618, 0xCE59, 0xCE38,
  0xC638, 0xC618, 0xD69A, 0xFFFF, 0xFFFF, 0xF7BE, 0xFFDF, 0xFFFF, 0xFFFF, 0xFFFF, 0xFFFF, 0xF79E, 0xEF5D, 0xFFFF, 0xF7BE, 0xA513,
  0x18A2, 0x41E7, 0x6B2C, 0x2924, 0x2104, 0x20E3, 0x39C7, 0x8C30, 0x6B6D, 0x18A3, 0x2924, 0x2925, 0x2924, 0x2924, 0x2104, 0x3165,
  0x8410, 0x5AEB, 0x20E3, 0x2924, 0x2924, 0x2924, 0x738D, 0x9C91, 0x39A7, 0x39A6, 0xC5D5, 0xFFBC, 0xE6D9, 0x39A6, 0x2104, 0xAD33,
  0x736D, 0x2104, 0x2924, 0x2924, 0x20E3, 0x5AAA, 0xA513, 0xDEDA, 0xD679, 0xDEDB, 0xC5F7, 0x6B2C, 0x3165, 0x20E4, 0x2904, 0x2924,
  0x18C3, 0x62EB, 0xFFBE, 0x630C, 0x18C3, 0x2924, 0x736D, 0x52AA, 0x20E3, 0x2924, 0x2104, 0x2924, 0x39C7, 0x18A2, 0x736D, 0xFFFF,
  0xFFFF, 0xFFFF, 0xFFFF, 0xFFFF, 0xFFFF, 0xFFFF, 0xFFFF, 0xFFFF, 0xFFFF, 0xFFFF, 0xFFFF, 0xFFFF, 0xFFFF, 0xFFFF, 0xF7BE, 0xBDF7,
  0xBDF7, 0xFFDF, 0xFFFF, 0xFFFF, 0xFFFF, 0xFFFF, 0xFFFF, 0xFFFF, 0xFFFF, 0xFFFF, 0xFFFF, 0xFFFF, 0xFFFF, 0xFFDF, 0x7BCE, 0x0820,
  0x1082, 0x18A2, 0x18C3, 0x3186, 0x2924, 0x3186, 0x9492, 0xFFFF, 0xFFFF, 0xFFFF, 0xFFFF, 0xFFFF, 0xFFFF, 0xFFFF, 0xFFFF, 0xFFFF,
  0xFFFF, 0xFFFF, 0xFFFF, 0xFFFF, 0xFFFF, 0xFFFF, 0xFFFF, 0xFFFF, 0xFFDF, 0xFFFF, 0xA514, 0x18A2, 0x2104, 0x18A3, 0x2924, 0x18A3,
  0x738E, 0xE71C, 0xEF5C, 0xE71B, 0x5ACA, 0x18A2, 0x18C3, 0x20E4, 0x2924, 0x2924, 0x2104, 0x18A2, 0x18C3, 0x2924, 0x2104, 0x2924,
  0x2924, 0x83EE, 0xFFBC, 0xFFBC, 0xF73A, 0xFFBC, 0xFFBC, 0xF75B, 0x41C7, 0x2925, 0xAD33, 0x8C30, 0x2104, 0x2924, 0x2924, 0x20E3,
  0xBDD7, 0xF7BE, 0xD679, 0xE6FB, 0xEF5D, 0x630C, 0x1061, 0x2104, 0x2924, 0x2104, 0x2924, 0x18A3, 0xCE79, 0xDEDB, 0x20E4, 0x2104,
  0x2104, 0xD699, 0xC618, 0x20E3, 0x2924, 0x20E3, 0x4207, 0xCE59, 0x20E3, 0x630C, 0xFFFF, 0xFFDF, 0xFFDF, 0xFFFF, 0xFFFF, 0xFFFF,
  0xFFFF, 0xFFFF, 0xFFFF, 0xFFFF, 0xFFFF, 0xFFFF, 0xFFFF, 0xFFDF, 0xFFFF, 0xFFFF, 0xFFFF, 0xFFFF, 0xFFFF, 0xFFFF, 0xFFFF, 0xFFFF,
  0xFFFF, 0xFFFF, 0xFFFF, 0xFFFF, 0xFFFF, 0xFFFF, 0xFFFF, 0xFFFF, 0xFFFF, 0xFFFF, 0xA514, 0x62EB, 0x5ACB, 0xAD55, 0xEF5D, 0xDEFB,
  0xEF7D, 0xFFFF, 0xFFFF, 0xFFDF, 0xFFFF, 0xFFFF, 0xFFFF, 0xFFFF, 0xFFFF, 0xFFFF, 0xFFFF, 0xFFFF, 0xFFFF, 0xFFFF, 0xFFFF, 0xFFFF,
  0xFFFF, 0xFFFF, 0xFFFF, 0xFFDF, 0xFFFF, 0x8410, 0x1082, 0x2945, 0x2924, 0x2924, 0x20C3, 0x528A, 0x83EF, 0x738D, 0xB596, 0xEF3C,
  0x9CD2, 0x6B2C, 0x39C7, 0x2104, 0x2924, 0x2924, 0x2925, 0x2924, 0x2924, 0x2124, 0x2924, 0x2924, 0x2925, 0x4208, 0xA4F2, 0xFFBC,
  0xFF9B, 0xFF9B, 0xCE37, 0x3165, 0x3165, 0xDEB8, 0xBDB5, 0x3165, 0x2924, 0x2924, 0x18A3, 0x6B4D, 0xEF5D, 0x4A49, 0x4A49, 0x5269,
  0x20E3, 0x2924, 0x2924, 0x2924, 0x2924, 0x20E3, 0x41E7, 0xFFFF, 0x6B6D, 0x18A2, 0x2925, 0x18C3, 0x4208, 0x4A49, 0x20E3, 0x2924,
  0x2104, 0x3165, 0x630C, 0x1882, 0x62EB, 0xFFFF, 0xFFFF, 0xFFFF, 0xFFFF, 0xFFFF, 0xFFFF, 0xFFFF, 0xFFFF, 0xFFFF, 0xFFFF, 0xFFFF,
  0xFFFF, 0xFFFF, 0xFFFF, 0xFFFF, 0xFFFF, 0xFFFF, 0xFFFF, 0xFFFF, 0xFFFF, 0xFFFF, 0xFFFF, 0xFFFF, 0xFFFF, 0xFFFF, 0xFFFF, 0xFFFF,
  0xFFFF, 0xFFFF, 0xFFFF, 0xFFFF, 0xFFFF, 0xFFFF, 0xFFFF, 0xFFFF, 0xFFFF, 0xFFFF, 0xFFFF, 0xFFFF, 0xFFDF, 0xFFDF, 0xFFDF, 0xFFDF,
  0xFFDF, 0xFFFF, 0xFFFF, 0xFFFF, 0xFFFF, 0xFFFF, 0xFFFF, 0xFFFF, 0xFFFF, 0xFFFF, 0xFFFF, 0xFFFF, 0xFFFF, 0xFFFF, 0xFFFF, 0xFFFF,
  0xCE59, 0x18C3, 0x18A2, 0x2104, 0x2104, 0x2924, 0x18A2, 0x0841, 0x1082, 0x2104, 0x9471, 0xEF5C, 0xE73C, 0xBDB6, 0x2924, 0x2104,
  0x2924, 0x2904, 0x2104, 0x2104, 0x2104, 0x20E4, 0x20E3, 0x2104, 0x20E4, 0x2945, 0x8C0F, 0xFFBC, 0xFF9B, 0xC5B5, 0x2945, 0x8C2F,
  0xFFBC, 0x9490, 0x2924, 0x2924, 0x2924, 0x18C3, 0x5269, 0xF79D, 0x736D, 0x0841, 0x20E3, 0x2924, 0x2104, 0x2104, 0x2104, 0x2925,
  0x18C3, 0x528A, 0xFFFF, 0x5AAA, 0x18C3, 0x2104, 0x3165, 0x2104, 0x18C3, 0x2924, 0x2104, 0x2104, 0x2104, 0x1061, 0x2924, 0xBDB6,
  0xFFFF, 0xFFFF, 0xFFFF, 0xFFFF, 0xFFFF, 0xFFFF, 0xFFFF, 0xFFFF, 0xFFFF, 0xFFDF, 0xFFDF, 0xFFFF, 0xFFFF, 0xFFFF, 0xFFFF, 0xFFFF,
  0xFFDF, 0xFFDF, 0xFFFF, 0xFFFF, 0xFFFF, 0xFFFF, 0xFFFF, 0xFFFF, 0xFFFF, 0xFFFF, 0xFFFF, 0xFFFF, 0xFFFF, 0xFFFF, 0xFFFF, 0xFFFF,
  0xFFDF, 0xFFFF, 0xFFFF, 0xFFDF, 0xFFFF, 0xFFDF, 0xFFFF, 0xFFFF, 0xFFFF, 0xFFFF, 0xFFFF, 0xFFFF, 0xFFFF, 0xFFFF, 0xFFFF, 0xFFFF,
  0xFFFF, 0xFFFF, 0xFFFF, 0xFFFF, 0xFFFF, 0xFFFF, 0xFFFF, 0xFFFF, 0xFFFF, 0xFFFF, 0xFFFF, 0xFFFF, 0xC638, 0x7BEF, 0x2945, 0x2104,
  0x18C3, 0x4A28, 0x7BCF, 0x2924, 0x2104, 0x18C3, 0x9CD3, 0xE6FB, 0xAD34, 0x2924, 0x2104, 0x2924, 0x2104, 0x2945, 0x3165, 0x2924,
  0x31A6, 0x4A28, 0x2945, 0x2924, 0x2924, 0x3165, 0xE6B8, 0xFFBC, 0xBD94, 0x2104, 0x736C, 0xE6F9, 0xDE98, 0x3186, 0x2104, 0x2924,
  0x18A2, 0x7BCF, 0xF77D, 0xD679, 0x39A6, 0x2104, 0x2924, 0x2104, 0x2945, 0x2945, 0x20C3, 0x1061, 0x7BEF, 0xFFFF, 0x5ACB, 0x18C3,
  0x18A2, 0x9471, 0x9471, 0x18A2, 0x2924, 0x2104, 0x2924, 0x20E3, 0x83EF, 0xE71C, 0xFFFF, 0xFFFF, 0xFFFF, 0xFFFF, 0xFFFF, 0xFFFF,
  0xFFFF, 0xFFFF, 0xFFFF, 0xFFFF, 0xFFFF, 0xFFFF, 0xFFFF, 0xFFDF, 0xF7BE, 0xFFDF, 0xFFFF, 0xFFFF, 0xFFFF, 0xFFFF, 0xFFDF, 0xFFFF,
  0xFFFF, 0xFFFF, 0xFFFF, 0xFFFF, 0xFFFF, 0xFFFF, 0xFFFF, 0xFFFF, 0xFFFF, 0xFFFF, 0xFFFF, 0xFFFF, 0xFFFF, 0xFFFF, 0xFFFF, 0xFFFF,
  0xFFFF, 0xFFFF, 0xE73C, 0xCE79, 0xB5B6, 0xAD75, 0xBDF7, 0xD699, 0xF7BE, 0xFFFF, 0xFFFF, 0xFFFF, 0xFFFF, 0xFFFF, 0xFFFF, 0xFFFF,
  0xFFFF, 0xFFFF, 0xFFFF, 0xFFFF, 0xFFFF, 0xFFFF, 0xFFFF, 0xFFFF, 0xFFFF, 0x41E7, 0x20E3, 0x2924, 0xC5F7, 0xEF5C, 0x39C7, 0x20E4,
  0x2104, 0x2104, 0x4A28, 0x3165, 0x2104, 0x2924, 0x2924, 0x18A2, 0x6B4D, 0xE71B, 0xC5F7, 0xCE79, 0xEF3C, 0x9CB2, 0x18C3, 0x2924,
  0x3166, 0xD657, 0xFFBC, 0xEEF9, 0x5A89, 0x39A6, 0x83EE, 0xDEB8, 0x39A6, 0x2924, 0x2945, 0x18C3, 0x7BCF, 0xF77D, 0xCE38, 0x39A6,
  0x20E4, 0x2924, 0x20E3, 0x39C7, 0xB575, 0x5269, 0x4208, 0xE71C, 0xE73C, 0x3166, 0x20E3, 0x3165, 0xCE59, 0xCE38, 0x2945, 0x2104,
  0x2924, 0x18C3, 0x2104, 0xEF5D, 0xFFFF, 0xFFDF, 0xFFFF, 0xFFFF, 0xFFFF, 0xFFFF, 0xFFFF, 0xFFFF, 0xFFFF, 0xFFFF, 0xDEFB, 0xAD55,
  0x83EF, 0x5ACB, 0x4A29, 0x4208, 0x4A49, 0x5AAB, 0x738E, 0xB596, 0xF7BE, 0xFFFF, 0xFFFF, 0xFFFF, 0xFFFF, 0xFFFF, 0xFFFF, 0xFFFF,
  0xFFFF, 0xFFFF, 0xFFFF, 0xFFFF, 0xFFFF, 0xFFFF, 0xFFFF, 0xFFFF, 0xFFFF, 0xFFFF, 0xE73C, 0x9CB2, 0x5AAA, 0x3166, 0x2104, 0x18C3,
  0x18C3, 0x20E4, 0x2104, 0x41E7, 0x83EF, 0xD6BA, 0xFFFF, 0xFFFF, 0xFFDF, 0xFFFF, 0xFFFF, 0xFFFF, 0xFFFF, 0xFFFF, 0xFFFF, 0xFFFF,
  0xFFFF, 0xFFFF, 0xFFFF, 0xEF7D, 0x39A7, 0x20E3, 0x2945, 0xC618, 0xE6FB, 0x39A6, 0x20E3, 0x2924, 0x2924, 0x20E3, 0x2104, 0x2104,
  0x20E3, 0x2945, 0x20E3, 0x39C7, 0xBDB6, 0xBDD7, 0xCE38, 0xCE38, 0x6B2C, 0x20E4, 0x2904, 0x39C7, 0xF77B, 0xFFBC, 0xFFBC, 0xFF7B,
  0xDEB8, 0xE6B8, 0x39A6, 0x2104, 0x2104, 0x18A2, 0x20E3, 0x2924, 0x5249, 0x3186, 0x20E3, 0x2904, 0x2104, 0x2924, 0x18A3, 0x736D,
  0xDEDB, 0xDEFB, 0xFFFF, 0x6B2D, 0x18A3, 0x18C3, 0x83EF, 0xF79E, 0xCE38, 0x2924, 0x2104, 0x2104, 0x4A49, 0x4A69, 0xE71C, 0xFFFF,
  0xFFFF, 0xFFFF, 0xFFFF, 0xFFFF, 0xFFFF, 0xFFFF, 0xFFDF, 0xB575, 0x62EB, 0x3145, 0x18A2, 0x1082, 0x1082, 0x1082, 0x18A2, 0x18A3,
  0x18C3, 0x18C3, 0x18A3, 0x39C7, 0xAD55, 0xFFFF, 0xFFFF, 0xFFFF, 0xFFFF, 0xFFFF, 0xFFFF, 0xFFFF, 0xFFFF, 0xFFFF, 0xFFFF, 0xFFFF,
  0xFFFF, 0xFFFF, 0xFFFF, 0xFFFF, 0x9CD3, 0x3166, 0x18A3, 0x18C3, 0x18C3, 0x18A3, 0x18A3, 0x18A3, 0x18A2, 0x18A2, 0x18A2, 0x18A2,
  0x2104, 0x6B4D, 0xE6FB, 0xFFFF, 0xFFFF, 0xFFFF, 0xFFFF, 0xFFFF, 0xFFFF, 0xFFFF, 0xFFFF, 0xFFFF, 0xFFFF, 0xFFFF, 0xFFFF, 0x630C,
  0x18A3, 0x2104, 0x39A7, 0x5269, 0x2104, 0x2104, 0x2924, 0x18C3, 0x20E3, 0x2924, 0x18A3, 0xA4F3, 0xAD75, 0x18C3, 0x2104, 0x20E4,
  0x2104, 0x3165, 0x2945, 0x18C3, 0x20E4, 0x3186, 0xAD53, 0xFFBC, 0xFF9B, 0xFF9B, 0xFFBC, 0xFFBC, 0x738D, 0x2924, 0x2104, 0x3165,
  0x8430, 0x4208, 0x18C3, 0x20E3, 0x20E4, 0x2924, 0x2104, 0x2104, 0x2904, 0x20E3, 0x3186, 0xC618, 0xEF7D, 0xD6BA, 0x2104, 0x2924,
  0x18A2, 0xB596, 0xFFFF, 0x840F, 0x18A3, 0x2924, 0x2104, 0xDEDB, 0xFFFF, 0xFFDF, 0xFFFF, 0xFFFF, 0xFFFF, 0xFFFF, 0xFFFF, 0xFFFF,
  0xBDB6, 0x4A49, 0x18C3, 0x1062, 0x1882, 0x2104, 0x39A6, 0x4A29, 0x5269, 0x4A28, 0x39A7, 0x2924, 0x18C3, 0x20E3, 0x20E3, 0x18A2,
  0x94B2, 0xFFFF, 0xFFFF, 0xFFFF, 0xFFFF, 0xFFFF, 0xFFFF, 0xFFFF, 0xFFFF, 0xFFFF, 0xFFFF, 0xFFFF, 0xFFFF, 0xFFFF, 0x9492, 0x1082,
  0x20C3, 0x18C3, 0x2104, 0x4208, 0x6B6D, 0x8C51, 0x9CB2, 0x9491, 0x73AE, 0x4A69, 0x2924, 0x18A2, 0x1082, 0x3166, 0xAD55, 0xFFFF,
  0xFFFF, 0xFFFF, 0xFFFF, 0xFFFF, 0xFFFF, 0xFFFF, 0xFFFF, 0xFFFF, 0xFFFF, 0xFFFF, 0xC638, 0x18A3, 0x2104, 0x2104, 0x18C3, 0x2104,
  0x2924, 0x18C3, 0x7BCF, 0x83EF, 0x18C3, 0x20E3, 0x9492, 0xC638, 0x2924, 0x2104, 0x2924, 0x2104, 0x2104, 0x2924, 0x2945, 0x5AAA,
  0xBDB5, 0xFFBC, 0xFF9B, 0xFFBC, 0xFF9B, 0xFFBC, 0xDE98, 0x3165, 0x2924, 0x18C3, 0x630C, 0xFFFF, 0xBDB6, 0x2104, 0x2104, 0x2924,
  0x2104, 0x2104, 0x2104, 0x2924, 0x18C3, 0x6B2C, 0xDEDB, 0xB596, 0x39C7, 0x2104, 0x20E4, 0x3165, 0xF79E, 0xB596, 0x18A2, 0x2924,
  0x2924, 0x18C3, 0xBDD7, 0xFFFF, 0xFFFF, 0xFFFF, 0xFFFF, 0xFFFF, 0xFFFF, 0xF7BE, 0x7BCF, 0x18C3, 0x1062, 0x18C3, 0x526A, 0x9CD3,
  0xCE79, 0xEF7D, 0xFFDF, 0xFFFF, 0xF7BE, 0xEF7D, 0xD69A, 0xA514, 0x5AEB, 0x2925, 0x1061, 0x2945, 0xF7BE, 0xFFFF, 0xFFFF, 0xFFFF,
  0xFFFF, 0xFFFF, 0xFFFF, 0xFFFF, 0xFFFF, 0xFFFF, 0xFFFF, 0xFFFF, 0xF7BE, 0x3165, 0x1082, 0x39C7, 0x8410, 0xCE59, 0xF7BE, 0xFFFF,
  0xFFFF, 0xFFFF, 0xFFFF, 0xFFFF, 0xFFDF, 0xCE79, 0x8C30, 0x39A6, 0x18A2, 0x18A3, 0x8410, 0xFFFF, 0xFFFF, 0xFFFF, 0xFFFF, 0xFFFF,
  0xFFFF, 0xFFFF, 0xFFFF, 0xFFFF, 0xFFFF, 0xFFFF, 0xAD34, 0x2104, 0x2104, 0x2924, 0x2924, 0x18C3, 0x4A49, 0xFFFF, 0xCE59, 0x20E3,
  0x2104, 0x20C3, 0x3165, 0x2904, 0x2104, 0x2924, 0x2904, 0x3986, 0xAD12, 0xE6F9, 0xFFBC, 0xFFBC, 0xFF9B, 0xFFBC, 0xFFBC, 0xFF9B,
  0xFFBC, 0x9450, 0x2925, 0x2924, 0x2104, 0x2945, 0xC617, 0xF77D, 0xB575, 0x2924, 0x2104, 0x2924, 0x2924, 0x2924, 0x2924, 0x2104,
  0xBDD7, 0xD69A, 0x3186, 0x18A3, 0x2924, 0x20C3, 0x9CF3, 0xFFFF, 0x6B4D, 0x1882, 0x2924, 0x2945, 0x1082, 0x9CD3, 0xFFFF, 0xFFDF,
  0xFFFF, 0xFFFF, 0xFFFF, 0xEF7D, 0x52AA, 0x1062, 0x18C3, 0x5AAA, 0xBDB6, 0xFFDF, 0xFFFF, 0xFFFF, 0xFFFF, 0xFFFF, 0xFFFF, 0xFFFF,
  0xFFFF, 0xFFFF, 0xFFFF, 0xFFFF, 0xD6BA, 0x8410, 0xAD55, 0xFFFF, 0xFFFF, 0xFFFF, 0xFFFF, 0xFFFF, 0xFFFF, 0xFFFF, 0xFFFF, 0xFFFF,
  0xFFFF, 0xFFFF, 0xFFFF, 0xFFFF, 0xC5F7, 0xAD55, 0xEF7D, 0xFFFF, 0xFFFF, 0xFFFF, 0xFFFF, 0xFFDE, 0xF7BE, 0xFFFF, 0xFFFF, 0xFFFF,
  0xFFFF, 0xFFFF, 0xE71C, 0x632C, 0x18A3, 0x1082, 0x9CD3, 0xFFFF, 0xFFFF, 0xFFFF, 0xFFFF, 0xFFFF, 0xFFFF, 0xFFFF, 0xFFFF, 0xFFFF,
  0xFFFF, 0xFFFF, 0xC638, 0x2924, 0x2104, 0x2924, 0x18A2, 0x6B4D, 0xFFFF, 0xE73C, 0x5ACB, 0x18C3, 0x2924, 0x2104, 0x2104, 0x2104,
  0x2924, 0x2945, 0xB553, 0xFFBC, 0xFFBC, 0xFFBC, 0xFF9B, 0xFFBC, 0xFFBC, 0xFFBC, 0xFF9B, 0xFFBC, 0x840F, 0x2924, 0x2924, 0x2945,
  0x18A2, 0x9471, 0xF77D, 0xD679, 0x3186, 0x20E4, 0x18C3, 0x18C3, 0x20E3, 0x1062, 0x6B4D, 0xE71B, 0x6B2C, 0x18C3, 0x2945, 0x18C3,
  0x5AEB, 0xEF5D, 0xFFFF, 0xB5B6, 0x18C3, 0x2924, 0x20E3, 0x2925, 0xD6BA, 0xFFFF, 0xFFFF, 0xFFFF, 0xFFFF, 0xEF7D, 0x528A, 0x1082,
  0x2925, 0x9CD3, 0xFFFF, 0xFFFF, 0xFFFF, 0xFFFF, 0xFFDF, 0xE73C, 0xCE59, 0xBDD7, 0xB596, 0xCE38, 0xEF5D, 0xFFFF, 0xFFFF, 0xFFFF,
  0xFFFF, 0xFFFF, 0xFFFF, 0xFFFF, 0xFFFF, 0xFFFF, 0xFFFF, 0xFFFF, 0xFFFF, 0xFFFF, 0xFFFF, 0xFFFF, 0xFFFF, 0xFFFF, 0xFFFF, 0xFFFF,
  0xFFFF, 0xFFFF, 0xFFFF, 0xCE79, 0x8C51, 0x5ACB, 0x4208, 0x41E7, 0x4A49, 0x630C, 0x9492, 0xD6BA, 0xFFFF, 0xFFFF, 0xFFFF, 0x7BCF,
  0x18A2, 0x2924, 0xDEDB, 0xFFFF, 0xFFFF, 0xFFFF, 0xFFFF, 0xFFFF, 0xFFFF, 0xFFFF, 0xFFFF, 0xFFFF, 0xFFFF, 0xFFFF, 0x4A29, 0x20C3,
  0x2924, 0x2104, 0x3165, 0xAD75, 0xB5B6, 0x4208, 0x20E3, 0x2924, 0x2924, 0x2104, 0x2924, 0x2904, 0x39A6, 0xFF7B, 0xFF9B, 0xFF9B,
  0xFF9B, 0xFFBC, 0xFFBC, 0xFFBC, 0xFFBC, 0xFF9B, 0xFFBC, 0xCE36, 0x2945, 0x2924, 0x20E3, 0x18C3, 0xAD34, 0xFFBE, 0x736D, 0x18A2,
  0x2925, 0x6B2C, 0x630C, 0x5269, 0x738E, 0xD679, 0x840F, 0x18A3, 0x2925, 0x2924, 0x20E3, 0xB595, 0xF79D, 0xFFFF, 0xAD75, 0x18C3,
  0x2104, 0x3986, 0xD69A, 0xFFFF, 0xFFFF, 0xFFFF, 0xFFFF, 0xFFFF, 0x6B4D, 0x1041, 0x39C7, 0xCE79, 0xFFFF, 0xFFFF, 0xFFDF, 0xBDD7,
  0x6B2C, 0x41E7, 0x2104, 0x1062, 0x0841, 0x0821, 0x1082, 0x2945, 0x736E, 0xC618, 0xFFFF, 0xFFFF, 0xFFDF, 0xFFFF, 0xFFFF, 0xFFFF,
  0xFFFF, 0xFFFF, 0xFFFF, 0xFFFF, 0xFFFF, 0xFFFF, 0xFFFF, 0xFFFF, 0xFFFF, 0xFFFF, 0xFFDF, 0xFFFF, 0xD6BA, 0x632C, 0x18A2, 0x0000,
  0x1062, 0x2104, 0x2104, 0x18A2, 0x0841, 0x0800, 0x2104, 0x6B6D, 0xDEFB, 0xFFFF, 0xFFFF, 0x8C51, 0x0000, 0x8C30, 0xFFFF, 0xFFDF,
  0xFFFF, 0xFFFF, 0xFFFF, 0xFFFF, 0xFFFF, 0xFFFF, 0xFFFF, 0xFFFF, 0xEF7D, 0x2945, 0x2104, 0x2924, 0x2104, 0x2104, 0x20E3, 0x20E3,
  0x20E3, 0x2924, 0x2104, 0x2104, 0x2104, 0x2925, 0x20E3, 0x7BAE, 0xDEB8, 0xFF9B, 0xFFBC, 0xFF9B, 0xFFBC, 0xFFBC, 0xFFBC, 0xFFBC,
  0xFFBC, 0xFFBC, 0xFFBC, 0x5269, 0x20E3, 0x5269, 0xC618, 0xE71B, 0xD69A, 0x39A6, 0x1061, 0x7BAE, 0xF7BE, 0xEF7D, 0xEF7D, 0xFFDF,
  0xEF7D, 0x3186, 0x1082, 0x20E4, 0x1882, 0x4208, 0xD6BA, 0xD6BA, 0x6B4D, 0x2924, 0x2904, 0x20E3, 0x4A28, 0xFFFF, 0xFFFF, 0xFFFF,
  0xFFFF, 0xFFFF, 0xE73C, 0x20E3, 0x20E3, 0xCE79, 0xFFFF, 0xFFFF, 0xCE59, 0x5269, 0x0841, 0x1061, 0x3186, 0x5AAB, 0x7BAE, 0x8C30,
  0x738E, 0x5AAA, 0x2945, 0x0820, 0x1882, 0x6B6D, 0xEF7D, 0xFFFF, 0xFFFF, 0xFFFF, 0xFFFF, 0xFFFF, 0xFFFF, 0xFFFF, 0xFFFF, 0xFFFF,
  0xFFFF, 0xFFFF, 0xFFFF, 0xFFFF, 0xFFFF, 0xFFFF, 0xA514, 0x20E4, 0x0841, 0x528A, 0x9CD3, 0xDEBB, 0xF79E, 0xEF7D, 0xE71C, 0xC618,
  0x8410, 0x2924, 0x0820, 0x3186, 0xCE58, 0xFFFF, 0xFFFF, 0x8C71, 0xBDF7, 0xFFFF, 0xFFFF, 0xFFFF, 0xFFFF, 0xFFFF, 0xFFFF, 0xFFFF,
  0xFFFF, 0xFFFF, 0xFFFF, 0xFFFF, 0x630C, 0x1061, 0x2924, 0x2924, 0x18C3, 0x18C3, 0x2924, 0x2924, 0x2104, 0x2104, 0x2104, 0x2104,
  0x1082, 0x528A, 0x9471, 0x2104, 0x738D, 0xFF9B, 0xFF9B, 0xFF9B, 0xFFBC, 0xFFBC, 0xFFBC, 0xFF9B, 0xFFBC, 0xF77B, 0x4A28, 0x20E3,
  0x4A28, 0xCE79, 0xDEFB, 0xD69A, 0x4A28, 0x4228, 0xCE79, 0xFFDF, 0xFFFF, 0xFFFF, 0xEF7D, 0xEF7D, 0xBDF7, 0x6B2C, 0x4A69, 0x4228,
  0xAD54, 0xDEFB, 0xA534, 0x1882, 0x2104, 0x2924, 0x2104, 0x2924, 0xDEDB, 0xFFFF, 0xFFFF, 0xFFFF, 0xFFFF, 0xEF7D, 0x4228, 0x9CB2,
  0xFFFF, 0xFFFF, 0xA514, 0x18A3, 0x18A2, 0x7BCF, 0xDEFB, 0xFFDE, 0xEF5D, 0xDEDA, 0xDEDB, 0xE71C, 0xE6FB, 0xCE79, 0x8C51, 0x31A6,
  0x1082, 0x4A28, 0xE71C, 0xFFFF, 0xFFFF, 0xFFFF, 0xFFFF, 0xFFFF, 0xFFFF, 0xFFFF, 0xFFFF, 0xFFFF, 0xFFFF, 0xFFFF, 0xFFFF, 0xFFFF,
  0x9492, 0x1082, 0x2945, 0xAD75, 0xEF7D, 0xC5F7, 0x9492, 0x738E, 0x736D, 0x8C51, 0x9CD3, 0xC5F7, 0xC638, 0x62EB, 0x18C3, 0x2124,
  0xC638, 0xFFFF, 0xFFFF, 0xFFFF, 0xFFFF, 0xFFFF, 0xFFFF, 0xFFFF, 0xFFFF, 0xFFFF, 0xFFFF, 0xFFFF, 0xFFFF, 0xFFFF, 0xFFFF, 0xEF7D,
  0x7BAE, 0x2104, 0x18C3, 0x7BEF, 0x7BAE, 0x18C3, 0x2924, 0x2104, 0x2104, 0x2104, 0x2104, 0x736D, 0xE71B, 0x8C71, 0x1082, 0x39C7,
  0xF73A, 0xFFBC, 0xFF9B, 0xFFBC, 0xFFBC, 0xFFBC, 0xFF9B, 0xFFBC, 0xD657, 0x2945, 0x2924, 0x1082, 0x9491, 0xE71C, 0xDEBA, 0xCE79,
  0xD699, 0xE6FB, 0xEF7D, 0xC5F7, 0x7BCF, 0x3186, 0x3186, 0xDEFB, 0xE71B, 0xCE79, 0xCE79, 0xD679, 0xDEFB, 0x738E, 0x20C3, 0x2925,
  0x2924, 0x2925, 0x18C3, 0xCE79, 0xFFFF, 0xFFFF, 0xFFFF, 0xFFFF, 0xFFFF, 0xFFFF, 0xFFFF, 0xFFFF, 0x9492, 0x1062, 0x39A7, 0xD679,
  0xE73C, 0x9492, 0x528A, 0x3166, 0x20E4, 0x20E3, 0x2104, 0x2945, 0x39C7, 0x738E, 0x8410, 0x2945, 0x18A3, 0x41E7, 0xEF5D, 0xFFFF,
  0xFFFF, 0xFFFF, 0xFFFF, 0xFFFF, 0xFFFF, 0xFFFF, 0xFFFF, 0xFFFF, 0xFFFF, 0xFFFF, 0xA514, 0x18A3, 0x20E3, 0x8430, 0x94B2, 0x3186,
  0x1882, 0x18A2, 0x18A2, 0x18A2, 0x1882, 0x1082, 0x18A2, 0x41E7, 0x94B2, 0x5269, 0x18A2, 0x3166, 0xE73C, 0xFFFF, 0xFFFF, 0xFFFF,
  0xFFFF, 0xFFFF, 0xFFFF, 0xFFFF, 0xFFFF, 0xFFFF, 0xFFFF, 0xFFFF, 0xFFFF, 0xFFFF, 0xFFFF, 0xFFFF, 0x8C51, 0x0861, 0x8C30, 0x7BCF,
  0x18C3, 0x2924, 0x2104, 0x2924, 0x18C3, 0x5ACB, 0xF79E, 0xD699, 0x5AAA, 0x18C3, 0x4A28, 0xF77B, 0xFF9B, 0xFFBC, 0xFFBC, 0xFFBC,
  0xFFBC, 0xFF9B, 0xFFBC, 0xCDF6, 0x2924, 0x2104, 0x2945, 0xC5F7, 0xDEFB, 0xD6BA, 0xDEBA, 0xDEFB, 0xC5F7, 0x4A28, 0x18A3, 0x18A3,
  0x20E4, 0x2104, 0xCE79, 0xD6BA, 0xCE58, 0xCE99, 0xCE59, 0x7BCF, 0x2104, 0x2104, 0x2924, 0x2924, 0x1062, 0x62EB, 0xFFFF, 0xFFFF,
  0xFFFF, 0xFFFF, 0xFFFF, 0xFFFF, 0xFFFF, 0xFFFF, 0xBDD7, 0x1082, 0x39A6, 0xCE59, 0x94B2, 0x18C3, 0x1062, 0x20C3, 0x18C3, 0x20E3,
  0x2924, 0x2104, 0x2104, 0x20E3, 0x1082, 0x20E3, 0x2924, 0x2945, 0x1082, 0x7BCF, 0xFFFF, 0xFFFF, 0xFFFF, 0xFFFF, 0xFFFF, 0xFFFF,
  0xFFFF, 0xFFFF, 0xFFFF, 0xFFFF, 0xCE79, 0x20E3, 0x2104, 0x2924, 0x20E3, 0x1061, 0x2104, 0x2924, 0x18C3, 0x2104, 0x2925, 0x2924,
  0x2925, 0x2924, 0x20E3, 0x1061, 0x20E3, 0x2945, 0x18C3, 0x52AA, 0xD69A, 0xF7BE, 0xFFFF, 0xFFFF, 0xFFFF, 0xFFFF, 0xFFFF, 0xFFFF,
  0xFFFF, 0xFFFF, 0xFFFF, 0xFFFF, 0xFFFF, 0xFFDF, 0xFFFF, 0xC638, 0x18C3, 0x18E3, 0x18C3, 0x2924, 0x2104, 0x2104, 0x2925, 0x1061,
  0x8410, 0xFFFF, 0x6B4C, 0x18C3, 0x2945, 0xA4D2, 0xFFBC, 0xFF9B, 0xFFBC, 0xFFBC, 0xFFBC, 0xFFBC, 0xFF9B, 0xFFBC, 0xC5F6, 0x2924,
  0x2104, 0x2945, 0xC5F7, 0xDEFB, 0xD6BA, 0xD6BA, 0xDEDA, 0x5269, 0x1082, 0x2945, 0x2924, 0x2924, 0x20E4, 0xB595, 0xDEFB, 0xCE58,
  0xCE58, 0x5269, 0x18A2, 0x2924, 0x2924, 0x2104, 0x20E4, 0x528A, 0xE71C, 0xFFFF, 0xFFFF, 0xFFFF, 0xFFFF, 0xFFFF, 0xFFFF, 0xFFFF,
  0xFFFF, 0x528A, 0x18A2, 0x3186, 0x3186, 0x1061, 0x630C, 0x39C7, 0x20E3, 0x39C7, 0x39C7, 0x2104, 0x2924, 0x2924, 0x2104, 0x3165,
  0x3186, 0x18C3, 0x2924, 0x2924, 0x2924, 0xE71C, 0xFFFF, 0xFFFF, 0xFFFF, 0xFFFF, 0xFFFF, 0xFFFF, 0xFFFF, 0xFFFF, 0xFFFF, 0x6B4D,
  0x18C3, 0x2945, 0x20E3, 0x4A49, 0xC638, 0x5269, 0x18A2, 0x9471, 0x5AAA, 0x18C3, 0x2924, 0x2904, 0x2104, 0x2924, 0x94B2, 0x5269,
  0x18C3, 0x2925, 0x18C3, 0x1061, 0xC638, 0xFFFF, 0xFFFF, 0xFFFF, 0xFFFF, 0xFFFF, 0xFFFF, 0xFFFF, 0xFFFF, 0xFFFF, 0xFFFF, 0xFFFF,
  0xFFFF, 0xFFFF, 0xC618, 0x18C3, 0x2925, 0x2924, 0x2104, 0x2104, 0x2924, 0x20E3, 0x4A29, 0xEF5D, 0xF7BE, 0x6B4D, 0x20C3, 0x3165,
  0xBDB5, 0xFFBC, 0xFF9B, 0xFFBC, 0xFFBC, 0xFFBC, 0xFFBC, 0xFF9B, 0xFFBC, 0xDEB8, 0x3165, 0x2924, 0x20E3, 0xB595, 0xE73C, 0xCE79,
  0xDEFB, 0xB5B6, 0x20E3, 0x2924, 0x2924, 0x2104, 0x2924, 0x1082, 0x9492, 0xDEFB, 0xCE79, 0xB596, 0x20E3, 0x2924, 0x2924, 0x2104,
  0x2945, 0xBDD7, 0xFFFF, 0xFFFF, 0xFFFF, 0xFFFF, 0xFFFF, 0xFFFF, 0xFFFF, 0xFFFF, 0xEF5D, 0x8C30, 0x2965, 0x2904, 0x2104, 0x20E3,
  0xB596, 0xFFFF, 0x39C7, 0x1062, 0xB575, 0xC618, 0x18C3, 0x2924, 0x2924, 0x20E3, 0x39A6, 0xCE59, 0x4A28, 0x20E3, 0x1082, 0x39C7,
  0xE73C, 0xFFFF, 0xFFFF, 0xFFFF, 0xFFFF, 0xFFFF, 0xFFFF, 0xFFFF, 0xFFFF, 0xFFDF, 0x4A28, 0x1061, 0x20E3, 0x3186, 0xF79E, 0xFFFF,
  0x4228, 0x18C3, 0xCE38, 0x736D, 0x18A3, 0x2924, 0x2904, 0x2924, 0x18A2, 0xC618, 0xF79E, 0x3186, 0x20E4, 0x2945, 0x8C71, 0xFFFF,
  0xFFFF, 0xFFFF, 0xFFFF, 0xFFFF, 0xFFFF, 0xFFFF, 0xFFFF, 0xFFFF, 0xFFFF, 0xFFFF, 0xFFFF, 0xFFFF, 0xFFFF, 0xD6BA, 0x2104, 0x2924,
  0x2924, 0x2104, 0x2924, 0x2104, 0x2945, 0xE73C, 0xFFFF, 0xEF7D, 0xA534, 0x2104, 0x2924, 0xA4D1, 0xFFBC, 0xFF9B, 0xFFBC, 0xFFBC,
  0xFFBC, 0xFFBC, 0xFFBC, 0xFFBC, 0xFFBC, 0x5289, 0x2924, 0x20E3, 0x5AAA, 0xDEFB, 0xF79D, 0xE71B, 0x62EB, 0x18C3, 0x2924, 0x2904,
  0x2924, 0x18C3, 0x4A49, 0xE71B, 0xDEDA, 0xD69A, 0xD69A, 0x4A28, 0x20C3, 0x2945, 0x20E3, 0x41E7, 0xFFFF, 0xFFFF, 0xFFFF, 0xFFFF,
  0xFFFF, 0xFFFF, 0xFFFF, 0xFFFF, 0xFFFF, 0xD6BA, 0x18A3, 0x18A2, 0x2925, 0x20E4, 0x39A6, 0xFFFF, 0xEF5D, 0x3165, 0x20E3, 0x41E7,
  0x4208, 0x20E4, 0x2924, 0x2904, 0x2924, 0x20E3, 0xE73C, 0x7BAE, 0x18C3, 0x9471, 0xEF5D, 0xFFFF, 0xFFFF, 0xFFFF, 0xFFFF, 0xFFFF,
  0xFFFF, 0xFFFF, 0xFFFF, 0xFFFF, 0xFFFF, 0xDEFB, 0x8430, 0x3186, 0x20E3, 0xCE79, 0xFFFF, 0x4A69, 0x18C3, 0x2945, 0x2104, 0x2104,
  0x2904, 0x2104, 0x2925, 0x1082, 0xA514, 0xFFFF, 0x4208, 0x18C3, 0x2924, 0x6B2C, 0xF79E, 0xFFFF, 0xFFFF, 0xFFFF, 0xFFFF, 0xFFFF,
  0xFFFF, 0xFFFF, 0xFFFF, 0xFFFF, 0xFFFF, 0xFFFF, 0xFFFF, 0xFFFF, 0xEF7D, 0x31A6, 0x20E4, 0x2924, 0x2104, 0x2904, 0x2924, 0x20E4,
  0xAD55, 0xF79D, 0xEF5C, 0x6B2C, 0x18C3, 0x3165, 0xC5D5, 0xFFBC, 0xFF9B, 0xFFBC, 0xFFBC, 0xFFBC, 0xFFBC, 0xFFBC, 0xFF9B, 0xFFBC,
  0x9CD2, 0x2924, 0x2945, 0x20C3, 0x39C7, 0x632C, 0x4A28, 0x18C3, 0x2924, 0x2104, 0x2104, 0x2924, 0x18C3, 0x9CB2, 0xE6FB, 0xE73C,
  0xEF5C, 0xEF7D, 0x5ACB, 0x18C3, 0x2104, 0x1082, 0x8C71, 0xFFFF, 0xFFFF, 0xFFFF, 0xFFFF, 0xFFFF, 0xFFFF, 0xFFFF, 0xFFFF, 0xFFFF,
  0xFFFF, 0xDEFB, 0x630C, 0x2104, 0x2925, 0x18C3, 0xBDB6, 0xFFFF, 0x4A49, 0x18A2, 0x2104, 0x20E3, 0x2924, 0x2904, 0x2924, 0x18C3,
  0x41E7, 0xE71C, 0x2945, 0x5AAA, 0xFFFF, 0xFFFF, 0xFFFF, 0xFFFF, 0xFFFF, 0xFFFF, 0xFFFF, 0xFFFF, 0xFFFF, 0xFFFF, 0xFFFF, 0xFFFF,
  0xFFFF, 0xFFFF, 0xDEDB, 0x2104, 0x3165, 0xDEFB, 0xA534, 0x1082, 0x2924, 0x2904, 0x2904, 0x2904, 0x2924, 0x2104, 0x2104, 0xF77E,
  0xBDD7, 0x18C3, 0x2925, 0x3145, 0x5ACB, 0xF79E, 0xFFFF, 0xFFFF, 0xFFFF, 0xFFFF, 0xFFFF, 0xFFFF, 0xFFFF, 0xFFFF, 0xFFFF, 0xFFFF,
  0xFFFF, 0xFFFF, 0xFFFF, 0xFFFF, 0x4A28, 0x18C3, 0x2924, 0x2104, 0x2104, 0x2924, 0x20E4, 0x2945, 0x8C71, 0x9491, 0x2924, 0x20E3,
  0x5ACA, 0xFFBC, 0xFF9B, 0xFF9B, 0xFFBC, 0xFFBC, 0xFFBC, 0xFFBC, 0xFFBC, 0xFF9B, 0xFF9B, 0xF75B, 0x528A, 0x2104, 0x2924, 0x2104,
  0x18C3, 0x20E3, 0x2924, 0x2104, 0x2924, 0x2924, 0x2924, 0x18C3, 0x9CD3, 0xE71C, 0xAD55, 0x9CD3, 0x9471, 0x2924, 0x18C3, 0x4A49,
  0xC618, 0xFFFF, 0xFFFF, 0xFFFF, 0xFFFF, 0xFFFF, 0xFFFF, 0xFFFF, 0xFFFF, 0xFFFF, 0xFFFF, 0xFFDF, 0xFFFF, 0x7BAE, 0x0820, 0x2925,
  0x2104, 0x39A6, 0xBDB6, 0xDEDB, 0x3186, 0x20E3, 0x2925, 0x2924, 0x2924, 0x2104, 0x2904, 0xA534, 0x6B4D, 0x0800, 0x9CB3, 0xFFFF,
  0xFFDF, 0xFFFF, 0xFFFF, 0xFFFF, 0xFFFF, 0xFFFF, 0xFFFF, 0xFFFF, 0xFFFF, 0xFFFF, 0xFFFF, 0xFFFF, 0xFFDF, 0xFFFF, 0xAD75, 0x1062,
  0x2945, 0xA514, 0x630C, 0x20E3, 0x2924, 0x2924, 0x2904, 0x2924, 0x18C3, 0x94B2, 0xB596, 0x2104, 0x20E4, 0x2104, 0xA514, 0xFFFF,
  0xFFFF, 0xFFFF, 0xFFFF, 0xFFFF, 0xFFFF, 0xFFFF, 0xFFFF, 0xFFFF, 0xFFFF, 0xFFFF, 0xFFFF, 0xFFFF, 0xFFFF, 0xFFFF, 0xFFFF, 0x528A,
  0x18C3, 0x2924, 0x2104, 0x2104, 0x2104, 0x2924, 0x2104, 0x18C3, 0x20C3, 0x2104, 0x39A6, 0xDE98, 0xFF9B, 0xFF9B, 0xFFBC, 0xFFBC,
  0xFFBC, 0xFFBC, 0xFFBC, 0xFFBC, 0xFFBC, 0xFF9B, 0xFFBC, 0xF75B, 0x83EF, 0x3165, 0x2925, 0x2924, 0x2924, 0x2904, 0x2104, 0x2104,
  0x20E3, 0x2925, 0x18A2, 0x7BCF, 0xDEFB, 0x39A6, 0x1082, 0x20E3, 0x2904, 0x18C3, 0xBDD7, 0xFFFF, 0xFFFF, 0xFFFF, 0xFFFF, 0xFFFF,
  0xFFFF, 0xFFFF, 0xFFFF, 0xFFFF, 0xFFFF, 0xFFFF, 0xFFFF, 0xFFFF, 0xC638, 0xAD55, 0x5ACB, 0x1082, 0x18C3, 0x18C3, 0x7BCF, 0xAD55,
  0x3166, 0x2104, 0x2924, 0x2924, 0x20E3, 0x5AAB, 0x632C, 0x0000, 0x62EB, 0xFFDF, 0xFFFF, 0xFFFF, 0xFFFF, 0xFFFF, 0xFFFF, 0xFFFF,
  0xFFFF, 0xFFFF, 0xFFFF, 0xFFFF, 0xFFFF, 0xFFFF, 0xFFFF, 0xFFFF, 0xFFFF, 0xFFFF, 0xBDF7, 0x3166, 0x0841, 0x3986, 0x2924, 0x2924,
  0x2924, 0x2924, 0x2924, 0x2925, 0x4A28, 0x20E3, 0x2104, 0x3165, 0x18A3, 0x528A, 0xFFFF, 0xFFFF, 0xFFFF, 0xFFFF, 0xFFFF, 0xFFFF,
  0xFFFF, 0xFFFF, 0xFFFF, 0xFFFF, 0xFFFF, 0xFFFF, 0xFFFF, 0xFFFF, 0xFFFF, 0xFFFF, 0x528A, 0x18C3, 0x2924, 0x2104, 0x2924, 0x2924,
  0x2924, 0x2924, 0x2924, 0x2925, 0x2924, 0x83EE, 0xFFBC, 0xFFBC, 0xFF9B, 0xFFBC, 0xFFBC, 0xFFBC, 0xFFBC, 0xFFBC, 0xFFBC, 0xFFBC,
  0xFFBC, 0xFF9B, 0xFFBC, 0xFFBC, 0xDE98, 0x9CD1, 0x5A8A, 0x2104, 0x2924, 0x2104, 0x3165, 0x39C7, 0x2104, 0x18C3, 0x6B2C, 0xD6BA,
  0x39A6, 0x2104, 0x2945, 0x2904, 0x2924, 0xD6BA, 0xFFFF, 0xFFFF, 0xFFFF, 0xFFFF, 0xFFFF, 0xFFFF, 0xFFFF, 0xFFFF, 0xFFFF, 0xFFFF,
  0xFFFF, 0xFFFF, 0xFFFF, 0xFFFF, 0xFFFF, 0x632C, 0x528A, 0x4208, 0x2104, 0x0821, 0x2924, 0x3165, 0x2104, 0x2924, 0x2104, 0x20C3,
  0x1082, 0x20E3, 0x8430, 0xF7BE, 0xFFFF, 0xFFFF, 0xFFFF, 0xFFFF, 0xFFFF, 0xFFFF, 0xFFFF, 0xFFFF, 0xFFFF, 0xFFFF, 0xFFFF, 0xFFFF,
  0xFFFF, 0xFFFF, 0xFFFF, 0xFFFF, 0xFFFF, 0xFFFF, 0xEF5D, 0x8C51, 0x3166, 0x18A2, 0x18A2, 0x18C3, 0x20E4, 0x20E3, 0x20E3, 0x1082,
  0x18A3, 0x18A2, 0x3145, 0xBDB6, 0xE71C, 0xFFFF, 0xFFFF, 0xFFFF, 0xFFFF, 0xFFFF, 0xFFFF, 0xFFFF, 0xFFFF, 0xFFFF, 0xFFFF, 0xFFFF,
  0xFFFF, 0xFFFF, 0xFFFF, 0xFFFF, 0xFFDF, 0x41E7, 0x20E3, 0x2924, 0x2924, 0x2104, 0x18C3, 0x20E3, 0x2104, 0x2904, 0x2924, 0x2924,
  0x4A48, 0xA4F2, 0xE6D9, 0xFFBC, 0xFF9B, 0xFF9B, 0xFFBC, 0xFFBC, 0xFFBC, 0xFFBC, 0xFFBC, 0xFFBC, 0xFFBC, 0xFF9B, 0xFF9B, 0xFFBC,
  0xFFBC, 0xF73A, 0x39C7, 0x2924, 0x18A3, 0x736D, 0xE73C, 0x39C7, 0x1082, 0x6B4D, 0xD6BA, 0x39A6, 0x20E3, 0x2924, 0x2924, 0x2104,
  0xD699, 0xFFFF, 0xFFFF, 0xFFFF, 0xFFFF, 0xFFFF, 0xFFFF, 0xFFFF, 0xFFFF, 0xFFFF, 0xFFFF, 0xFFFF, 0xFFFF, 0xFFFF, 0xFFFF, 0xFFDF,
  0xF7BE, 0xFFFF, 0x7BAE, 0x1061, 0x736E, 0x630C, 0x3165, 0x20E4, 0x20E3, 0x3165, 0x4A28, 0x83EF, 0xDEFB, 0xFFFF, 0xFFFF, 0xFFFF,
  0xFFFF, 0xFFFF, 0xFFFF, 0xFFFF, 0xFFFF, 0xFFFF, 0xFFFF, 0xFFFF, 0xFFFF, 0x9492, 0x3986, 0xA514, 0xFFFF, 0xFFFF, 0xFFFF, 0xFFFF,
  0xFFFF, 0xFFFF, 0xFFFF, 0xEF7D, 0xB576, 0x7BCF, 0x5AAA, 0x39A6, 0x41E7, 0x4208, 0x630C, 0xA4F3, 0x62EC, 0x5ACB, 0xFFDF, 0xFFFF,
  0xFFFF, 0xFFFF, 0xFFFF, 0xFFFF, 0xFFFF, 0xFFFF, 0xFFFF, 0xFFFF, 0xFFFF, 0xFFFF, 0xFFFF, 0xFFFF, 0xFFFF, 0xFFFF, 0xFFFF, 0xEF5D,
  0x3186, 0x2104, 0x2924, 0x2104, 0x2945, 0x9CD3, 0x9CD3, 0x2904, 0x2104, 0x2924, 0x2104, 0x2904, 0x2924, 0x3166, 0x9CB1, 0xFFBC,
  0xFF9B, 0xFFBC, 0xFFBC, 0xFFBC, 0xFFBC, 0xFFBC, 0xFFBC, 0xFFBC, 0xFFBC, 0xFFBC, 0xFF9B, 0xFF9B, 0xFFBC, 0x5ACB, 0x2104, 0x18C3,
  0x5AEB, 0xC617, 0x39A6, 0x1082, 0x9471, 0xF77D, 0x4228, 0x20E3, 0x2924, 0x2924, 0x18C3, 0xB5B6, 0xFFFF, 0xFFDF, 0xFFFF, 0xFFFF,
  0xFFFF, 0xFFFF, 0xFFFF, 0xFFFF, 0xFFFF, 0xFFFF, 0xFFFF, 0xFFFF, 0xFFFF, 0xFFFF, 0xFFFF, 0xFFFF, 0xFFFF, 0xD69A, 0xC618, 0xFFFF,
  0xFFFF, 0xEF5D, 0xD69A, 0xD679, 0xE71C, 0xFFFF, 0xFFFF, 0xFFFF, 0xFFFF, 0xFFFF, 0xFFFF, 0xFFFF, 0xFFFF, 0xFFFF, 0xFFFF, 0xFFFF,
  0xFFFF, 0xFFFF, 0xFFFF, 0xEF7D, 0x3186, 0x1082, 0x3165, 0xEF7D, 0xFFFF, 0xFFFF, 0xFFFF, 0xFFFF, 0xFFFF, 0xFFDF, 0xFFFF, 0xFFFF,
  0xFFFF, 0xFFFF, 0xEF7D, 0xF79E, 0xFFDF, 0xFFFF, 0xFFFF, 0xFFFF, 0xFFFF, 0xFFFF, 0xFFFF, 0xFFFF, 0xFFFF, 0xFFFF, 0xFFFF, 0xFFFF,
  0xFFFF, 0xFFFF, 0xFFFF, 0xFFFF, 0xFFFF, 0xFFFF, 0xFFFF, 0xFFFF, 0xFFFF, 0xFFFF, 0xD6BA, 0x2104, 0x2924, 0x2924, 0x20E3, 0x41E7,
  0xE73C, 0xC617, 0x2104, 0x2104, 0x2924, 0x2104, 0x2104, 0x2104, 0x2104, 0x2945, 0x7BCE, 0xFFBC, 0xFF9B, 0xFF9B, 0xFFBC, 0xFFBC,
  0xFFBC, 0xFFBC, 0xFFBC, 0xFFBC, 0xFFBC, 0xFF9B, 0xFFBC, 0xFFBC, 0x5269, 0x2104, 0x2924, 0x20E4, 0x2104, 0x2924, 0x18A2, 0x8C31,
  0xFFFF, 0x5AAA, 0x18C3, 0x2945, 0x2924, 0x18A2, 0x9CB2, 0xFFFF, 0xFFFF, 0xFFFF, 0xFFFF, 0xFFFF, 0xFFFF, 0xFFFF, 0xFFFF, 0xFFFF,
  0xFFFF, 0xFFFF, 0xFFFF, 0xFFFF, 0xFFFF, 0xFFFF, 0xFFFF, 0xFFFF, 0xFFFF, 0xFFFF, 0xFFFF, 0xFFFF, 0xFFFF, 0xFFFF, 0xFFFF, 0xFFFF,
  0xFFFF, 0xFFDF, 0xFFFF, 0xFFFF, 0xFFFF, 0xFFFF, 0xFFFF, 0xFFFF, 0xFFFF, 0xFFFF, 0xFFFF, 0xFFFF, 0xFFFF, 0xFFFF, 0xDEFB, 0x2945,
  0x2104, 0x39A6, 0xEF7D, 0xFFFF, 0xFFFF, 0xFFFF, 0xFFFF, 0xFFFF, 0xFFFF, 0xFFFF, 0xFFDF, 0xFFFF, 0xFFFF, 0xFFFF, 0xFFFF, 0xFFFF,
  0xFFFF, 0xFFDF, 0xFFFF, 0xFFFF, 0xFFFF, 0xFFFF, 0xFFFF, 0xFFFF, 0xFFFF, 0xFFFF, 0xFFFF, 0xFFFF, 0xFFFF, 0xFFFF, 0xFFFF, 0xFFFF,
  0xFFFF, 0xFFFF, 0xFFFF, 0xFFFF, 0xFFFF, 0xC618, 0x18C3, 0x2924, 0x2904, 0x2924, 0x2104, 0x4A28, 0x41E7, 0x20E3, 0x2924, 0x2104,
  0x30E3, 0x4924, 0x4924, 0x28E4, 0x2104, 0x2924, 0x83EF, 0xFFBC, 0xFF9B, 0xFFBC, 0xFFBC, 0xFFBC, 0xFFBC, 0xFFBC, 0xFFBC, 0xFFBC,
  0xFFBC, 0xFF9B, 0xFFBC, 0x7BAD, 0x2904, 0x2924, 0x2924, 0x2924, 0x2924, 0x18A2, 0x8C71, 0xFFFF, 0x9CD3, 0x1062, 0x18C3, 0x3186,
  0x18A2, 0x8C51, 0xFFFF, 0xFFFF, 0xFFFF, 0xFFFF, 0xFFFF, 0xFFFF, 0xFFFF, 0xFFFF, 0xFFFF, 0xFFFF, 0xFFFF, 0xFFFF, 0xFFFF, 0xFFFF,
  0xFFFF, 0xFFFF, 0xFFFF, 0xFFFF, 0xFFFF, 0xFFFF, 0xFFFF, 0xFFFF, 0xFFFF, 0xFFFF, 0xFFFF, 0xFFFF, 0xFFFF, 0xFFFF, 0xFFFF, 0xFFFF,
  0xFFFF, 0xFFFF, 0xFFFF, 0xFFFF, 0xFFFF, 0xFFFF, 0xFFFF, 0xFFFF, 0xFFFF, 0xD69A, 0x2104, 0x20E3, 0x39C7, 0xF7BE, 0xFFFF, 0xFFFF,
  0xFFFF, 0xFFFF, 0xFFFF, 0xFFFF, 0xFFFF, 0xFFFF, 0xFFFF, 0xFFFF, 0xFFFF, 0xFFFF, 0xFFFF, 0xFFFF, 0xFFFF, 0xFFFF, 0xFFFF, 0xFFFF,
  0xFFFF, 0xFFFF, 0xFFFF, 0xFFFF, 0xFFFF, 0xFFFF, 0xFFFF, 0xFFFF, 0xFFFF, 0xFFFF, 0xFFFF, 0xFFFF, 0xFFFF, 0xFFFF, 0xFFDF, 0xFFFF,
  0xAD35, 0x18A3, 0x2924, 0x2904, 0x2924, 0x2924, 0x20E3, 0x20E3, 0x2924, 0x2904, 0x20E3, 0x79A5, 0xDA46, 0xD246, 0xA9E5, 0x4904,
  0x2104, 0x3145, 0xBD94, 0xFFBC, 0xFF9B, 0xFFBC, 0xFFBC, 0xFFBC, 0xFFBC, 0xFFBC, 0xFFBC, 0xFFBC, 0xFF9B, 0xFFBC, 0xE6D9, 0x4A69,
  0x3165, 0x2924, 0x2924, 0x18A3, 0x7BAE, 0xAD55, 0x5ACB, 0xE71C, 0xB596, 0x9CB2, 0x9CB2, 0x1062, 0x7BCF, 0xFFFF, 0xFFFF, 0xFFFF,
  0xFFFF, 0xFFFF, 0xFFFF, 0xFFFF, 0xFFFF, 0xFFFF, 0xFFFF, 0xFFFF, 0xFFFF, 0xFFFF, 0xFFFF, 0xFFFF, 0xFFFF, 0xFFFF, 0xFFFF, 0xFFFF,
  0xFFFF, 0xFFFF, 0xFFFF, 0xFFFF, 0xFFFF, 0xFFFF, 0xFFFF, 0xFFFF, 0xFFFF, 0xFFFF, 0xFFFF, 0xFFFF, 0xFFFF, 0xFFFF, 0xFFFF, 0xFFFF,
  0xFFFF, 0xFFFF, 0xFFFF, 0xFFFF, 0xD69A, 0x2104, 0x2104, 0x3186, 0xE73C, 0xFFFF, 0xFFFF, 0xFFFF, 0xFFFF, 0xFFFF, 0xFFFF, 0xFFFF,
  0xFFFF, 0xFFFF, 0xFFFF, 0xFFFF, 0xFFFF, 0xFFFF, 0xFFFF, 0xFFFF, 0xFFFF, 0xFFFF, 0xFFFF, 0xFFFF, 0xFFFF, 0xFFFF, 0xFFFF, 0xFFFF,
  0xFFFF, 0xFFFF, 0xFFFF, 0xFFFF, 0xFFFF, 0xFFFF, 0xFFFF, 0xFFFF, 0xFFFF, 0xFFDF, 0xFFFF, 0x8C51, 0x18A2, 0x2924, 0x2924, 0x20E3,
  0x18A3, 0x20E4, 0x2924, 0x2104, 0x2904, 0x2104, 0x38E3, 0x91A5, 0xDA46, 0xDA05, 0xCA06, 0x5144, 0x20E3, 0x41E7, 0xF77B, 0xFF9B,
  0xFFBC, 0xFFBC, 0xFFBC, 0xFFBC, 0xFFBC, 0xFFBC, 0xFFBC, 0xFFBC, 0xFFBC, 0xFFBC, 0xF75B, 0xCE16, 0x9450, 0x2945, 0x18A2, 0xBDD7,
  0x8410, 0x0000, 0x7BAE, 0xDEDA, 0xEF7D, 0x73AE, 0x1061, 0x5AEB, 0xFFFF, 0xFFFF, 0xFFFF, 0xFFFF, 0xFFFF, 0xFFFF, 0xFFFF, 0xFFFF,
  0xFFFF, 0xFFFF, 0xFFFF, 0xFFFF, 0xFFFF, 0xFFFF, 0xFFFF, 0xFFFF, 0xFFFF, 0xFFFF, 0xFFFF, 0xFFFF, 0xFFFF, 0xFFFF, 0xFFFF, 0xFFFF,
  0xFFFF, 0xFFFF, 0xFFFF, 0xFFFF, 0xFFFF, 0xFFFF, 0xFFFF, 0xFFFF, 0xFFFF, 0xFFFF, 0xFFFF, 0xFFFF, 0xFFFF, 0xFFFF, 0xFFFF, 0xE71C,
  0x3165, 0x2104, 0x20E3, 0xCE79, 0xFFFF, 0xFFFF, 0xFFFF, 0xFFFF, 0xFFFF, 0xFFFF, 0xFFFF, 0xFFFF, 0xFFFF, 0xFFFF, 0xFFFF, 0xFFFF,
  0xFFFF, 0xFFFF, 0xFFFF, 0xFFFF, 0xFFFF, 0xFFFF, 0xFFFF, 0xFFFF, 0xFFFF, 0xFFFF, 0xFFFF, 0xFFFF, 0xFFFF, 0xFFFF, 0xFFFF, 0xFFFF,
  0xFFFF, 0xFFFF, 0xFFFF, 0xFFFF, 0xFFFF, 0xFFFF, 0x736D, 0x18A2, 0x2945, 0x20E3, 0x41E8, 0x630C, 0x4228, 0x20E3, 0x2925, 0x2924,
  0x2104, 0x2104, 0x20E3, 0x99A5, 0xDA05, 0xDA25, 0xB1E6, 0x30E3, 0x2104, 0x9470, 0xFFBC, 0xFFBC, 0xFFBC, 0xFFBC, 0xFFBC, 0xFFBC,
  0xFFBC, 0xFFBC, 0xFFBC, 0xFFBC, 0xFF9B, 0xFFBC, 0xFFBC, 0xF77B, 0x3185, 0x1082, 0xAD34, 0xB596, 0x18C3, 0x2104, 0x2104, 0x39A6,
  0x2945, 0x20E3, 0x41E8, 0xF7BE, 0xFFFF, 0xFFFF, 0xFFFF, 0xFFFF, 0xFFFF, 0xFFFF, 0xFFFF, 0xFFFF, 0xFFFF, 0xFFFF, 0xFFFF, 0xFFFF,
  0xFFFF, 0xFFFF, 0xFFFF, 0xFFFF, 0xFFFF, 0xFFFF, 0xFFFF, 0xFFFF, 0xFFFF, 0xFFFF, 0xFFFF, 0xFFFF, 0xFFFF, 0xFFFF, 0xFFFF, 0xFFFF,
  0xFFFF, 0xFFFF, 0xFFFF, 0xFFFF, 0xFFFF, 0xFFFF, 0xFFFF, 0xFFFF, 0xFFFF, 0xFFFF, 0xFFFF, 0x4A28, 0x20E4, 0x18A2, 0x9492, 0xFFFF,
  0xFFDF, 0xFFFF, 0xFFFF, 0xFFFF, 0xFFFF, 0xFFFF, 0xFFFF, 0xFFFF, 0xFFFF, 0xFFFF, 0xFFFF, 0xFFFF, 0xFFFF, 0xFFFF, 0xFFFF, 0xFFFF,
  0xFFFF, 0xFFFF, 0xFFFF, 0xFFFF, 0xFFFF, 0xFFFF, 0xFFFF, 0xFFFF, 0xFFFF, 0xFFFF, 0xFFFF, 0xFFFF, 0xFFFF, 0xFFFF, 0xFFFF, 0xFFFF,
  0xFFFF, 0x5269, 0x20E3, 0x20E3, 0x5ACB, 0xE73C, 0xDEDB, 0xCE9A, 0x4208, 0x1082, 0x18C3, 0x3165, 0x2104, 0x2104, 0x4104, 0xCA26,
  0xD225, 0xDA26, 0x6144, 0x18C3, 0x41E7, 0xF77B, 0xFFBC, 0xFFBC, 0xFFBC, 0xFFBC, 0xFFBC, 0xFFBC, 0xFFBC, 0xFFBC, 0xFFBC, 0xFFBC,
  0xFF9B, 0xFF9B, 0xEF1A, 0x39C7, 0x1082, 0x7BCF, 0xE73C, 0x3186, 0x18C3, 0x2924, 0x20E3, 0x2104, 0x2904, 0x2945, 0xE71C, 0xFFFF,
  0xFFFF, 0xFFFF, 0xFFFF, 0xFFFF, 0xFFFF, 0xFFFF, 0xFFFF, 0xFFFF, 0xFFFF, 0xFFFF, 0xFFFF, 0xFFFF, 0xFFFF, 0xFFFF, 0xFFFF, 0xFFFF,
  0xFFFF, 0xFFFF, 0xFFFF, 0xFFFF, 0xFFFF, 0xFFFF, 0xFFFF, 0xFFFF, 0xFFFF, 0xFFFF, 0xFFFF, 0xFFFF, 0xFFFF, 0xFFFF, 0xFFFF, 0xFFFF,
  0xFFFF, 0xFFFF, 0xFFFF, 0xFFFF, 0xFFFF, 0xFFFF, 0x6B6D, 0x18A3, 0x2104, 0x39C7, 0xF79E, 0xFFFF, 0xFFFF, 0xFFFF, 0xFFFF, 0xFFFF,
  0xFFFF, 0xFFFF, 0xFFFF, 0xFFFF, 0xFFFF, 0xFFFF, 0xFFFF, 0xFFFF, 0xFFFF, 0xFFFF, 0xFFFF, 0xFFFF, 0xFFFF, 0xFFFF, 0xFFFF, 0xFFFF,
  0xFFFF, 0xFFFF, 0xFFFF, 0xFFFF, 0xFFFF, 0xFFFF, 0xFFFF, 0xFFFF, 0xFFFF, 0xFFFF, 0xFFFF, 0xEF7D, 0x3186, 0x2104, 0x18A2, 0xAD75,
  0xFFDF, 0xC638, 0xD6BA, 0xC638, 0x8410, 0x8410, 0xE71B, 0x8C51, 0x18A3, 0x20E4, 0x89A5, 0xDA25, 0xD205, 0xA1C5, 0x28E4, 0x2945,
  0xBD94, 0xFFBC, 0xFFBC, 0xFFBC, 0xFFBC, 0xFFBC, 0xFFBC, 0xFFBC, 0xFFBC, 0xFFBC, 0xFFBC, 0xFF9B, 0xFF9B, 0xFF7B, 0x5249, 0x20E3,
  0x41E7, 0xE73C, 0xBDD7, 0x41E7, 0x20E3, 0x20E4, 0x2104, 0x2104, 0x18C3, 0xBDD7, 0xFFFF, 0xFFDF, 0xFFFF, 0xFFFF, 0xFFFF, 0xFFFF,
  0xFFFF, 0xFFFF, 0xFFFF, 0xFFFF, 0xFFFF, 0xFFFF, 0xFFFF, 0xFFFF, 0xFFFF, 0xFFFF, 0xFFFF, 0xFFFF, 0xFFFF, 0xFFFF, 0xFFFF, 0xFFFF,
  0xFFFF, 0xFFFF, 0xFFFF, 0xFFFF, 0xFFFF, 0xFFFF, 0xFFFF, 0xFFFF, 0xFFFF, 0xFFFF, 0xFFFF, 0xFFFF, 0xFFFF, 0xFFFF, 0xFFFF, 0xFFDF,
  0xFFFF, 0xAD55, 0x18A2, 0x2945, 0x1082, 0x9CD3, 0xFFFF, 0xFFDF, 0xFFFF, 0xFFFF, 0xFFFF, 0xFFFF, 0xFFFF, 0xFFFF, 0xFFFF, 0xFFFF,
  0xFFFF, 0xFFFF, 0xFFFF, 0xFFFF, 0xFFFF, 0xFFFF, 0xFFFF, 0xFFFF, 0xFFFF, 0xFFFF, 0xFFFF, 0xFFFF, 0xFFFF, 0xFFFF, 0xFFFF, 0xFFFF,
  0xFFFF, 0xFFFF, 0xFFFF, 0xFFFF, 0xFFFF, 0xFFFF, 0xD6BA, 0x2104, 0x2104, 0x20E3, 0xD69A, 0xF79E, 0xCE79, 0xD69A, 0xD6BA, 0xDEFB,
  0xDEDB, 0xF79E, 0xF7BE, 0x39A6, 0x18E3, 0x5124, 0xD206, 0xD205, 0xCA26, 0x4924, 0x2104, 0x738D, 0xFFBC, 0xFFBC, 0xFFBC, 0xFFBC,
  0xFFBC, 0xFFBC, 0xFFBC, 0xFFBC, 0xFF9B, 0xFF9B, 0xFFBC, 0xFFBC, 0xFFBC, 0x7BCE, 0x2924, 0x20E3, 0x6B2C, 0xEF5D, 0xEF7D, 0xBDF7,
  0xD699, 0xCE58, 0x4208, 0x1062, 0x8C51, 0xFFFF, 0xFFDF, 0xFFFF, 0xFFFF, 0xFFFF, 0xFFFF, 0xFFFF, 0xFFFF, 0xFFFF, 0xFFFF, 0xFFFF,
  0xFFFF, 0xFFFF, 0xFFFF, 0xFFFF, 0xFFFF, 0xFFFF, 0xFFFF, 0xFFFF, 0xFFFF, 0xFFFF, 0xFFFF, 0xFFFF, 0xFFFF, 0xFFFF, 0xFFFF, 0xFFFF,
  0xFFFF, 0xFFFF, 0xFFFF, 0xFFFF, 0xFFFF, 0xFFFF, 0xFFFF, 0xFFFF, 0xFFFF, 0xFFFF, 0xFFFF, 0xFFFF, 0xEF5D, 0x3165, 0x18C3, 0x2104,
  0x39C7, 0xEF7D, 0xFFFF, 0xFFFF, 0xFFFF, 0xFFFF, 0xFFFF, 0xFFFF, 0xFFFF, 0xFFFF, 0xFFFF, 0xFFFF, 0xFFFF, 0xFFFF, 0xFFFF, 0xFFFF,
  0xFFFF, 0xFFFF, 0xFFFF, 0xFFFF, 0xFFFF, 0xFFFF, 0xFFFF, 0xFFFF, 0xFFFF, 0xFFFF, 0xFFFF, 0xFFFF, 0xFFFF, 0xFFFF, 0xFFFF, 0xFFDF,
  0xFFFF, 0xBDD7, 0x18A3, 0x2104, 0x39A6, 0xF7BE, 0xEF7D, 0xCE79, 0xD69A, 0xD69A, 0xD69A, 0xCE79, 0xE73C, 0xFFFF, 0x62EB, 0x10A2,
  0x4124, 0xC206, 0xD205, 0xDA26, 0x6144, 0x18C3, 0x4A48, 0xFFBC, 0xFFBC, 0xFFBC, 0xFFBC, 0xFFBC, 0xFFBC, 0xFFBC, 0xFF9B, 0xFFBC,
  0xFFBC, 0xEF1A, 0xB574, 0x7BCE, 0x4208, 0x2904, 0x2924, 0x18C3, 0x4A28, 0x6B2C, 0x4A28, 0xA534, 0xFFFF, 0x9471, 0x0841, 0x62EB,
  0xFFFF, 0xFFFF, 0xFFFF, 0xFFFF, 0xFFFF, 0xFFFF, 0xFFFF, 0xFFFF, 0xFFFF, 0xFFFF, 0xFFFF, 0xFFFF, 0xFFFF, 0xFFFF, 0xFFFF, 0xFFFF,
  0xFFFF, 0xFFFF, 0xFFFF, 0xFFFF, 0xFFFF, 0xFFFF, 0xFFFF, 0xFFFF, 0xFFFF, 0xFFFF, 0xFFFF, 0xFFFF, 0xFFFF, 0xFFFF, 0xFFFF, 0xFFFF,
  0xFFFF, 0xFFFF, 0xFFFF, 0xFFFF, 0xFFFF, 0xFFFF, 0xFFFF, 0xFFFF, 0xCE38, 0x41E7, 0x20E3, 0x18A3, 0x736D, 0xFFFF, 0xFFFF, 0xFFFF,
  0xFFFF, 0xFFFF, 0xFFFF, 0xFFFF, 0xFFFF, 0xFFFF, 0xFFFF, 0xFFFF, 0xFFFF, 0xFFFF, 0xFFFF, 0xFFFF, 0xFFFF, 0xFFFF, 0xFFFF, 0xFFFF,
  0xFFFF, 0xFFFF, 0xFFFF, 0xFFFF, 0xFFFF, 0xFFFF, 0xFFFF, 0xFFFF, 0xFFFF, 0xFFFF, 0xFFDF, 0xFFFF, 0x9471, 0x18A2, 0x20E3, 0x5ACB,
  0xFFFF, 0xE75C, 0xCE59, 0xCE79, 0xCE79, 0xCE79, 0xCE59, 0xE73C, 0xFFFF, 0x6B6D, 0x1082, 0x4124, 0xC206, 0xD225, 0xDA25, 0x6965,
  0x18E3, 0x41C7, 0xFFBC, 0xFFBC, 0xFFBC, 0xFFBC, 0xFFBC, 0xFFBC, 0xFF9B, 0xFFBC, 0xEF19, 0x7BCE, 0x3165, 0x3165, 0x2104, 0x18E4,
  0x2104, 0x2104, 0x2924, 0x20C3, 0x18C3, 0x1882, 0x3165, 0xFFFF, 0x9CF3, 0x1061, 0x39C7, 0xF79E, 0xFFFF, 0xFFFF, 0xFFFF, 0xFFFF,
  0xFFFF, 0xFFFF, 0xFFFF, 0xFFFF, 0xFFFF, 0xFFFF, 0xFFFF, 0xFFFF, 0xFFFF, 0xFFFF, 0xFFFF, 0xFFFF, 0xFFFF, 0xFFFF, 0xFFFF, 0xFFFF,
  0xFFFF, 0xFFFF, 0xFFFF, 0xFFFF, 0xFFFF, 0xFFFF, 0xFFFF, 0xFFFF, 0xFFFF, 0xE71C, 0xC5F8, 0xFFFF, 0xFFFF, 0xFFFF, 0xFFFF, 0xFFFF,
  0xFFFF, 0xFFFF, 0xFFFF, 0xFFFF, 0xF7BE, 0x630C, 0x18C3, 0x20E3, 0xCE59, 0xFFFF, 0xFFFF, 0xFFFF, 0xFFFF, 0xFFFF, 0xFFFF, 0xFFFF,
  0xFFFF, 0xFFFF, 0xFFFF, 0xFFFF, 0xFFFF, 0xFFFF, 0xFFFF, 0xFFFF, 0xFFFF, 0xFFFF, 0xFFFF, 0xFFFF, 0xFFFF, 0xFFFF, 0xFFFF, 0xFFFF,
  0xFFFF, 0xFFFF, 0xFFFF, 0xFFFF, 0xFFFF, 0xFFFF, 0xFFFF, 0x62EB, 0x18C3, 0x20E3, 0x528A, 0xE71C, 0xE73C, 0xEF7D, 0xEF7D, 0xEF5D,
  0xEF7D, 0xEF7D, 0xE73C, 0xEF5D, 0x630C, 0x10A2, 0x4124, 0xC206, 0xD205, 0xDA26, 0x7165, 0x18E3, 0x39A6, 0xFFBC, 0xFFBC, 0xFFBC,
  0xFFBC, 0xFFBC, 0xFF9B, 0xFFBC, 0xBDD5, 0x39C7, 0x2924, 0x2104, 0x20E3, 0x3904, 0x5945, 0x4924, 0x2904, 0x2104, 0x2904, 0x2104,
  0x2924, 0x2924, 0x8C51, 0x4A49, 0x20E3, 0x20E3, 0xCE59, 0xFFFF, 0xFFFF, 0xFFFF, 0xFFFF, 0xFFFF, 0xFFFF, 0xFFFF, 0xFFFF, 0xFFFF,
  0xFFFF, 0xFFFF, 0xFFFF, 0xFFFF, 0xFFFF, 0xFFFF, 0xFFFF, 0xFFFF, 0xFFFF, 0xFFFF, 0xFFFF, 0xFFFF, 0xFFFF, 0xFFFF, 0xFFFF, 0xFFFF,
  0xFFFF, 0xFFFF, 0xFFFF, 0xF7BE, 0x4A49, 0x20C3, 0xEF5D, 0xFFFF, 0xFFFF, 0xFFFF, 0xFFFF, 0xFFFF, 0xFFFF, 0xFFFF, 0xFFDF, 0xFFFF,
  0xF79E, 0x39C7, 0x1062, 0x8C31, 0xFFFF, 0xFFDF, 0xFFFF, 0xFFFF, 0xFFFF, 0xFFFF, 0xFFFF, 0xFFFF, 0xFFFF, 0xFFFF, 0xFFFF, 0xFFFF,
  0xFFFF, 0xFFFF, 0xFFFF, 0xFFFF, 0xFFFF, 0xFFFF, 0xFFFF, 0xFFFF, 0xFFFF, 0xFFFF, 0xFFFF, 0xFFFF, 0xFFFF, 0xFFFF, 0xFFFF, 0xFFFF,
  0xFFFF, 0xF7BE, 0x39C7, 0x20E4, 0x2104, 0x3186, 0xC618, 0xE73C, 0xFFFF, 0xFFFF, 0xFFFF, 0xFFFF, 0xFFFF, 0xE73C, 0xD69A, 0x4A49,
  0x18C3, 0x5124, 0xD226, 0xD205, 0xDA26, 0x7165, 0x18E3, 0x3145, 0xFFBC, 0xFFBC, 0xFFBC, 0xFFBC, 0xFF9B, 0xFFBC, 0xBD94, 0x2945,
  0x2104, 0x2104, 0x30E4, 0x7164, 0xB9E5, 0xE287, 0xAA26, 0x28E4, 0x2104, 0x2904, 0x5145, 0x2904, 0x2104, 0x18A2, 0x2104, 0x2925,
  0x1082, 0x8C51, 0xFFFF, 0xFFDF, 0xFFFF, 0xFFFF, 0xFFFF, 0xFFFF, 0xFFFF, 0xFFFF, 0xFFFF, 0xFFFF, 0xFFFF, 0xFFFF, 0xFFFF, 0xFFFF,
  0xFFFF, 0xFFFF, 0xFFFF, 0xFFFF, 0xFFFF, 0xFFFF, 0xFFFF, 0xFFFF, 0xFFFF, 0xFFFF, 0xFFFF, 0xFFFF, 0xFFDF, 0xFFFF, 0xB576, 0x1061,
  0x5269, 0xF7BE, 0xFFFF, 0xFFDF, 0xFFFF, 0xFFFF, 0xFFFF, 0xFFFF, 0xFFFF, 0xFFFF, 0xFFFF, 0xFFFF, 0x6B6D, 0x0841, 0x738E, 0xFFFF,
  0xFFFF, 0xFFFF, 0xFFFF, 0xFFFF, 0xFFFF, 0xFFFF, 0xFFFF, 0xFFFF, 0xFFFF, 0xFFFF, 0xFFFF, 0xFFFF, 0xFFFF, 0xFFFF, 0xFFFF, 0xFFFF,
  0xFFFF, 0xFFFF, 0xFFFF, 0xFFFF, 0xFFFF, 0xFFFF, 0xFFFF, 0xFFFF, 0xFFFF, 0xFFFF, 0xFFFF, 0xFFFF, 0xC5F7, 0x18C3, 0x2924, 0x2924,
  0x18A2, 0xB596, 0xF7BE, 0xD679, 0xDEDA, 0xDEDB, 0xD6BA, 0xD69A, 0xF79D, 0xC618, 0x2104, 0x20E4, 0x7965, 0xDA26, 0xD205, 0xDA26,
  0x7165, 0x18E3, 0x3145, 0xFFBC, 0xFFBC, 0xFFBC, 0xFF9B, 0xFFBC, 0xCE37, 0x3166, 0x2904, 0x2904, 0x5924, 0xB1E6, 0xDA26, 0xD205,
  0x8985, 0x4104, 0x2904, 0x20E4, 0x5944, 0xD267, 0x4924, 0x2104, 0x2925, 0x20E3, 0x2904, 0x18C3, 0x5AAA, 0xFFFF, 0xFFFF, 0xFFFF,
  0xFFFF, 0xFFFF, 0xFFFF, 0xFFFF, 0xFFFF, 0xFFFF, 0xFFFF, 0xFFFF, 0xFFFF, 0xFFFF, 0xFFFF, 0xFFFF, 0xFFFF, 0xFFFF, 0xFFFF, 0xFFFF,
  0xFFFF, 0xFFFF, 0xFFFF, 0xFFFF, 0xFFFF, 0xFFFF, 0xFFFF, 0xFFDF, 0xFFFF, 0x738E, 0x0820, 0x9492, 0xFFFF, 0xFFFF, 0xFFFF, 0xFFFF,
  0xFFFF, 0xFFFF, 0xFFFF, 0xF7BE, 0xCE79, 0xF79E, 0xFFFF, 0x5AAA, 0x1041, 0x8C71, 0xFFFF, 0xFFDF, 0xFFFF, 0xFFFF, 0xFFFF, 0xFFFF,
  0xFFFF, 0xFFFF, 0xFFFF, 0xFFFF, 0xFFFF, 0xFFFF, 0xFFFF, 0xFFFF, 0xFFFF, 0xFFFF, 0xFFFF, 0xFFFF, 0xFFFF, 0xFFFF, 0xFFFF, 0xFFFF,
  0xFFFF, 0xFFFF, 0xFFFF, 0xFFFF, 0xFFFF, 0xFFFF, 0xFFFF, 0x7BCF, 0x18A2, 0x2924, 0x2104, 0x18C3, 0x5269, 0xEF5D, 0xD69A, 0xCE79,
  0xCE79, 0xCE79, 0xD6BA, 0xDEDB, 0x4A49, 0x18C3, 0x3104, 0xB1E6, 0xDA25, 0xD205, 0xD225, 0x5944, 0x18E3, 0x41E7, 0xFFBC, 0xFFBC,
  0xFF9B, 0xFF9B, 0xF73A, 0x4208, 0x2904, 0x2104, 0x6144, 0xCA26, 0xDA05, 0xCA06, 0x6124, 0x20C3, 0x2104, 0x2924, 0x20E3, 0x89A5,
  0xE246, 0x6964, 0x18E4, 0x2945, 0x8C30, 0x3186, 0x20E3, 0x3165, 0xE73C, 0xFFFF, 0xFFFF, 0xFFFF, 0xFFFF, 0xFFFF, 0xFFFF, 0xFFFF,
  0xFFFF, 0xFFFF, 0xFFFF, 0xFFFF, 0xFFFF, 0xFFFF, 0xFFFF, 0xFFFF, 0xFFFF, 0xFFFF, 0xFFFF, 0xFFFF, 0xFFFF, 0xFFFF, 0xFFFF, 0xFFFF,
  0xFFFF, 0xFFFF, 0xFFDF, 0xFFFF, 0x6B4D, 0x1041, 0x630C, 0xB5B6, 0x7BAF, 0x7BCF, 0xDEDB, 0xFFFF, 0xFFFF, 0xEF7D, 0x4A49, 0x18A2,
  0x5269, 0x7BAE, 0x2924, 0x1882, 0xB596, 0xFFFF, 0xFFDF, 0xFFFF, 0xFFFF, 0xFFFF, 0xFFFF, 0xFFDF, 0xFFFF, 0xFFFF, 0xFFFF, 0xFFFF,
  0xFFFF, 0xFFFF, 0xFFFF, 0xFFFF, 0xFFFF, 0xFFFF, 0xFFFF, 0xFFFF, 0xFFFF, 0xFFFF, 0xFFFF, 0xFFFF, 0xFFFF, 0xFFFF, 0xFFFF, 0xFFFF,
  0xFFFF, 0xF7BE, 0x4208, 0x18C3, 0x5945, 0x6965, 0x20E4, 0x20E3, 0x630C, 0xCE39, 0xDEFB, 0xDEFB, 0xDEDB, 0xBDD7, 0x4A28, 0x20C3,
  0x20E4, 0x7965, 0xDA26, 0xD205, 0xD205, 0xC205, 0x4124, 0x2104, 0x62CA, 0xFFBC, 0xFFBC, 0xFF9B, 0xFFBC, 0x9471, 0x2924, 0x2104,
  0x5124, 0xCA26, 0xD205, 0xD205, 0x7144, 0x20C3, 0x2104, 0x2904, 0x2104, 0x20E4, 0xA1C5, 0xE246, 0x7985, 0x18C3, 0x2924, 0xEF5D,
  0x736D, 0x18A3, 0x18C3, 0xAD55, 0xFFFF, 0xFFDF, 0xFFFF, 0xFFFF, 0xFFFF, 0xFFFF, 0xFFFF, 0xFFFF, 0xFFFF, 0xFFFF, 0xFFFF, 0xFFFF,
  0xFFFF, 0xFFFF, 0xFFFF, 0xFFFF, 0xFFFF, 0xFFFF, 0xFFFF, 0xFFFF, 0xFFFF, 0xFFFF, 0xFFFF, 0xFFFF, 0xFFFF, 0xFFDF, 0xFFFF, 0x94B2,
  0x1061, 0x2104, 0x20E3, 0x18C3, 0x18A2, 0x3166, 0xDEDB, 0xFFFF, 0x736D, 0x0820, 0x2104, 0x18A2, 0x1082, 0x1082, 0x528A, 0xF7BE,
  0xFFFF, 0xFFFF, 0xFFFF, 0xFFFF, 0xFFFF, 0xFFFF, 0xFFFF, 0xFFFF, 0xFFFF, 0xFFFF, 0xFFFF, 0xFFFF, 0xFFFF, 0xFFFF, 0xFFFF, 0xFFFF,
  0xFFFF, 0xFFFF, 0xFFFF, 0xFFFF, 0xFFFF, 0xFFFF, 0xFFFF, 0xFFFF, 0xFFFF, 0xFFFF, 0xFFFF, 0xFFFF, 0xBDF7, 0x18C3, 0x20E4, 0x91A5,
  0xCA26, 0x4904, 0x20E4, 0x20C3, 0x3186, 0x630C, 0x738E, 0x62EB, 0x2924, 0x18C3, 0x20E4, 0x5924, 0xCA26, 0xD205, 0xD205, 0xDA25,
  0xA9C5, 0x28E3, 0x2925, 0x9450, 0xFFBC, 0xFF9B, 0xFFBC, 0xFF9B, 0x4A28, 0x2104, 0x28E4, 0xA9E5, 0xDA25, 0xDA25, 0xB1E5, 0x28E3,
  0x18A2, 0x5ACB, 0x5AAA, 0x18C3, 0x3104, 0xB205, 0xE266, 0x6165, 0x18C3, 0x3186, 0xFFDF, 0xB5B6, 0x18C3, 0x18C3, 0x6B4D, 0xFFFF,
  0xFFFF, 0xFFFF, 0xFFFF, 0xFFFF, 0xFFFF, 0xFFFF, 0xFFFF, 0xFFFF, 0xFFFF, 0xFFFF, 0xFFFF, 0xFFFF, 0xFFFF, 0xFFFF, 0xFFFF, 0xFFFF,
  0xFFFF, 0xFFFF, 0xFFFF, 0xFFFF, 0xFFFF, 0xFFFF, 0xFFFF, 0xFFFF, 0xFFFF, 0xFFFF, 0xF7BE, 0x62EB, 0x18A2, 0x18A3, 0x18C3, 0x20E3,
  0x0820, 0x9492, 0xFFFF, 0x9CB2, 0x4208, 0x39C7, 0x39C7, 0x41E7, 0x736E, 0xEF5D, 0xFFFF, 0xFFFF, 0xFFFF, 0xFFFF, 0xFFFF, 0xFFFF,
  0xDEDB, 0xBDD7, 0xFFFF, 0xFFFF, 0xFFFF, 0xFFFF, 0xFFFF, 0xFFFF, 0xFFFF, 0xFFFF, 0xFFFF, 0xFFFF, 0xFFFF, 0xFFFF, 0xFFFF, 0xFFFF,
  0xFFFF, 0xFFFF, 0xFFFF, 0xFFFF, 0xFFFF, 0xFFFF, 0xFFFF, 0x736D, 0x1082, 0x3904, 0xB9E5, 0xDA05, 0xC206, 0x6124, 0x28E4, 0x18C3,
  0x18A3, 0x10A3, 0x18A3, 0x18E3, 0x28E4, 0x6944, 0xCA26, 0xDA25, 0xD205, 0xD205, 0xDA46, 0x7985, 0x20E3, 0x3145, 0xCE37, 0xFFBC,
  0xFF9B, 0xFFBC, 0xCE37, 0x3165, 0x20E4, 0x6144, 0xD206, 0xD205, 0xDA46, 0x7164, 0x20E3, 0x2104, 0xBDF7, 0x6B4D, 0x18A2, 0x2904,
  0xAA06, 0xAA06, 0x3104, 0x18A2, 0x630C, 0xFFFF, 0xEF5D, 0x39A6, 0x20E3, 0x3165, 0xE73C, 0xFFFF, 0xFFFF, 0xFFFF, 0xFFFF, 0xFFFF,
  0xFFFF, 0xFFFF, 0xFFFF, 0xFFFF, 0xFFFF, 0xFFFF, 0xFFFF, 0xFFFF, 0xFFFF, 0xFFFF, 0xFFFF, 0xFFFF, 0xFFFF, 0xFFFF, 0x9492, 0x738E,
  0xFFFF, 0xFFFF, 0xFFFF, 0xFFFF, 0xFFFF, 0xFFFF, 0xFFFF, 0xB5B6, 0x83EF, 0x6B4D, 0x632C, 0x9492, 0xEF7D, 0xFFFF, 0xFFFF, 0xFFFF,
  0xF7BE, 0xF7BE, 0xFFDE, 0xFFFF, 0xFFFF, 0xFFFF, 0xFFFF, 0xFFFF, 0xFFFF, 0xFFFF, 0xFFFF, 0x5ACB, 0x0820, 0xA534, 0xFFFF, 0xFFDF,
  0xFFFF, 0xFFFF, 0xFFFF, 0xFFFF, 0xFFFF, 0xFFFF, 0xFFFF, 0xFFFF, 0xFFFF, 0xFFFF, 0xFFFF, 0xFFFF, 0xFFFF, 0xFFFF, 0xFFFF, 0xFFFF,
  0xFFFF, 0xEF5C, 0x3165, 0x18C3, 0x5924, 0xD206, 0xD205, 0xDA25, 0xD226, 0x99C5, 0x6144, 0x4924, 0x4924, 0x5124, 0x6944, 0xA1C5,
  0xD226, 0xD205, 0xD205, 0xD225, 0xD225, 0xCA26, 0x4924, 0x2104, 0x4A08, 0xFF9B, 0xFFBC, 0xFF9B, 0xFFBC, 0x9CB1, 0x2945, 0x2904,
  0x99A5, 0xDA05, 0xD205, 0xCA26, 0x4924, 0x18C3, 0x5269, 0xE71C, 0x7BAE, 0x18A2, 0x2945, 0x3924, 0x3924, 0x20E3, 0x2104, 0xBDF7,
  0xE73C, 0xF79E, 0x6B6D, 0x18C3, 0x18A3, 0x9492, 0xFFFF, 0xFFDF, 0xFFFF, 0xFFFF, 0xFFFF, 0xFFFF, 0xFFFF, 0xFFFF, 0xFFFF, 0xFFFF,
  0xFFFF, 0xFFFF, 0xFFFF, 0xFFFF, 0xFFFF, 0xFFFF, 0xFFFF, 0xFFFF, 0xE73C, 0x20E4, 0x2924, 0xEF5D, 0xFFFF, 0xFFFF, 0xFFFF, 0xFFFF,
  0xFFFF, 0xFFFF, 0xFFFF, 0xFFFF, 0xFFFF, 0xFFFF, 0xFFFF, 0xFFFF, 0xFFFF, 0xFFFF, 0xFFFF, 0xFFFF, 0xFFFF, 0xFFFF, 0xFFFF, 0xFFFF,
  0xFFFF, 0xFFFF, 0xFFFF, 0xFFFF, 0xFFFF, 0xFFFF, 0x632C, 0x1082, 0x39E7, 0xF7BE, 0xFFFF, 0xFFFF, 0xFFFF, 0xFFFF, 0xFFFF, 0xFFFF,
  0xFFFF, 0xFFFF, 0xFFFF, 0xFFFF, 0xFFFF, 0xFFFF, 0xFFFF, 0xFFFF, 0xFFFF, 0xFFFF, 0xFFFF, 0xFFFF, 0x9492, 0x1082, 0x20E4, 0x8985,
  0xDA25, 0xD225, 0xD225, 0xD205, 0xDA25, 0xD225, 0xCA05, 0xCA26, 0xD226, 0xDA26, 0xDA05, 0xD1E5, 0xD205, 0xD205, 0xD205, 0xDA46,
  0x89A5, 0x2904, 0x2924, 0x9C91, 0xFFBC, 0xFFBC, 0xFF9B, 0xFFBC, 0x7BAD, 0x2104, 0x3104, 0xB1E5, 0xD205, 0xD225, 0xB1E5, 0x3104,
  0x18C3, 0x7BAE, 0xE71C, 0xBDD7, 0x3186, 0x18A2, 0x18C3, 0x18A2, 0x2924, 0xA534, 0xEF7D, 0xDEFB, 0xF7BE, 0xB575, 0x18C3, 0x20E4,
  0x4208, 0xFFDE, 0xFFFF, 0xFFFF, 0xFFFF, 0xFFFF, 0xFFFF, 0xFFFF, 0xFFFF, 0xFFFF, 0xFFFF, 0xFFFF, 0xFFFF, 0xFFFF, 0xFFFF, 0xFFFF,
  0xFFFF, 0xFFFF, 0xFFFF, 0x8C30, 0x18A2, 0x2945, 0xDEFB, 0xFFFF, 0xFFFF, 0xFFFF, 0xFFFF, 0xFFFF, 0xFFFF, 0xFFDF, 0xFFDE, 0xFFDF,
  0xFFDF, 0xFFBE, 0xFFFF, 0xFFFF, 0xFFFF, 0xFFFF, 0xFFDF, 0xFFDF, 0xFFFF, 0xFFFF, 0xFFFF, 0xFFDF, 0xFFDF, 0xFFDF, 0xFFDF, 0xFFDF,
  0xFFFF, 0x73AE, 0x18C3, 0x20C3, 0x738E, 0xFFFF, 0xFFFF, 0xFFFF, 0xFFFF, 0xFFFF, 0xFFFF, 0xFFFF, 0xFFFF, 0xFFFF, 0xFFFF, 0xFFFF,
  0xFFFF, 0xFFFF, 0xFFFF, 0xFFFF, 0xFFFF, 0xFFFF, 0xF7BE, 0x41E7, 0x18E3, 0x3104, 0xB1E5, 0xDA05, 0xD225, 0xD225, 0xD205, 0xD205,
  0xD205, 0xD205, 0xD225, 0xD225, 0xD225, 0xD205, 0xD1E5, 0xD205, 0xD205, 0xDA25, 0xBA06, 0x4104, 0x2124, 0x41C7, 0xF75A, 0xFFBC,
  0xFFBC, 0xFFBC, 0xFFBC, 0x62CB, 0x20E4, 0x3904, 0xC206, 0xD205, 0xDA25, 0xA1C5, 0x2904, 0x18C3, 0x8C71, 0xDEDB, 0xD6BA, 0xBDF7,
  0x6B4D, 0x5AAA, 0x7BCF, 0xC638, 0xEF7D, 0xE71C, 0xDF1B, 0xF79E, 0xBDF7, 0x18C3, 0x2945, 0x18A3, 0xBDD7, 0xFFFF, 0xFFFF, 0xFFFF,
  0xFFFF, 0xFFFF, 0xFFFF, 0xFFFF, 0xFFFF, 0xFFFF, 0xFFFF, 0xFFFF, 0xFFFF, 0xFFFF, 0xFFFF, 0xFFFF, 0xFFFF, 0xDEDB, 0x2925, 0x2924,
  0x18C3, 0xBDF7, 0xFFFF, 0xFFDF, 0xFFFF, 0xFFFF, 0xFFFF, 0xFFFF, 0xFFFF, 0xFFFF, 0xFFFF, 0xFFFF, 0xFFFF, 0xFFFF, 0xFFFF, 0xFFFF,
  0xFFFF, 0xFFFF, 0xFFFF, 0xFFFF, 0xFFFF, 0xFFFF, 0xFFFF, 0xFFFF, 0xFFFF, 0xFFFF, 0xFFFF, 0xD6BA, 0x41E7, 0x20E4, 0x2945, 0x18A3,
  0x6B4D, 0xF7BE, 0xFFFF, 0xFFFF, 0xFFFF, 0xFFFF, 0xFFFF, 0xFFFF, 0xFFFF, 0xFFFF, 0xFFFF, 0xFFFF, 0xFFFF, 0xFFFF, 0xFFFF, 0xFFFF,
  0xFFFF, 0xAD55, 0x18A2, 0x2924, 0x28E3, 0xA9E6, 0xDA45, 0xD225, 0xD225, 0xD205, 0xD205, 0xD205, 0xD205, 0xD205, 0xD225, 0xD225,
  0xD205, 0xD205, 0xD1E5, 0xD205, 0xCA26, 0x5944, 0x2104, 0x3165, 0xAD13, 0xFFBC, 0xFF9B, 0xFFBC, 0xFFBC, 0xFFBC, 0x5ACA, 0x2104,
  0x4124, 0xC205, 0xD205, 0xDA25, 0x99C5, 0x2104, 0x18C3, 0x8C71, 0xDEFB, 0xCE79, 0xDEDB, 0xDEFB, 0xDEDB, 0xEF7D, 0xEF5D, 0xDF1B,
  0xE73C, 0xDEFB, 0xF79E, 0x736D, 0x18A2, 0x2945, 0x18C3, 0x5ACB, 0xFFFF, 0xFFFF, 0xFFFF, 0xFFFF, 0xFFFF, 0xFFFF, 0xFFFF, 0xFFFF,
  0xFFFF, 0xFFFF, 0xFFFF, 0xFFFF, 0xFFFF, 0xFFFF, 0xFFFF, 0xFFFF, 0x5AEB, 0x18A2, 0x2925, 0x2104, 0x41E7, 0xD69A, 0xFFFF, 0xFFFF,
  0xFFFF, 0xFFDF, 0xDEFB, 0xB5B6, 0x9492, 0x7BCF, 0x83EF, 0xA514, 0xFFDF, 0xFFFF, 0xFFFF, 0xFFFF, 0xBDD7, 0x7BAE, 0x5ACB, 0x528A,
  0x630C, 0x8C51, 0xAD75, 0xAD55, 0xA534, 0x83EF, 0x2924, 0x20E4, 0x2104, 0x20E3, 0x18A2, 0x18A2, 0xDEFB, 0xFFFF, 0xFFFF, 0xFFFF,
  0xFFFF, 0xFFFF, 0xFFFF, 0xFFFF, 0xFFFF, 0xFFFF, 0xFFFF, 0xFFFF, 0xFFFF, 0xFFFF, 0xFFFF, 0xFFDF, 0x4A28, 0x20E3, 0x2945, 0x2104,
  0x5124, 0xCA46, 0xDA25, 0xCA05, 0xD205, 0xD205, 0xD205, 0xD205, 0xD205, 0xD205, 0xD205, 0xD205, 0xD205, 0xDA05, 0xCA06, 0x6144,
  0x20E4, 0x2945, 0x738D, 0xFFBC, 0xFF9B, 0xFFBC, 0xFFBC, 0xFFBC, 0xFFBC, 0x5AAA, 0x2104, 0x4104, 0xC226, 0xD225, 0xDA25, 0xA1C5,
  0x2904, 0x18A3, 0x7BEF, 0xDEFB, 0xCE79, 0xCE79, 0xCE79, 0xCE79, 0xE71B, 0xE71C, 0xE71C, 0xE71C, 0xE73C, 0xCE79, 0x2945, 0x20E4,
  0x20E4, 0x2924, 0x18C3, 0xBDD7, 0xFFFF, 0xFFFF, 0xFFFF, 0xFFFF, 0xFFFF, 0xFFFF, 0xFFFF, 0xFFFF, 0xFFFF, 0xFFFF, 0xFFFF, 0xFFFF,
  0xFFFF, 0xFFFF, 0xFFFF, 0x630C, 0x20E3, 0x2924, 0x18C3, 0x20E4, 0x2924, 0x5AAA, 0x6B4D, 0x5AEB, 0x41E7, 0x2924, 0x10A2, 0x1082,
  0x1082, 0x1082, 0x1062, 0x5A8A, 0xC638, 0xBDF7, 0x62EB, 0x18C3, 0x1082, 0x10A3, 0x10A3, 0x1082, 0x1082, 0x18A3, 0x18A3, 0x18A2,
  0x18A2, 0x2924, 0x18C3, 0x41E7, 0xCE59, 0xA534, 0xBDD6, 0xFFFF, 0xFFFF, 0xFFFF, 0xFFFF, 0xFFFF, 0xFFFF, 0xFFFF, 0xFFFF, 0xFFFF,
  0xFFFF, 0xFFFF, 0xFFFF, 0xFFFF, 0xFFFF, 0xFFFF, 0xA534, 0x18A2, 0x2924, 0x2925, 0x2924, 0x20E4, 0x5124, 0xB9E6, 0xDA25, 0xD225,
  0xD225, 0xD205, 0xD205, 0xD205, 0xD205, 0xDA05, 0xDA25, 0xDA46, 0xA9E5, 0x5124, 0x20E3, 0x2104, 0x5AAA, 0xF75B, 0xFF9B, 0xFF9B,
  0xFFBC, 0xFFBC, 0xFFBC, 0xFFBC, 0x62EB, 0x20E4, 0x4124, 0xC226, 0xD225, 0xDA25, 0xB1E5, 0x30E4, 0x18C3, 0x5ACB, 0xE73C, 0xDEDB,
  0xDEDB, 0xD6BA, 0xD6BA, 0xDEFB, 0xE71C, 0xE71C, 0xDEFB, 0xEF5D, 0x6B4D, 0x18A3, 0x3904, 0x81C5, 0x3904, 0x18C3, 0x4A49, 0xFFDF,
  0xFFFF, 0xFFFF, 0xFFFF, 0xFFFF, 0xFFFF, 0xFFFF, 0xFFFF, 0xFFFF, 0xFFFF, 0xFFFF, 0xFFFF, 0xFFFF, 0xFFFF, 0xFFFF, 0xF7BE, 0xDEDB,
  0xD69A, 0x5AEB, 0x18A2, 0x20E3, 0x20E3, 0x18C3, 0x18C3, 0x20E3, 0x2904, 0x4944, 0x4924, 0x4924, 0x4924, 0x3104, 0x18A2, 0x20E3,
  0x18C3, 0x10A3, 0x20E4, 0x3904, 0x5144, 0x6165, 0x6185, 0x4965, 0x2904, 0x2924, 0x2945, 0x2945, 0x18A2, 0x3186, 0xD69A, 0xFFFF,
  0xFFFF, 0xFFFF, 0xFFFF, 0xFFFF, 0xFFFF, 0xFFFF, 0xFFFF, 0xFFFF, 0xFFFF, 0xFFFF, 0xFFFF, 0xFFFF, 0xFFFF, 0xFFFF, 0xFFFF, 0xFFFF,
  0xF79E, 0x39C7, 0x2104, 0x2904, 0x6B4C, 0x6B4C, 0x2945, 0x20E4, 0x3904, 0x8185, 0xB1E5, 0xD226, 0xD225, 0xDA25, 0xD225, 0xCA05,
  0xC1E5, 0xA1C5, 0x6964, 0x3104, 0x18E3, 0x2104, 0x62EB, 0xEF3A, 0xFFBC, 0xFF9B, 0xFFBC, 0xFFBC, 0xFFBC, 0xFFBC, 0xFFBC, 0x736D,
  0x20E4, 0x3904, 0xBA05, 0xDA25, 0xD205, 0xD226, 0x5924, 0x18E3, 0x2924, 0xDEDB, 0xFFFF, 0xF7BE, 0xFFFF, 0xF7BE, 0xD69A, 0xD69A,
  0xD6BA, 0xE71C, 0x8C30, 0x18C3, 0x20E4, 0x7964, 0xE266, 0x7184, 0x2104, 0x18A2, 0x94B2, 0xFFFF, 0xFFFF, 0xFFFF, 0xFFFF, 0xFFFF,
  0xFFFF, 0xFFFF, 0xFFFF, 0xFFFF, 0xFFFF, 0xFFFF, 0xFFFF, 0xFFFF, 0xFFFF, 0xFFFF, 0xFFFF, 0xFFFF, 0xFFFF, 0xA514, 0x39C7, 0x18A2,
  0x2104, 0x2945, 0x2924, 0x3924, 0xAA26, 0xD246, 0xD226, 0xD226, 0xBA06, 0x6985, 0x30E4, 0x3104, 0x5144, 0x99C5, 0xC206, 0xDA26,
  0xDA46, 0xCA67, 0x69A5, 0x2104, 0x2924, 0x18C3, 0x18C3, 0x736D, 0xE73C, 0xFFFF, 0xFFDF, 0xFFDF, 0xFFFF, 0xFFFF, 0xFFFF, 0xFFFF,
  0xFFFF, 0xFFFF, 0xFFFF, 0xFFFF, 0xFFFF, 0xFFFF, 0xFFFF, 0xFFFF, 0xFFFF, 0xFFFF, 0xFFFF, 0x83F0, 0x18A2, 0x2924, 0x3186, 0xE6F9,
  0xFFBC, 0x8C2F, 0x3145, 0x18E3, 0x18C3, 0x3104, 0x5144, 0x6144, 0x6165, 0x6144, 0x5124, 0x3904, 0x2904, 0x20E3, 0x2924, 0x3165,
  0x9C91, 0xFF9C, 0xFFBC, 0xFF9B, 0xFFBC, 0xFFBC, 0xFFBC, 0xFFBC, 0xFF9B, 0xFFBC, 0x8C2F, 0x2924, 0x2904, 0xA9E5, 0xDA25, 0xCA05,
  0xD205, 0xA9C5, 0x30E4, 0x18C3, 0x5269, 0xEF7D, 0xFFFF, 0xFFFF, 0xFFFF, 0xDEFB, 0xDEFB, 0xD69A, 0x83EF, 0x20E4, 0x18C3, 0x5924,
  0xCA06, 0xDA25, 0xBA05, 0x3904, 0x2104, 0x2945, 0xE71C, 0xFFFF, 0xFFFF, 0xFFFF, 0xFFFF, 0xFFFF, 0xFFFF, 0xFFFF, 0xFFFF, 0xFFFF,
  0xFFFF, 0xFFFF, 0xFFFF, 0xFFFF, 0xFFFF, 0xFFFF, 0xFFFF, 0xFFFF, 0xFFFF, 0xEF7D, 0x94B2, 0x39A7, 0x18A3, 0x18C3, 0x20E4, 0x3104,
  0x6144, 0x8985, 0xA1C5, 0xBA26, 0xCA67, 0xA1E6, 0x99E6, 0xB226, 0xB206, 0xA1C5, 0x91A5, 0x7164, 0x4124, 0x20C3, 0x18A2, 0x18C3,
  0x4A28, 0xBDD7, 0xFFFF, 0xFFFF, 0xFFFF, 0xFFFF, 0xFFFF, 0xFFFF, 0xFFFF, 0xFFFF, 0xFFFF, 0xFFFF, 0xFFFF, 0xFFFF, 0xFFFF, 0xFFFF,
  0xFFFF, 0xFFFF, 0xFFFF, 0xFFFF, 0xFFFF, 0xCE59, 0x20E3, 0x2924, 0x2924, 0x83EF, 0xFFBC, 0xFF9B, 0xFFBC, 0xCE16, 0x630B, 0x3165,
  0x2925, 0x2104, 0x2104, 0x18E3, 0x18A3, 0x18E3, 0x2104, 0x2924, 0x3186, 0x738D, 0xDE98, 0xFFBC, 0xFFBC, 0xFF9B, 0xFFBC, 0xFFBC,
  0xFFBC, 0xFFBC, 0xFFBC, 0xFF9B, 0xFFBC, 0xA4F2, 0x2945, 0x20E4, 0x91A5, 0xDA05, 0xCA05, 0xCA05, 0xDA25, 0x7984, 0x20E4, 0x20C3,
  0x39C7, 0x9CB3, 0xD6BA, 0xD6BA, 0xA514, 0x83EF, 0x4208, 0x18C3, 0x20E4, 0x6144, 0xC206, 0xD205, 0xD205, 0xDA45, 0x8185, 0x2104,
  0x18A2, 0x62EC, 0xFFFF, 0xFFDF, 0xFFFF, 0xFFFF, 0xFFFF, 0xFFFF, 0xFFFF, 0xFFFF, 0xFFFF, 0xFFFF, 0xFFFF, 0xFFFF, 0xFFFF, 0xFFFF,
  0xFFFF, 0xFFFF, 0xFFFF, 0xFFFF, 0xFFFF, 0xFFFF, 0xF79E, 0xB575, 0x62EC, 0x2945, 0x1082, 0x1082, 0x18A2, 0x20E3, 0x3104, 0x3904,
  0x4124, 0x4124, 0x3104, 0x28E4, 0x20E3, 0x18C3, 0x1082, 0x1082, 0x39A6, 0x738E, 0xBDD7, 0xFFDF, 0xFFFF, 0xFFFF, 0xFFFF, 0xFFFF,
  0xFFFF, 0xFFFF, 0xFFFF, 0xFFFF, 0xFFFF, 0xFFFF, 0xFFFF, 0xFFFF, 0xFFFF, 0xFFFF, 0xFFFF, 0xFFFF, 0xFFFF, 0xFFFF, 0xFFFF, 0xF79E,
  0x4A28, 0x20E3, 0x2924, 0x41E7, 0xF75B, 0xFF9B, 0xFF9B, 0xFF9B, 0xFFBC, 0xFFBC, 0xE6D9, 0xBD94, 0x7BAD, 0x6B2B, 0x62CA, 0x5ACB,
  0x62CA, 0x7B8D, 0xAD13, 0xE6D9, 0xFFBC, 0xFFBC, 0xFF9B, 0xFFBC, 0xFFBC, 0xFFBC, 0xFFBC, 0xFFBC, 0xFFBC, 0xFFBC, 0xFF9B, 0xFFBC,
  0xE6B8, 0x3165, 0x18E3, 0x6944, 0xD226, 0xC9E5, 0xD205, 0xD225, 0xD246, 0x7164, 0x20E4, 0x18C3, 0x1082, 0x2924, 0x2945, 0x18C3,
  0x10A2, 0x18A3, 0x3104, 0x8185, 0xD226, 0xD205, 0xD205, 0xD205, 0xDA05, 0xC226, 0x3904, 0x2124, 0x18A2, 0xA514, 0xFFFF, 0xFFDF,
  0xFFFF, 0xFFFF, 0xFFFF, 0xFFFF, 0xFFFF, 0xFFFF, 0xFFFF, 0xFFFF, 0xFFFF, 0xFFFF, 0xFFFF, 0xFFFF, 0xFFFF, 0xFFFF, 0xFFFF, 0xFFFF,
  0xFFFF, 0xFFFF, 0xFFFF, 0xFFFF, 0xD6BA, 0xA514, 0x630C, 0x4208, 0x2945, 0x20E3, 0x18C3, 0x10A2, 0x1082, 0x18A3, 0x20E3, 0x2924,
  0x39A7, 0x6B2C, 0xB575, 0x9CD3, 0xAD75, 0xFFFF, 0xFFFF, 0xFFDF, 0xFFFF, 0xFFFF, 0xFFFF, 0xFFFF, 0xFFFF, 0xFFFF, 0xFFFF, 0xFFFF,
  0xFFFF, 0xFFFF, 0xFFFF, 0xFFFF, 0xFFFF, 0xFFFF, 0xFFFF, 0xFFFF, 0xFFDF, 0xFFFF, 0x83EF, 0x1882, 0x2925, 0x2945, 0xC5B5, 0xFFBC,
  0xFF9B, 0xFFBC, 0xFFBC, 0xFF9B, 0xFFBC, 0xFFBC, 0xFFBC, 0xFFBC, 0xFFBC, 0xFFBC, 0xFFBC, 0xFFBC, 0xFFBC, 0xFFBC, 0xFFBC, 0xFF9B,
  0xFF9B, 0xFFBC, 0xFFBC, 0xFFBC, 0xFFBC, 0xFFBC, 0xFFBC, 0xFFBC, 0xFFBC, 0xFFBC, 0xFF9B, 0xFFBC, 0x5A89, 0x2104, 0x4104, 0xC206,
  0xD205, 0xD205, 0xD225, 0xDA25, 0xD226, 0x8985, 0x4104, 0x2904, 0x2104, 0x20E4, 0x28E4, 0x30E4, 0x5944, 0xA9E6, 0xDA46, 0xD225,
  0xD205, 0xD205, 0xD1E5, 0xDA05, 0xA9E5, 0x3104, 0x2924, 0x2904, 0x2104, 0xC638, 0xFFFF, 0xFFDF, 0xFFFF, 0xFFFF, 0xFFFF, 0xFFFF,
  0xFFFF, 0xFFFF, 0xFFFF, 0xFFFF, 0xFFFF, 0xFFFF, 0xFFFF, 0xFFFF, 0xFFFF, 0xFFFF, 0xFFFF, 0xFFFF, 0xFFDF, 0xFFFF, 0xD6BA, 0x39C7,
  0x8430, 0xFFFF, 0xFFFF, 0xDEDB, 0xC638, 0xBDD7, 0xB576, 0xAD55, 0xB5B6, 0xCE38, 0xDEDB, 0xF7BE, 0xFFFF, 0xA514, 0x20C3, 0x2104,
  0xEF5D, 0xFFFF, 0xFFFF, 0xFFFF, 0xFFFF, 0xFFFF, 0xFFFF, 0xFFFF, 0xFFFF, 0xFFFF, 0xFFFF, 0xFFFF, 0xFFFF, 0xFFFF, 0xFFFF, 0xFFFF,
  0xFFFF, 0xFFFF, 0xFFFF, 0xFFFF, 0xB5B6, 0x18C3, 0x2924, 0x2924, 0x83CE, 0xFFBC, 0xFF9B, 0xFFBC, 0xFFBC, 0xFFBC, 0xFFBC, 0xFF9B,
  0xFF9B, 0xFF9B, 0xFF9B, 0xFF9B, 0xFFBC, 0xFFBC, 0xFFBC, 0xFF9B, 0xFF9B, 0xFF9B, 0xFFBC, 0xFFBC, 0xFFBC, 0xFFBC, 0xFFBC, 0xFFBC,
  0xFFBC, 0xFFBC, 0xFFBC, 0xFFBC, 0xFFBC, 0xFF9B, 0xFFBC, 0x9CB1, 0x2925, 0x20E4, 0x8985, 0xDA25, 0xD205, 0xD225, 0xD225, 0xD1E5,
  0xD205, 0xC205, 0xA1C5, 0x99E5, 0x91C5, 0x99C5, 0xB1E5, 0xD206, 0xDA05, 0xD205, 0xD225, 0xD225, 0xD205, 0xD205, 0xC206, 0x4904,
  0x2104, 0x2945, 0x2924, 0x20E3, 0x3186, 0xDEFB, 0xFFFF, 0xFFDF, 0xFFFF, 0xFFFF, 0xFFFF, 0xFFFF, 0xFFFF, 0xFFFF, 0xFFFF, 0xFFFF,
  0xFFFF, 0xFFFF, 0xFFFF, 0xFFFF, 0xFFFF, 0xFFFF, 0xFFFF, 0xFFFF, 0xFFFF, 0xE71C, 0x20E4, 0x1062, 0x6B4D, 0xEF7D, 0xFFFF, 0xFFFF,
  0xFFFF, 0xFFFF, 0xFFFF, 0xFFFF, 0xFFFF, 0xFFFF, 0xF79E, 0x738E, 0x18A3, 0x1082, 0x8C30, 0xFFFF, 0xFFFF, 0xFFFF, 0xFFFF, 0xFFFF,
  0xFFFF, 0xFFFF, 0xFFFF, 0xFFFF, 0xFFFF, 0xFFFF, 0xFFFF, 0xFFFF, 0xFFFF, 0xFFFF, 0xFFFF, 0xFFFF, 0xFFFF, 0xFFFF, 0xD6BA, 0x2925,
  0x2104, 0x2904, 0x5249, 0xF75A, 0xFF9B, 0xFF9B, 0xFFBC, 0xFFBC, 0xFFBC, 0xFFBC, 0xFFBC, 0xFFBC, 0xFFBC, 0xFFBC, 0xFFBC, 0xFFBC,
  0xFFBC, 0xFF9B, 0xFFBC, 0xFFBC, 0xFFBC, 0xFFBC, 0xFFBC, 0xFFBC, 0xFFBC, 0xFFBC, 0xFFBC, 0xFFBC, 0xFFBC, 0xFFBC, 0xFFBC, 0xFFBC,
  0xFF9B, 0xFFBC, 0xE6F9, 0x3186, 0x20E4, 0x4103, 0xC226, 0xDA25, 0xD225, 0xD205, 0xD1E5, 0xD1E5, 0xD205, 0xDA25, 0xDA45, 0xDA45,
  0xDA45, 0xDA05, 0xD1E5, 0xD1E5, 0xD205, 0xD225, 0xD205, 0xDA25, 0xCA26, 0x5924, 0x20E3, 0x2945, 0x9CB1, 0x5AAA, 0x2924, 0x20E3,
  0x41E7, 0xEF5D, 0xFFFF, 0xFFFF, 0xFFFF, 0xFFFF, 0xFFFF, 0xFFFF, 0xFFFF, 0xFFFF, 0xFFFF, 0xFFFF, 0xFFFF, 0xFFFF, 0xFFFF, 0xFFFF,
  0xFFFF, 0xFFFF, 0xFFFF, 0xFFFF, 0xFFFF, 0x738E, 0x1082, 0x20E3, 0x39C7, 0xAD55, 0xEF7D, 0xFFFF, 0xFFFF, 0xFFFF, 0xFFFF, 0xDEFB,
  0x9CB2, 0x39C7, 0x20C3, 0x18C3, 0x4208, 0xEF7D, 0xFFFF, 0xFFFF, 0xFFFF, 0xFFFF, 0xFFFF, 0xFFFF, 0xFFFF, 0xFFFF, 0xFFFF, 0xFFFF,
  0xFFFF, 0xFFFF, 0xFFFF, 0xFFFF, 0xFFFF, 0xFFFF, 0xFFFF, 0xFFFF, 0xEF5D, 0x41E7, 0x20E3, 0x2924, 0x3165, 0xD677, 0xFFBC, 0xFF9B,
  0xFFBC, 0xFFBC, 0xFFBC, 0xFFBC, 0xFFBC, 0xFFBC, 0xFFBC, 0xFFBC, 0xFFBC, 0xFFBC, 0xFFBC, 0xFFBC, 0xFFBC, 0xFFBC, 0xFFBC, 0xFFBC,
  0xFFBC, 0xFFBC, 0xFFBC, 0xFFBC, 0xFFBC, 0xFFBC, 0xFFBC, 0xFFBC, 0xFFBC, 0xFFBC, 0xFFBC, 0xFFBC, 0xFF9B, 0xFFBC, 0x8C2F, 0x2924,
  0x2104, 0x6964, 0xD246, 0xD205, 0xD1E5, 0xD205, 0xD205, 0xD205, 0xD205, 0xD205, 0xD205, 0xD225, 0xD205, 0xD1E5, 0xD205, 0xD205,
  0xD205, 0xDA25, 0xCA26, 0x6964, 0x20E4, 0x2924, 0x9450, 0xFFBC, 0xDEB8, 0x39C7, 0x2924, 0x20C3, 0x4A28, 0xEF7D, 0xFFFF, 0xFFDF,
  0xFFFF, 0xFFFF, 0xFFFF, 0xFFFF, 0xFFFF, 0xFFFF, 0xFFFF, 0xFFFF, 0xFFFF, 0xFFFF, 0xFFFF, 0xFFFF, 0xFFFF, 0xFFFF, 0xFFFF, 0xFFFF,
  0xEF5D, 0x4A49, 0x18A2, 0x20E4, 0x18C3, 0x39A6, 0x62EC, 0x7BCF, 0x73AE, 0x528A, 0x2945, 0x18A3, 0x20E4, 0x18A3, 0x39A7, 0xDEDB,
  0xFFFF, 0xFFFF, 0xFFFF, 0xFFFF, 0xFFFF, 0xFFFF, 0xFFFF, 0xFFFF, 0xFFFF, 0xFFFF, 0xFFFF, 0xFFFF, 0xFFFF, 0xFFFF, 0xFFFF, 0xFFFF,
  0xFFFF, 0xFFFF, 0xF79E, 0x526A, 0x18C3, 0x2925, 0x3165, 0xAD12, 0xFFBC, 0xFF9B, 0xFFBC, 0xFFBC, 0xFFBC, 0xFFBC, 0xFFBC, 0xFFBC,
  0xFFBC, 0xFFBC, 0xFFBC, 0xFFBC, 0xFFBC, 0xFFBC, 0xFFBC, 0xFFBC, 0xFFBC, 0xFFBC, 0xFFBC, 0xFFBC, 0xFFBC, 0xFFBC, 0xFFBC, 0xFFBC,
  0xFFBC, 0xFFBC, 0xFFBC, 0xFFBC, 0xFFBC, 0xFFBC, 0xFFBC, 0xFF9B, 0xFF9B, 0xF73A, 0x4A49, 0x2104, 0x2904, 0x7965, 0xD226, 0xD205,
  0xC9E5, 0xD205, 0xD205, 0xD205, 0xD205, 0xD225, 0xD225, 0xD225, 0xD205, 0xD1E5, 0xD205, 0xDA25, 0xB205, 0x5124, 0x2104, 0x2925,
  0x738D, 0xFFBC, 0xFF7B, 0xFFBC, 0xD657, 0x3186, 0x2924, 0x18C3, 0x4A49, 0xEF5D, 0xFFFF, 0xFFDF, 0xFFFF, 0xFFFF, 0xFFFF, 0xFFFF,
  0xFFFF, 0xFFFF, 0xFFFF, 0xFFFF, 0xFFFF, 0xFFFF, 0xFFFF, 0xFFFF, 0xFFFF, 0xFFFF, 0xFFFF, 0xFFFF, 0xF79E, 0x73AE, 0x20E3, 0x18A3,
  0x18C3, 0x18A2, 0x18A2, 0x18A3, 0x18A3, 0x20C3, 0x18C3, 0x20C3, 0x6B2C, 0xE73C, 0xFFFF, 0xFFFF, 0xFFFF, 0xFFFF, 0xFFFF, 0xFFFF,
  0xFFFF, 0xFFFF, 0xFFFF, 0xFFFF, 0xFFFF, 0xFFFF, 0xFFFF, 0xFFFF, 0xFFFF, 0xFFFF, 0xFFDF, 0xFFFF, 0xEF7D, 0x528A, 0x18A3, 0x2925,
  0x2904, 0x83CE, 0xFFBC, 0xFF9B, 0xFF9B, 0xFFBC, 0xFFBC, 0xFFBC, 0xFFBC, 0xFFBC, 0xFFBC, 0xFFBC, 0xFFBC, 0xFFBC, 0xFFBC, 0xFFBC,
  0xFFBC, 0xFFBC, 0xFFBC, 0xFFBC, 0xFFBC, 0xFFBC, 0xFFBC, 0xFFBC, 0xFFBC, 0xFFBC, 0xFFBC, 0xFFBC, 0xFFBC, 0xFFBC, 0xFFBC, 0xFFBC,
  0xFFBC, 0xFFBC, 0xFFBC, 0xFF9B, 0xFFBC, 0xE6D8, 0x39C7, 0x2924, 0x28E4, 0x6944, 0xC206, 0xDA25, 0xDA25, 0xD225, 0xD205, 0xD205,
  0xD205, 0xD205, 0xD225, 0xDA25, 0xDA25, 0xCA06, 0x8985, 0x38E4, 0x2104, 0x2904, 0x83EE, 0xFFBC, 0xFFBC, 0xFF9B, 0xFF9B, 0xFFBC,
  0xCE36, 0x2945, 0x2924, 0x20C3, 0x41E7, 0xDEDB, 0xFFFF, 0xFFDF, 0xFFFF, 0xFFFF, 0xFFFF, 0xFFFF, 0xFFFF, 0xFFFF, 0xFFFF, 0xFFFF,
  0xFFFF, 0xFFFF, 0xFFFF, 0xFFFF, 0xFFFF, 0xFFFF, 0xFFFF, 0xFFFF, 0xFFFF, 0xCE59, 0x736D, 0x41E7, 0x2945, 0x2924, 0x2104, 0x2945,
  0x4208, 0x736D, 0xC618, 0xFFFF, 0xFFFF, 0xFFFF, 0xFFFF, 0xFFFF, 0xFFFF, 0xFFFF, 0xFFFF, 0xFFFF, 0xFFFF, 0xFFFF, 0xFFFF, 0xFFFF,
  0xFFFF, 0xFFFF, 0xFFFF, 0xFFFF, 0xFFDF, 0xFFFF, 0xE73C, 0x4A29, 0x18A3, 0x2925, 0x2925, 0x738D, 0xFFBC, 0xFF9B, 0xFF9B, 0xFFBC,
  0xFFBC, 0xFFBC, 0xFFBC, 0xFFBC, 0xFFBC, 0xFFBC, 0xFFBC, 0xFFBC, 0xFFBC, 0xFFBC, 0xFFBC, 0xFFBC, 0xFFBC, 0xFFBC, 0xFFBC, 0xFFBC,
  0xFFBC, 0xFFBC, 0xFFBC, 0xFFBC, 0xFFBC, 0xFFBC, 0xFFBC, 0xFFBC, 0xFFBC, 0xFFBC, 0xFFBC, 0xFFBC, 0xFFBC, 0xFFBC, 0xFFBC, 0xFF9B,
  0xFFBC, 0xDE78, 0x4207, 0x2924, 0x20E4, 0x4104, 0x8185, 0xB1E5, 0xCA26, 0xD225, 0xD205, 0xD205, 0xD205, 0xCA26, 0xBA05, 0x91A5,
  0x5124, 0x20E3, 0x20E4, 0x3165, 0x9CB1, 0xFFBC, 0xFFBC, 0xFFBC, 0xFFBC, 0xFFBC, 0xFF9B, 0xFFBC, 0xB594, 0x3186, 0x2924, 0x20E3,
  0x3165, 0xBDB6, 0xFFFF, 0xFFFF, 0xFFFF, 0xFFFF, 0xFFFF, 0xFFFF, 0xFFFF, 0xFFFF, 0xFFFF, 0xFFFF, 0xFFFF, 0xFFFF, 0xFFFF, 0xFFFF,
  0xFFFF, 0xFFFF, 0xFFFF, 0xFFFF, 0xFFFF, 0xFFFF, 0xF7BE, 0xE71C, 0xD679, 0xCE79, 0xE71C, 0xFFDF, 0xFFFF, 0xFFFF, 0xFFFF, 0xFFFF,
  0xFFFF, 0xFFFF, 0xFFFF, 0xFFFF, 0xFFFF, 0xFFFF, 0xFFFF, 0xFFFF, 0xFFFF, 0xFFFF, 0xFFFF, 0xFFFF, 0xFFFF, 0xFFFF, 0xFFDF, 0xFFFF,
  0xD6BA, 0x39C7, 0x18C3, 0x2945, 0x2104, 0x5289, 0xFF7B, 0xFF9B, 0xFF9B, 0xFFBC, 0xFFBC, 0xFFBC, 0xFFBC, 0xFFBC, 0xFFBC, 0xFFBC,
  0xFFBC, 0xFFBC, 0xFFBC, 0xFFBC, 0xFFBC, 0xFFBC, 0xFFBC, 0xFFBC, 0xFFBC, 0xFFBC, 0xFFBC, 0xFFBC, 0xFFBC, 0xFFBC, 0xFFBC, 0xFFBC,
  0xFFBC, 0xFFBC, 0xFFBC, 0xFFBC, 0xFFBC, 0xFFBC, 0xFFBC, 0xFFBC, 0xFFBC, 0xFFBC, 0xFFBC, 0xFF9B, 0xFFBC, 0xEF1A, 0x6B2C, 0x2945,
  0x20E3, 0x20E3, 0x3104, 0x4924, 0x5944, 0x6144, 0x5924, 0x5124, 0x4924, 0x3904, 0x20E3, 0x20E4, 0x2945, 0x5AAA, 0xCE37, 0xFFBC,
  0xFF9B, 0xFFBC, 0xFFBC, 0xFFBC, 0xFFBC, 0xFFBC, 0xFF9B, 0xFFBC, 0xCE37, 0x39A6, 0x2904, 0x2104, 0x18C3, 0x83EF, 0xF7BE, 0xFFFF,
  0xFFDF, 0xFFFF, 0xFFFF, 0xFFFF, 0xFFFF, 0xFFFF, 0xFFFF, 0xFFFF, 0xFFFF, 0xFFFF, 0xFFFF, 0xFFFF, 0xFFFF, 0xFFFF, 0xFFFF, 0xFFFF,
  0xFFFF, 0xFFFF, 0xFFFF, 0xFFFF, 0xFFFF, 0xFFFF, 0xFFFF, 0xFFFF, 0xFFFF, 0xFFFF, 0xFFFF, 0xFFFF, 0xFFFF, 0xFFFF, 0xFFFF, 0xFFFF,
  0xFFFF, 0xFFFF, 0xFFFF, 0xFFFF, 0xFFFF, 0xFFFF, 0xFFFF, 0xFFFF, 0xFFFF, 0xFFFF, 0xBDF7, 0x3165, 0x20E3, 0x2924, 0x2924, 0x2925,
  0x83CE, 0xFFBC, 0xFF9B, 0xFFBC, 0xFFBC, 0xFFBC, 0xFFBC, 0xFFBC, 0xFFBC, 0xFFBC, 0xFFBC, 0xFFBC, 0xFFBC, 0xFFBC, 0xFFBC, 0xFFBC,
  0xFFBC, 0xFFBC, 0xFFBC, 0xFFBC, 0xFFBC, 0xFFBC, 0xFFBC, 0xFFBC, 0xFFBC, 0xFFBC, 0xFFBC, 0xFFBC, 0xFFBC, 0xFFBC, 0xFFBC, 0xFFBC,
  0xFFBC, 0xFFBC, 0xFFBC, 0xFFBC, 0xFFBC, 0xFFBC, 0xFFBC, 0xFF9B, 0xFFBC, 0xFFBC, 0xB574, 0x5ACA, 0x3165, 0x2925, 0x2924, 0x18E3,
  0x20E4, 0x18E4, 0x20E4, 0x2104, 0x2945, 0x3165, 0x6B4C, 0xC5D5, 0xFFBC, 0xFFBC, 0xFF9B, 0xFFBC, 0xFFBC, 0xFFBC, 0xFFBC, 0xFFBC,
  0xFFBC, 0xFFBC, 0xFF9B, 0xFFBC, 0xDE98, 0x5269, 0x2924, 0x2925, 0x18A2, 0x4A28, 0xCE79, 0xFFFF, 0xFFFF, 0xFFFF, 0xFFFF, 0xFFFF,
  0xFFFF, 0xFFFF, 0xFFFF, 0xFFFF, 0xFFFF, 0xFFFF, 0xFFFF, 0xFFFF, 0xFFFF, 0xFFFF, 0xFFFF, 0xFFFF, 0xFFFF, 0xFFFF, 0xFFFF, 0xFFFF,
  0xFFFF, 0xFFFF, 0xFFFF, 0xFFFF, 0xFFFF, 0xFFFF, 0xFFFF, 0xFFFF, 0xFFFF, 0xFFFF, 0xFFFF, 0xFFFF, 0xFFFF, 0xFFFF, 0xFFFF, 0xFFFF,
  0xFFFF, 0xFFFF, 0xFFFF, 0xFFDF, 0x8C51, 0x20E3, 0x2104, 0x20E3, 0x2924, 0x2925, 0x2904, 0x6B4C, 0xFFBC, 0xFF9B, 0xFFBC, 0xFFBC,
  0xFFBC, 0xFFBC, 0xFFBC, 0xFFBC, 0xFFBC, 0xFFBC, 0xFFBC, 0xFFBC, 0xFFBC, 0xFFBC, 0xFFBC, 0xFFBC, 0xFFBC, 0xFFBC, 0xFFBC, 0xFFBC,
  0xFFBC, 0xFFBC, 0xFFBC, 0xFFBC, 0xFFBC, 0xFFBC, 0xFFBC, 0xFFBC, 0xFFBC, 0xFFBC, 0xFFBC, 0xFFBC, 0xFFBC, 0xFFBC, 0xFFBC, 0xFFBC,
  0xFFBC, 0xFFBC, 0xFFBC, 0xFF9B, 0xFFBC, 0xFFBC, 0xFFBC, 0xE6D9, 0xB553, 0x9470, 0x6B2C, 0x62EB, 0x630B, 0x6B2C, 0x8C2F, 0xAD13,
  0xE6F9, 0xFFBC, 0xFFBC, 0xFFBC, 0xFF9B, 0xFFBC, 0xFFBC, 0xFFBC, 0xFFBC, 0xFFBC, 0xFFBC, 0xFFBC, 0xFFBC, 0xFFBC, 0xFF9B, 0xFFBC,
  0xE6D9, 0x3165, 0x2924, 0x2945, 0x20E3, 0x2104, 0x8C31, 0xF79E, 0xFFFF, 0xFFFF, 0xFFDF, 0xFFFF, 0xFFFF, 0xFFFF, 0xFFFF, 0xFFFF,
  0xFFFF, 0xFFFF, 0xFFFF, 0xFFFF, 0xFFFF, 0xFFFF, 0xFFFF, 0xFFFF, 0xFFFF, 0xFFFF, 0xFFFF, 0xFFFF, 0xFFFF, 0xFFFF, 0xFFFF, 0xFFFF,
  0xFFFF, 0xFFFF, 0xFFFF, 0xFFFF, 0xFFFF, 0xFFFF, 0xFFFF, 0xFFFF, 0xFFFF, 0xFFFF, 0xFFDF, 0xFFFF, 0xFFFF, 0xCE59, 0x5269, 0x18C3,
  0x2925, 0x18A2, 0x5AAA, 0xD6BA, 0x5269, 0x18A3, 0x4A28, 0xFFBC, 0xFFBC, 0xFFBC, 0xFFBC, 0xFFBC, 0xFFBC, 0xFFBC, 0xFFBC, 0xFFBC,
  0xFFBC, 0xFFBC, 0xFFBC, 0xFFBC, 0xFFBC, 0xFFBC, 0xFFBC, 0xFFBC, 0xFFBC, 0xFFBC, 0xFFBC, 0xFFBC, 0xFFBC, 0xFFBC, 0xFFBC, 0xFFBC,
  0xFFBC, 0xFFBC, 0xFFBC, 0xFFBC, 0xFFBC, 0xFFBC, 0xFFBC, 0xFFBC, 0xFFBC, 0xFFBC, 0xFFBC, 0xFFBC, 0xFFBC, 0xFFBC, 0xFFBC, 0xFFBC,
  0xFF9B, 0xFFBC, 0xFFBC, 0xFFBC, 0xFFBC, 0xFFBC, 0xFFBC, 0xFFBC, 0xFFBC, 0xFFBC, 0xFFBC, 0xFFBC, 0xFF9B, 0xFF9B, 0xFF9B, 0xFFBC,
  0xFFBC, 0xFFBC, 0xFFBC, 0xFFBC, 0xFFBC, 0xFFBC, 0xFFBC, 0xFFBC, 0xFFBC, 0xFF9B, 0xFF9B, 0xDE98, 0x3186, 0x2924, 0x20E3, 0x18C3,
  0x2924, 0x18A2, 0x41E7, 0xA534, 0xFFDF, 0xFFFF, 0xFFFF, 0xFFFF, 0xFFFF, 0xFFFF, 0xFFFF, 0xFFFF, 0xFFFF, 0xFFFF, 0xFFFF, 0xFFFF,
  0xFFFF, 0xFFFF, 0xFFFF, 0xFFFF, 0xFFFF, 0xFFFF, 0xFFFF, 0xFFFF, 0xFFFF, 0xFFFF, 0xFFFF, 0xFFFF, 0xFFFF, 0xFFFF, 0xFFFF, 0xFFFF,
  0xFFFF, 0xFFFF, 0xFFDF, 0xFFFF, 0xFFFF, 0xFFFF, 0xDEFB, 0x73AE, 0x20E3, 0x20E3, 0x2104, 0x18C3, 0x83EF, 0xFFDF, 0xFFFF, 0x7BCF,
  0x18A2, 0x3165, 0xCE36, 0xFF9B, 0xFF9B, 0xFFBC, 0xFFBC, 0xFFBC, 0xFFBC, 0xFFBC, 0xFFBC, 0xFFBC, 0xFFBC, 0xFFBC, 0xFFBC, 0xFFBC,
  0xFFBC, 0xFFBC, 0xFFBC, 0xFFBC, 0xFFBC, 0xFFBC, 0xFFBC, 0xFFBC, 0xFFBC, 0xFFBC, 0xFFBC, 0xFFBC, 0xFFBC, 0xFFBC, 0xFFBC, 0xFFBC,
  0xFFBC, 0xFFBC, 0xFFBC, 0xFFBC, 0xFFBC, 0xFFBC, 0xFFBC, 0xFFBC, 0xFFBC, 0xFFBC, 0xFFBC, 0xFFBC, 0xFF9B, 0xFF9B, 0xFF9B, 0xFF9B,
  0xFFBC, 0xFFBC, 0xFFBC, 0xFFBC, 0xFF9B, 0xFF9B, 0xFF9B, 0xFFBC, 0xFFBC, 0xFFBC, 0xFFBC, 0xFFBC, 0xFFBC, 0xFFBC, 0xFFBC, 0xFFBC,
  0xFFBC, 0xFFBC, 0xFFBC, 0xFFBC, 0xFF9B, 0xFFBC, 0xC5D5, 0x3186, 0x20C3, 0x5AAA, 0x6B4D, 0x18A3, 0x20E4, 0x2104, 0x18C3, 0x4A28,
  0x9CD3, 0xE73C, 0xFFFF, 0xFFFF, 0xFFFF, 0xFFDF, 0xFFFF, 0xFFFF, 0xFFFF, 0xFFFF, 0xFFFF, 0xFFFF, 0xFFFF, 0xFFFF, 0xFFFF, 0xFFFF,
  0xFFFF, 0xFFFF, 0xFFFF, 0xFFFF, 0xFFFF, 0xFFFF, 0xFFFF, 0xFFFF, 0xFFFF, 0xFFFF, 0xFFFF, 0xFFFF, 0xFFFF, 0xFFFF, 0xFFFF, 0xDEDB,
  0x8410, 0x3145, 0x18C3, 0x2904, 0x18A2, 0x31A6, 0xB596, 0xFFFF, 0xFFFF, 0xFFFF, 0xAD55, 0x18C3, 0x2945, 0x8C50, 0xFFBC, 0xFF9B,
  0xFFBC, 0xFFBC, 0xFFBC, 0xFFBC, 0xFFBC, 0xFFBC, 0xFFBC, 0xFFBC, 0xFFBC, 0xFFBC, 0xFFBC, 0xFFBC, 0xFFBC, 0xFFBC, 0xFFBC, 0xFFBC,
  0xFFBC, 0xFFBC, 0xFFBC, 0xFFBC, 0xFFBC, 0xFFBC, 0xFFBC, 0xFFBC, 0xFFBC, 0xFFBC, 0xFFBC, 0xFFBC, 0xFFBC, 0xFFBC, 0xFFBC, 0xFFBC,
  0xFFBC, 0xFFBC, 0xFFBC, 0xFFBC, 0xFFBC, 0xFFBC, 0xFFBC, 0xFFBC, 0xFFBC, 0xFFBC, 0xFFBC, 0xFFBC, 0xFFBC, 0xFFBC, 0xFFBC, 0xFFBC,
  0xFFBC, 0xFFBC, 0xFFBC, 0xFFBC, 0xFFBC, 0xFFBC, 0xFFBC, 0xFFBC, 0xFFBC, 0xFFBC, 0xFFBC, 0xFFBC, 0xFFBC, 0xFFBC, 0xFFBC, 0xFF9B,
  0xFFBC, 0x9C91, 0x2945, 0x18A2, 0xA513, 0xFFFF, 0xB5B6, 0x5269, 0x20C3, 0x20E3, 0x20E4, 0x18A3, 0x3165, 0x73AE, 0xC638, 0xFFDF,
  0xFFFF, 0xFFFF, 0xFFFF, 0xFFFF, 0xFFDF, 0xFFDF, 0xFFFF, 0xFFFF, 0xFFFF, 0xFFFF, 0xFFFF, 0xFFFF, 0xFFFF, 0xFFFF, 0xFFFF, 0xFFFF,
  0xFFFF, 0xFFDF, 0xFFFF, 0xFFFF, 0xFFFF, 0xFFFF, 0xFFFF, 0xF7BE, 0xBDD7, 0x6B4D, 0x2925, 0x18C3, 0x2104, 0x18C3, 0x2924, 0x7BEF,
  0xEF5D, 0xFFFF, 0xFFFF, 0xFFFF, 0xFFFF, 0xEF7D, 0x39A7, 0x20E4, 0x4207, 0xF77B, 0xFF9B, 0xFF9B, 0xFFBC, 0xFFBC, 0xFFBC, 0xFFBC,
  0xFFBC, 0xFFBC, 0xFFBC, 0xFFBC, 0xFFBC, 0xFFBC, 0xFFBC, 0xFFBC, 0xFFBC, 0xFFBC, 0xFFBC, 0xFFBC, 0xFFBC, 0xFFBC, 0xFFBC, 0xFFBC,
  0xFFBC, 0xFFBC, 0xFFBC, 0xFFBC, 0xFFBC, 0xFFBC, 0xFFBC, 0xFFBC, 0xFFBC, 0xFFBC, 0xFFBC, 0xFFBC, 0xFFBC, 0xFFBC, 0xFFBC, 0xFFBC,
  0xFFBC, 0xFFBC, 0xFFBC, 0xFFBC, 0xFFBC, 0xFFBC, 0xFFBC, 0xFFBC, 0xFFBC, 0xFFBC, 0xFFBC, 0xFFBC, 0xFFBC, 0xFFBC, 0xFFBC, 0xFFBC,
  0xFFBC, 0xFFBC, 0xFFBC, 0xFFBC, 0xFFBC, 0xFFBC, 0xFFBC, 0xFFBC, 0xFFBC, 0xFFBC, 0xFF9B, 0xFFBC, 0x7B8D, 0x2925, 0x20E3, 0xBDD7,
  0xFFFF, 0xFFFF, 0xFFFF, 0xAD75, 0x4A49, 0x20C3, 0x18C3, 0x20E4, 0x18C3, 0x20E4, 0x4208, 0x7BCF, 0xBDD7, 0xE73C, 0xFFFF, 0xFFFF,
  0xFFFF, 0xFFFF, 0xFFFF, 0xFFFF, 0xFFFF, 0xFFFF, 0xFFFF, 0xFFFF, 0xFFFF, 0xFFFF, 0xFFFF, 0xFFFF, 0xFFFF, 0xFFFF, 0xFFFF, 0xEF7D,
  0xBDD7, 0x7BCF, 0x41E8, 0x20C3, 0x18C3, 0x2104, 0x18C3, 0x2904, 0x73AE, 0xDEDB, 0xFFFF, 0xFFFF, 0xFFDF, 0xFFFF, 0xFFFF, 0xFFFF,
  0xFFFF, 0x8C51, 0x18A2, 0x2945, 0xA4D2, 0xFFBC, 0xFF9B, 0xFFBC, 0xFFBC, 0xFFBC, 0xFFBC, 0xFFBC, 0xFFBC, 0xFFBC, 0xFFBC, 0xFFBC,
  0xFFBC, 0xFFBC, 0xFFBC, 0xFFBC, 0xFFBC, 0xFFBC, 0xFFBC, 0xFFBC, 0xFFBC, 0xFFBC, 0xFFBC, 0xFFBC, 0xFFBC, 0xFFBC, 0xFFBC, 0xFFBC,
  0xFFBC, 0xFFBC, 0xFFBC, 0xFFBC, 0xFFBC, 0xFFBC, 0xFFBC, 0xFFBC, 0xFFBC, 0xFFBC, 0xFFBC, 0xFFBC, 0xFFBC, 0xFFBC, 0xFFBC, 0xFFBC,
  0xFFBC, 0xFFBC, 0xFFBC, 0xFFBC, 0xFFBC, 0xFFBC, 0xFFBC, 0xFFBC, 0xFFBC, 0xFFBC, 0xFFBC, 0xFFBC, 0xFFBC, 0xFFBC, 0xFFBC, 0xFFBC,
  0xFFBC, 0xFFBC, 0xFFBC, 0xFFBC, 0xFFBC, 0xFF9B, 0xFF9B, 0x5249, 0x2104, 0x3186, 0xE73C, 0xFFFF, 0xFFDF, 0xFFFF, 0xFFFF, 0xFFFF,
  0xBDD7, 0x630C, 0x2945, 0x18C3, 0x20E3, 0x20E4, 0x18C3, 0x20C3, 0x3165, 0x4A49, 0x736D, 0x94B2, 0xB596, 0xCE79, 0xDEDB, 0xE73C,
  0xF79E, 0xFFDF, 0xF7BE, 0xEF7D, 0xE71C, 0xD69A, 0xC618, 0xA4F4, 0x7BCF, 0x52AA, 0x39A7, 0x20E4, 0x18C3, 0x20E4, 0x20E3, 0x18A3,
  0x2945, 0x738E, 0xD69A, 0xFFFF, 0xFFFF, 0xFFFF, 0xFFFF, 0xFFFF, 0xFFFF, 0xFFFF, 0xFFFF, 0xFFFF, 0xEF5D, 0x3186, 0x20E4, 0x39A6,
  0xE6F9, 0xFFBC, 0xFF9B, 0xFFBC, 0xFFBC, 0xFFBC, 0xFFBC, 0xFFBC, 0xFFBC, 0xFFBC, 0xFFBC, 0xFFBC, 0xFFBC, 0xFFBC, 0xFFBC, 0xFFBC,
  0xFFBC, 0xFFBC, 0xFFBC, 0xFFBC, 0xFFBC, 0xFFBC, 0xFFBC, 0xFFBC, 0xFFBC, 0xFFBC, 0xFFBC, 0xFFBC, 0xFFBC, 0xFFBC, 0xFFBC, 0xFFBC,
  0xFFBC, 0xFFBC, 0xFFBC, 0xFFBC, 0xFFBC, 0xFFBC, 0xFFBC, 0xFFBC, 0xFFBC, 0xFFBC, 0xFFBC, 0xFFBC, 0xFFBC, 0xFFBC, 0xFFBC, 0xFFBC,
  0xFFBC, 0xFFBC, 0xFFBC, 0xFFBC, 0xFFBC, 0xFFBC, 0xFFBC, 0xFFBC, 0xFFBC, 0xFFBC, 0xFFBC, 0xFFBC, 0xFFBC, 0xFFBC, 0xFFBC, 0xFF9B,
  0xFFBC, 0xEEF9, 0x2945, 0x18C3, 0x5AAB, 0xFFFF, 0xFFFF, 0xFFFF, 0xFFFF, 0xFFDF, 0xFFFF, 0xFFFF, 0xFFFF, 0xDEFB, 0x9492, 0x4A49,
  0x2104, 0x18C3, 0x20C3, 0x20C3, 0x20C3, 0x18A3, 0x18C3, 0x20C3, 0x2104, 0x2945, 0x3166, 0x39A7, 0x41E8, 0x39C7, 0x39A6, 0x3165,
  0x2904, 0x20E3, 0x18C3, 0x18C3, 0x20C3, 0x20C3, 0x20C3, 0x18C3, 0x2904, 0x5AAA, 0x9CD3, 0xE71C, 0xFFFF, 0xFFFF, 0xFFFF, 0xFFFF,
  0xFFFF, 0xFFFF, 0xFFFF, 0xFFFF, 0xFFFF, 0xFFFF, 0xFFFF, 0xFFFF, 0xAD55, 0x18C3, 0x2924, 0x62EB, 0xFFBC, 0xFF9B, 0xFF9C, 0xFFBC,
  0xFFBC, 0xFFBC, 0xFFBC, 0xFFBC, 0xFFBC, 0xFFBC, 0xFFBC, 0xFFBC, 0xFFBC, 0xFFBC, 0xFFBC, 0xFFBC, 0xFFBC, 0xFFBC, 0xFFBC, 0xFFBC,
  0xFFBC, 0xFFBC, 0xFFBC, 0xFFBC, 0xFFBC, 0xFFBC, 0xFFBC, 0xFFBC, 0xFFBC, 0xFFBC, 0xFFBC, 0xFFBC, 0xFFBC, 0xFFBC, 0xFFBC, 0xFFBC,
  0xFFBC, 0xFFBC, 0xFFBC, 0xFFBC, 0xFFBC, 0xFFBC, 0xFFBC, 0xFFBC, 0xFFBC, 0xFFBC, 0xFFBC, 0xFFBC, 0xFFBC, 0xFFBC, 0xFFBC, 0xFFBC,
  0xFFBC, 0xFFBC, 0xFF9B, 0xFF9B, 0xFF9B, 0xFF9B, 0xFF9B, 0xFF9B, 0xFF9B, 0xFF9B, 0xFF9B, 0xFFBC, 0xC5F6, 0x3166, 0x18A2, 0x8410,
  0xFFFF, 0xFFDF, 0xFFFF, 0xFFFF, 0xFFFF, 0xFFFF, 0xFFFF, 0xFFFF, 0xFFFF, 0xFFFF, 0xFFDF, 0xCE79, 0x9472, 0x5AAB, 0x39A7, 0x2104,
  0x20C3, 0x18C3, 0x18C3, 0x20C3, 0x20E3, 0x20C3, 0x20C3, 0x18C3, 0x20C3, 0x20C3, 0x20C3, 0x20C3, 0x18C3, 0x18A3, 0x18C3, 0x2104,
  0x39C7, 0x630C, 0x9CB2, 0xD69A, 0xFFFF, 0xFFFF, 0xFFFF, 0xFFFF, 0xFFFF, 0xFFFF, 0xFFFF, 0xFFFF, 0xFFFF, 0xFFFF, 0xFFFF, 0xFFFF,
  0xFFFF, 0xFFFF, 0xFFFF, 0xFFFF, 0x5ACB, 0x18C3, 0x2924, 0x8C0F, 0xFFBC, 0xFF9B, 0xFF9B, 0xFFBC, 0xFF9B, 0xFF9B, 0xFF9B, 0xFF9B,
  0xFFBC, 0xFFBC, 0xFFBC, 0xFFBC, 0xFFBC, 0xFFBC, 0xFFBC, 0xFFBC, 0xFFBC, 0xFFBC, 0xFFBC, 0xFFBC, 0xFFBC, 0xFFBC, 0xFFBC, 0xFFBC,
  0xFFBC, 0xFFBC, 0xFFBC, 0xFFBC, 0xFFBC, 0xFFBC, 0xFFBC, 0xFFBC, 0xFFBC, 0xFFBC, 0xFFBC, 0xFFBC, 0xFFBC, 0xFFBC, 0xFFBC, 0xFFBC,
  0xFFBC, 0xFFBC, 0xFFBC, 0xFFBC, 0xFFBC, 0xFFBC, 0xFFBC, 0xFFBC, 0xFFBC, 0xFFBC, 0xFFBC, 0xFF9B, 0xFF9B, 0xFFBC, 0xFFBC, 0xFFBC,
  0xFFBC, 0xFFBC, 0xFFBC, 0xFFBC, 0xFFBC, 0xFF7B, 0xFF9B, 0x9470, 0x2925, 0x18C3, 0xA514, 0xFFFF, 0xFFDF, 0xFFFF, 0xFFFF, 0xFFFF,
  0xFFFF, 0xFFFF, 0xFFFF, 0xFFFF, 0xFFDF, 0xFFFF, 0xFFFF, 0xFFFF, 0xFFFF, 0xF79E, 0xD69A, 0xB596, 0x8C51, 0x736D, 0x5AAA, 0x4208,
  0x39C7, 0x3186, 0x3186, 0x3986, 0x39C7, 0x4208, 0x528A, 0x6B2D, 0x8410, 0xA534, 0xCE79, 0xF79E, 0xFFFF, 0xFFFF, 0xFFFF, 0xFFFF,
  0xFFFF, 0xFFFF, 0xFFFF, 0xFFFF, 0xFFFF, 0xFFFF, 0xFFFF, 0xFFFF, 0xFFFF, 0xFFFF, 0xFFFF, 0xFFFF, 0xFFFF, 0xFFFF, 0xFFFF, 0xDEDB,
  0x2925, 0x2104, 0x3145, 0x9450, 0xFFBC, 0xFFBC, 0xFF9B, 0xFFBC, 0xFFBC, 0xFFBC, 0xFFBC, 0xFF9B, 0xFF9B, 0xFF9B, 0xFF9B, 0xFF9B,
  0xFF9B, 0xFF9B, 0xFF9B, 0xFFBC, 0xFFBC, 0xFFBC, 0xFFBC, 0xFFBC, 0xFFBC, 0xFFBC, 0xFFBC, 0xFFBC, 0xFFBC, 0xFFBC, 0xFFBC, 0xFFBC,
  0xFFBC, 0xFFBC, 0xFFBC, 0xFFBC, 0xFFBC, 0xFFBC, 0xFFBC, 0xFFBC, 0xFFBC, 0xFFBC, 0xFFBC, 0xFFBC, 0xFFBC, 0xFFBC, 0xFFBC, 0xFFBC,
  0xFFBC, 0xFFBC, 0xFFBC, 0xFFBC, 0xFFBC, 0xFF9B, 0xFFBC, 0xFFBC, 0xDE98, 0xAD33, 0x8C30, 0x7B8D, 0x736D, 0x8C0F, 0xBD94, 0xEF1A,
  0xFFBC, 0xFFBC, 0x630B, 0x2924, 0x20E4, 0xCE59, 0xFFFF, 0xFFDF, 0xFFFF, 0xFFFF, 0xFFFF, 0xFFFF, 0xFFFF, 0xFFFF, 0xFFFF, 0xFFFF,
  0xFFFF, 0xFFFF, 0xFFDF, 0xFFFF, 0xFFFF, 0xFFFF, 0xFFFF, 0xFFFF, 0xFFFF, 0xFFFF, 0xFFDF, 0xF79E, 0xEF3D, 0xE73C, 0xEF5D, 0xF79E,
  0xFFDF, 0xFFFF, 0xFFFF, 0xFFFF, 0xFFFF, 0xFFFF, 0xFFFF, 0xFFFF, 0xFFDF, 0xFFFF, 0xFFFF, 0xFFFF, 0xFFFF, 0xFFFF, 0xFFFF, 0xFFFF,
  0xFFFF, 0xFFFF, 0xFFFF, 0xFFFF, 0xFFFF, 0xFFFF, 0xFFFF, 0xFFFF, 0xFFFF, 0xFFFF, 0xFFFF, 0xB5B6, 0x18C3, 0x2904, 0x3145, 0x7BAE,
  0xE6F9, 0xFFBC, 0xFF9B, 0xEF3A, 0xEF1A, 0xF75A, 0xFFBC, 0xFFBC, 0xFFBC, 0xFFBC, 0xFFBC, 0xFFBC, 0xFFBC, 0xFFBC, 0xFF9B, 0xFFBC,
  0xFFBC, 0xFFBC, 0xFFBC, 0xFFBC, 0xFFBC, 0xFFBC, 0xFFBC, 0xFFBC, 0xFFBC, 0xFFBC, 0xFFBC, 0xFFBC, 0xFFBC, 0xFFBC, 0xFFBC, 0xFFBC,
  0xFFBC, 0xFFBC, 0xFFBC, 0xFFBC, 0xFFBC, 0xFFBC, 0xFFBC, 0xFFBC, 0xFFBC, 0xFFBC, 0xFFBC, 0xFFBC, 0xFFBC, 0xFFBC, 0xFFBC, 0xFF9B,
  0xFFBC, 0xEF1A, 0x7BAD, 0x3166, 0x2945, 0x2924, 0x2924, 0x2904, 0x2904, 0x3145, 0x3165, 0x6B2C, 0x8C30, 0x3986, 0x20E4, 0x3986,
  0xEF7D, 0xFFFF, 0xFFFF, 0xFFFF, 0xFFFF, 0xFFFF, 0xFFFF, 0xFFFF, 0xFFFF, 0xFFFF, 0xFFFF, 0xFFFF, 0xFFFF, 0xFFFF, 0xFFFF, 0xFFFF,
  0xFFFF, 0xFFFF, 0xFFFF, 0xFFFF, 0xFFFF, 0xFFFF, 0xFFFF, 0xFFFF, 0xFFFF, 0xFFFF, 0xFFFF, 0xFFFF, 0xFFFF, 0xFFFF, 0xFFDF, 0xFFDF,
  0xFFFF, 0xFFFF, 0xFFFF, 0xFFFF, 0xFFFF, 0xFFFF, 0xFFFF, 0xFFFF, 0xFFFF, 0xFFFF, 0xFFFF, 0xFFFF, 0xFFFF, 0xFFFF, 0xFFFF, 0xFFFF,
  0xFFFF, 0xFFFF, 0xFFFF, 0xFFFF, 0xFFFF, 0xFFFF, 0xFFFF, 0xA534, 0x18C3, 0x2904, 0x2924, 0x3186, 0x62EB, 0x4A28, 0x3186, 0x3165,
  0x39A7, 0x62EB, 0x7BAD, 0x83CE, 0x734C, 0x736D, 0x8C30, 0xCDF6, 0xFF9C, 0xFFBC, 0xFF9B, 0xFFBC, 0xFFBC, 0xFFBC, 0xFFBC, 0xFFBC,
  0xFFBC, 0xFFBC, 0xFFBC, 0xFFBC, 0xFFBC, 0xFFBC, 0xFFBC, 0xFFBC, 0xFFBC, 0xFFBC, 0xFFBC, 0xFFBC, 0xFFBC, 0xFFBC, 0xFFBC, 0xFFBC,
  0xFFBC, 0xFFBC, 0xFFBC, 0xFFBC, 0xFFBC, 0xFFBC, 0xFFBC, 0xFFBC, 0xFFBC, 0xFF9B, 0xFFBC, 0xD657, 0x4208, 0x2104, 0x2904, 0x2924,
  0x2124, 0x2104, 0x2924, 0x2925, 0x2924, 0x2104, 0x2904, 0x2924, 0x2925, 0x18A2, 0x6B4D, 0xFFFF, 0xFFFF, 0xFFDF, 0xFFFF, 0xFFFF,
  0xFFFF, 0xFFFF, 0xFFFF, 0xFFFF, 0xFFFF, 0xFFFF, 0xFFFF, 0xFFFF, 0xFFFF, 0xFFFF, 0xFFFF, 0xFFFF, 0xFFFF, 0xFFFF, 0xFFFF, 0xFFFF,
  0xFFFF, 0xFFFF, 0xFFFF, 0xFFFF, 0xFFFF, 0xFFFF, 0xFFFF, 0xFFFF, 0xFFFF, 0xFFFF, 0xFFFF, 0xFFFF, 0xFFFF, 0xFFFF, 0xFFFF, 0xFFFF,
  0xFFFF, 0xFFFF, 0xFFFF, 0xFFFF, 0xFFFF, 0xFFFF, 0xFFFF, 0xFFFF, 0xFFFF, 0xFFFF, 0xFFFF, 0xFFFF, 0xFFFF, 0xFFFF, 0xFFFF, 0xFFFF,
  0xFFFF, 0xFFDF, 0xFFFF, 0xAD55, 0x2104, 0x2924, 0x2104, 0x2924, 0x2904, 0x2104, 0x2904, 0x2104, 0x2904, 0x2924, 0x2924, 0x2924,
  0x2924, 0x2924, 0x2945, 0x5249, 0xCDF6, 0xFFBC, 0xFF9B, 0xFF9B, 0xFFBC, 0xFFBC, 0xFFBC, 0xFFBC, 0xFFBC, 0xFFBC, 0xFFBC, 0xFFBC,
  0xFFBC, 0xFFBC, 0xFFBC, 0xFFBC, 0xFFBC, 0xFFBC, 0xFFBC, 0xFFBC, 0xFFBC, 0xFFBC, 0xFFBC, 0xFFBC, 0xFFBC, 0xFFBC, 0xFFBC, 0xFFBC,
  0xFFBC, 0xFFBC, 0xFFBC, 0xFF9B, 0xFF9B, 0xEF1A, 0x39C7, 0x2104, 0x2924, 0x20E4, 0x30E3, 0x4924, 0x5144, 0x30E4, 0x20E4, 0x2924,
  0x2924, 0x2924, 0x2924, 0x2925, 0x18A3, 0x7BCF, 0xF79E, 0xFFDE, 0xFFFF, 0xFFFF, 0xFFFF, 0xFFFF, 0xFFFF, 0xFFFF, 0xFFFF, 0xFFFF,
  0xFFFF, 0xFFFF, 0xFFFF, 0xFFFF, 0xFFFF, 0xFFFF, 0xFFFF, 0xFFFF, 0xFFFF, 0xFFFF, 0xFFFF, 0xFFFF, 0xFFFF, 0xFFFF, 0xFFFF, 0xFFFF,
  0xFFFF, 0xFFFF, 0xFFFF, 0xFFFF, 0xFFFF, 0xFFFF, 0xFFFF, 0xFFFF, 0xFFFF, 0xFFFF, 0xFFFF, 0xFFFF, 0xFFFF, 0xFFFF, 0xFFFF, 0xFFFF,
  0xFFFF, 0xFFFF, 0xFFFF, 0xFFFF, 0xFFFF, 0xFFFF, 0xFFFF, 0xFFFF, 0xFFFF, 0xFFFF, 0xFFFF, 0xFFFF, 0xFFFF, 0xFFDF, 0xFFFF, 0xAD75,
  0x18C3, 0x2945, 0x2924, 0x2924, 0x2924, 0x2924, 0x2924, 0x2924, 0x2924, 0x2924, 0x2924, 0x2924, 0x2104, 0x2924, 0x20E4, 0x3986,
  0xAD13, 0xFFBC, 0xFF9B, 0xFFBC, 0xFFBC, 0xFFBC, 0xFFBC, 0xFFBC, 0xFFBC, 0xFFBC, 0xFFBC, 0xFFBC, 0xFFBC, 0xFFBC, 0xFFBC, 0xFFBC,
  0xFFBC, 0xFFBC, 0xFFBC, 0xFFBC, 0xFFBC, 0xFFBC, 0xFFBC, 0xFFBC, 0xFFBC, 0xFFBC, 0xFFBC, 0xFFBC, 0xFFBC, 0xFFBC, 0xFF9B, 0xFFBC,
  0x734C, 0x2904, 0x2945, 0x3104, 0x81A5, 0xBA26, 0xCA26, 0xD246, 0xC246, 0x6165, 0x2904, 0x2924, 0x2924, 0x2924, 0x2924, 0x2924,
  0x2924, 0x39A6, 0x4A28, 0x9492, 0xF7BE, 0xFFFF, 0xFFFF, 0xFFFF, 0xFFFF, 0xFFFF, 0xFFFF, 0xFFFF, 0xFFFF, 0xFFFF, 0xFFFF, 0xFFFF,
  0xFFFF, 0xFFFF, 0xFFFF, 0xFFFF, 0xFFFF, 0xFFFF, 0xFFFF, 0xFFFF, 0xFFFF, 0xFFFF, 0xFFFF, 0xFFFF, 0xFFFF, 0xFFFF, 0xFFFF, 0xFFFF,
  0xFFFF, 0xFFFF, 0xFFFF, 0xFFFF, 0xFFFF, 0xFFFF, 0xFFFF, 0xFFFF, 0xFFFF, 0xFFFF, 0xFFFF, 0xFFFF, 0xFFFF, 0xFFFF, 0xFFFF, 0xFFFF,
  0xFFFF, 0xFFFF, 0xFFFF, 0xFFFF, 0xFFFF, 0xFFFF, 0xFFFF, 0xFFDF, 0xFFFF, 0xFFFF, 0x73AE, 0x20C3, 0x2924, 0x2904, 0x2904, 0x2924,
  0x2904, 0x2904, 0x2904, 0x2904, 0x2904, 0x2104, 0x3904, 0x4924, 0x28E4, 0x2924, 0x2904, 0x3165, 0xE6D9, 0xFFBC, 0xFF9B, 0xFFBC,
  0xFFBC, 0xFFBC, 0xFFBC, 0xFFBC, 0xFFBC, 0xFFBC, 0xFFBC, 0xFFBC, 0xFFBC, 0xFFBC, 0xFFBC, 0xFFBC, 0xFFBC, 0xFFBC, 0xFFBC, 0xFFBC,
  0xFFBC, 0xFFBC, 0xFFBC, 0xFFBC, 0xFFBC, 0xFFBC, 0xFFBC, 0xFFBC, 0xFF9B, 0xFF9B, 0xDE98, 0x3166, 0x2924, 0x2124, 0x4944, 0x89C6,
  0x7164, 0x6144, 0x6944, 0x89C5, 0xB267, 0x5165, 0x2104, 0x2924, 0x2924, 0x2924, 0x2924, 0x2924, 0x20E4, 0x20C3, 0x1082, 0x4A28,
  0xDEFB, 0xFFFF, 0xF7BE, 0xE71C, 0xE71B, 0xEF7D, 0xFFFF, 0xFFFF, 0xFFFF, 0xFFFF, 0xFFFF, 0xFFFF, 0xFFFF, 0xFFFF, 0xFFFF, 0xFFFF,
  0xFFFF, 0xFFFF, 0xFFFF, 0xFFFF, 0xFFFF, 0xFFFF, 0xFFFF, 0xFFFF, 0xFFFF, 0xFFFF, 0xFFFF, 0xFFFF, 0xFFFF, 0xFFFF, 0xFFFF, 0xFFFF,
  0xFFFF, 0xFFFF, 0xFFFF, 0xFFFF, 0xFFFF, 0xFFFF, 0xFFFF, 0xFFFF, 0xFFFF, 0xFFFF, 0xFFFF, 0xFFFF, 0xFFFF, 0xFFFF, 0xFFFF, 0xFFFF,
  0xFFFF, 0xFFFF, 0xFFFF, 0xFFFF, 0x8430, 0x18A2, 0x2924, 0x2904, 0x2924, 0x2104, 0x2124, 0x2104, 0x81E6, 0x6985, 0x18E3, 0x2104,
  0x3904, 0xB206, 0xD226, 0x91A5, 0x28E4, 0x2924, 0x2925, 0x9450, 0xFFBC, 0xFF9B, 0xFFBC, 0xFFBC, 0xFFBC, 0xFFBC, 0xFFBC, 0xFFBC,
  0xFFBC, 0xFFBC, 0xFFBC, 0xFFBC, 0xFFBC, 0xFFBC, 0xFFBC, 0xFFBC, 0xFFBC, 0xFFBC, 0xFFBC, 0xFFBC, 0xFFBC, 0xFFBC, 0xFFBC, 0xFFBC,
  0xFFBC, 0xFF9B, 0xFF9B, 0xFF7B, 0xFFBC, 0xB574, 0x2945, 0x2924, 0x2924, 0x2104, 0x18C3, 0x10C3, 0x18E3, 0x18E4, 0x20E3, 0x3904,
  0x3124, 0x2104, 0x2924, 0x2104, 0x20E4, 0x28E4, 0x28E4, 0x20E4, 0x2924, 0x2945, 0x18C3, 0x39C7, 0x7BCF, 0x4208, 0x3165, 0x2945,
  0x3986, 0x630C, 0xC618, 0xFFFF, 0xFFFF, 0xFFFF, 0xFFFF, 0xFFFF, 0xFFFF, 0xFFFF, 0xFFFF, 0xFFDF, 0xFFFF, 0xFFFF, 0xFFFF, 0xFFFF,
  0xFFFF, 0xFFFF, 0xFFFF, 0xFFFF, 0xFFFF, 0xFFFF, 0xFFFF, 0xFFFF, 0xFFFF, 0xFFFF, 0xFFFF, 0xFFFF, 0xFFFF, 0xFFFF, 0xFFFF, 0xFFFF,
  0xFFFF, 0xFFFF, 0xFFFF, 0xFFFF, 0xFFFF, 0xFFFF, 0xFFFF, 0xFFFF, 0xFFFF, 0xFFFF, 0xFFFF, 0xFFFF, 0xCE79, 0x94B2, 0x5ACB, 0x18C3,
  0x2924, 0x2924, 0x2104, 0x20E3, 0x4124, 0x3904, 0x20E3, 0x4124, 0x4944, 0x3904, 0x2904, 0x30E4, 0xB1E5, 0xDA05, 0xD226, 0x5144,
  0x2104, 0x2924, 0x736C, 0xFFBC, 0xFF9B, 0xFFBC, 0xFFBC, 0xFFBC, 0xFFBC, 0xFFBC, 0xFFBC, 0xFFBC, 0xFFBC, 0xFFBC, 0xFFBC, 0xFFBC,
  0xFFBC, 0xFFBC, 0xFFBC, 0xFFBC, 0xFFBC, 0xFFBC, 0xFFBC, 0xFFBC, 0xFFBC, 0xFFBC, 0xFFBC, 0xFF9B, 0xFFBC, 0xFFBC, 0xFFBC, 0xFFBC,
  0x8C2F, 0x2924, 0x2924, 0x2104, 0x30E4, 0x5945, 0x6144, 0x5124, 0x28E3, 0x2104, 0x2124, 0x2104, 0x2924, 0x2104, 0x3904, 0x7985,
  0xA9E6, 0xA9E6, 0x8185, 0x3904, 0x2104, 0x2925, 0x20E4, 0x18A2, 0x20E3, 0x2904, 0x2904, 0x20E4, 0x18C3, 0x18C3, 0x7BAE, 0xFFDF,
  0xFFFF, 0xFFFF, 0xFFDF, 0xEF7D, 0xF7BE, 0xFFFF, 0xFFFF, 0xFFFF, 0xFFFF, 0xFFFF, 0xFFFF, 0xFFFF, 0xFFFF, 0xFFFF, 0xFFFF, 0xFFFF,
  0xFFFF, 0xFFFF, 0xFFFF, 0xFFFF, 0xFFFF, 0xFFFF, 0xFFFF, 0xFFFF, 0xFFFF, 0xFFDF, 0xFFFF, 0xFFFF, 0xFFFF, 0xFFFF, 0xFFFF, 0xFFFF,
  0xFFFF, 0xFFFF, 0xFFFF, 0xFFFF, 0xFFFF, 0xE71C, 0x630C, 0x20E4, 0x18A2, 0x20C3, 0x2924, 0x2924, 0x2104, 0x3904, 0x99E6, 0xCA46,
  0xBA26, 0x5924, 0x18E3, 0x28E3, 0xA207, 0x6165, 0x18C3, 0x99A5, 0xDA05, 0xD226, 0x5944, 0x2104, 0x2924, 0x738D, 0xFFBC, 0xFF9B,
  0xFFBC, 0xFFBC, 0xFFBC, 0xFFBC, 0xFFBC, 0xFFBC, 0xFFBC, 0xFFBC, 0xFFBC, 0xFFBC, 0xFFBC, 0xFFBC, 0xFFBC, 0xFFBC, 0xFFBC, 0xFFBC,
  0xFFBC, 0xFFBC, 0xFFBC, 0xFFBC, 0xFF9B, 0xFFBC, 0xFFBC, 0xDE98, 0xA4F2, 0x6B4C, 0x5269, 0x3165, 0x2924, 0x2104, 0x30E4, 0xA1E6,
  0xDA46, 0xD226, 0xCA26, 0xA1C5, 0x3904, 0x2104, 0x2924, 0x2104, 0x4904, 0xBA06, 0xDA26, 0xDA25, 0xDA25, 0xE246, 0xBA06, 0x4124,
  0x2104, 0x2924, 0x2925, 0x2104, 0x28E4, 0x20E4, 0x2104, 0x2124, 0x2924, 0x1082, 0x630C, 0xBDD7, 0x738E, 0x41E7, 0x39A6, 0x41E7,
  0x528A, 0x8C71, 0xDEFB, 0xFFFF, 0xFFFF, 0xEF5C, 0xBDD7, 0xB575, 0xB596, 0xCE59, 0xFFDF, 0xFFFF, 0xFFFF, 0xFFFF, 0xFFFF, 0xFFFF,
  0xEF5D, 0xE73C, 0xF79D, 0xFFFF, 0xFFFF, 0xFFFF, 0xFFFF, 0xFFFF, 0xDEFB, 0xAD34, 0x8430, 0x7BEF, 0x9CB2, 0xAD75, 0xE6FB, 0xC618,
  0x39A6, 0x18A2, 0x2924, 0x2945, 0x2924, 0x2924, 0x2924, 0x2104, 0x3904, 0xB206, 0xDA46, 0xDA25, 0xCA06, 0x4924, 0x20E4, 0x4124,
  0x3924, 0x28E3, 0xA9E6, 0xDA46, 0x91A5, 0x28E4, 0x2924, 0x2925, 0x9450, 0xFFBC, 0xFF9B, 0xFFBC, 0xFFBC, 0xFFBC, 0xFFBC, 0xFFBC,
  0xFFBC, 0xFFBC, 0xFFBC, 0xFFBC, 0xFFBC, 0xFFBC, 0xFFBC, 0xFFBC, 0xFFBC, 0xFFBC, 0xFFBC, 0xFFBC, 0xFFBC, 0xFFBC, 0xFF9B, 0xFF9B,
  0xFF9B, 0x8C50, 0x3986, 0x2924, 0x2924, 0x2124, 0x2924, 0x2924, 0x20E4, 0x89A5, 0xDA46, 0xD225, 0xD225, 0xD225, 0xDA25, 0x91C5,
  0x28E4, 0x2924, 0x3104, 0xB206, 0xDA45, 0xD205, 0xD205, 0xD225, 0xD225, 0xE245, 0x9A06, 0x20E4, 0x2924, 0x20E4, 0x6945, 0xA1C5,
  0x91A5, 0x81A5, 0x5124, 0x2904, 0x2924, 0x20C3, 0x18C3, 0x18A2, 0x20E3, 0x20E4, 0x20E4, 0x20C3, 0x1882, 0x3145, 0x8C51, 0x7BCF,
  0x3165, 0x20C3, 0x18A2, 0x18A2, 0x20E4, 0x41E8, 0x9CF3, 0xF7BE, 0xF7BE, 0xA514, 0x4A28, 0x3166, 0x2945, 0x39A7, 0x526A, 0x9472,
  0xEF5D, 0xF79E, 0x7BCF, 0x2924, 0x18A3, 0x18A2, 0x18A3, 0x18A2, 0x18A3, 0x2925, 0x2104, 0x20E4, 0x2924, 0x2104, 0x20E3, 0x3104,
  0x28E4, 0x20E4, 0x2904, 0x2104, 0x30E3, 0xA9E6, 0xD205, 0xDA25, 0x8185, 0x20E4, 0x2104, 0x2104, 0x3104, 0x6965, 0x6144, 0x28E4,
  0x2104, 0x2924, 0x3165, 0xCE36, 0xFFBC, 0xFF9B, 0xFFBC, 0xFFBC, 0xFFBC, 0xFFBC, 0xFFBC, 0xFFBC, 0xFFBC, 0xFFBC, 0xFFBC, 0xFFBC,
  0xFFBC, 0xFFBC, 0xFFBC, 0xFFBC, 0xFFBC, 0xFFBC, 0xFFBC, 0xFFBC, 0xFFBC, 0xFF9B, 0xFFBC, 0x7BCE, 0x2945, 0x2924, 0x2124, 0x2904,
  0x3104, 0x2904, 0x2104, 0x3104, 0xBA05, 0xD205, 0xD225, 0xD225, 0xD225, 0xD205, 0xBA06, 0x3904, 0x1904, 0x5944, 0xDA46, 0xD225,
  0xD225, 0xD205, 0xD225, 0xD225, 0xD246, 0x6965, 0x2104, 0x20E4, 0x6944, 0xD226, 0xDA25, 0xDA25, 0xDA46, 0xD226, 0x6144, 0x2104,
  0x2925, 0x2924, 0x2104, 0x2904, 0x3904, 0x3104, 0x2104, 0x2924, 0x2104, 0x18A2, 0x18A3, 0x2104, 0x2924, 0x2925, 0x2925, 0x2924,
  0x20E3, 0x18A3, 0x4208, 0x4208, 0x18C3, 0x20C3, 0x2904, 0x2904, 0x2104, 0x20C3, 0x1882, 0x39A6, 0x39C7, 0x18A3, 0x2904, 0x2945,
  0x2925, 0x2124, 0x2925, 0x2925, 0x2904, 0x2904, 0x2924, 0x2104, 0x5944, 0x99A5, 0xB1E5, 0xA1C5, 0x6144, 0x20E4, 0x2924, 0x20E4,
  0x5124, 0xCA06, 0xDA25, 0x89A5, 0x20E4, 0x2924, 0x20E4, 0x20E3, 0x20E4, 0x2104, 0x2924, 0x2924, 0x2904, 0x4A28, 0xFF9C, 0xFFBC,
  0xFF9B, 0xFFBC, 0xFFBC, 0xFFBC, 0xFFBC, 0xFFBC, 0xFFBC, 0xFFBC, 0xFFBC, 0xFFBC, 0xFFBC, 0xFFBC, 0xFFBC, 0xFFBC, 0xFFBC, 0xFFBC,
  0xFFBC, 0xFFBC, 0xFFBC, 0xFF9B, 0xFFBC, 0xA4F2, 0x2945, 0x2924, 0x28E4, 0x6965, 0xA9E6, 0xAA06, 0x3904, 0x2104, 0x3104, 0xBA06,
  0xD225, 0xCA05, 0xD225, 0xD225, 0xDA25, 0xA1E6, 0x28E4, 0x18E4, 0x6964, 0xD225, 0xD205, 0xD225, 0xD225, 0xD205, 0xDA25, 0x89A5,
  0x20E3, 0x20E4, 0x6144, 0xCA26, 0xD205, 0xD205, 0xD225, 0xD205, 0xDA05, 0xA1C5, 0x28E4, 0x2924, 0x20E4, 0x5924, 0xA9E6, 0xC206,
  0xB1E5, 0x91A5, 0x4104, 0x2104, 0x2925, 0x2924, 0x2904, 0x3904, 0x3104, 0x28E4, 0x20E4, 0x2924, 0x2925, 0x20E3, 0x20E3, 0x2924,
  0x2104, 0x20E4, 0x20E4, 0x20E4, 0x2124, 0x2945, 0x20E4, 0x20E4, 0x2925, 0x2104, 0x20E4, 0x3904, 0x4924, 0x30E4, 0x20E4, 0x2924,
  0x2924, 0x2104, 0x5144, 0xD246, 0xDA05, 0xD205, 0xDA25, 0xDA46, 0x7185, 0x20E4, 0x2104, 0x38E4, 0xC206, 0xD246, 0x5124, 0x2104,
  0x20E4, 0x6965, 0x6965, 0x20E4, 0x2924, 0x2904, 0x2924, 0x2924, 0x9CD2, 0xFFBC, 0xFF9B, 0xFFBC, 0xFFBC, 0xFFBC, 0xFFBC, 0xFFBC,
  0xFFBC, 0xFFBC, 0xFFBC, 0xFFBC, 0xFFBC, 0xFFBC, 0xFFBC, 0xFFBC, 0xFFBC, 0xFFBC, 0xFFBC, 0xFFBC, 0xFFBC, 0xFFBC, 0xFFBC, 0xFF7B,
  0x39C7, 0x2104, 0x2904, 0x81A5, 0xDA46, 0xDA25, 0xD226, 0x5924, 0x2104, 0x2104, 0x8185, 0xDA46, 0xDA25, 0xDA25, 0xE246, 0xBA06,
  0x4104, 0x2104, 0x20E4, 0x5124, 0xD226, 0xD205, 0xD225, 0xD225, 0xD205, 0xCA05, 0x4904, 0x1904, 0x4104, 0xC206, 0xDA25, 0xD205,
  0xD225, 0xD225, 0xD225, 0xDA25, 0xB1E6, 0x2904, 0x20E4, 0x6945, 0xD226, 0xDA25, 0xD225, 0xD205, 0xE225, 0xA9E6, 0x3104, 0x2104,
  0x4104, 0xA1E6, 0xC206, 0xB9E5, 0xB1E5, 0x7165, 0x20E3, 0x2904, 0x2924, 0x2924, 0x20E3, 0x4924, 0x89A5, 0x89A5, 0x8185, 0x4124,
  0x2104, 0x2924, 0x2924, 0x20E4, 0x4924, 0x99C5, 0xC226, 0xCA06, 0xB9E6, 0x6144, 0x20E3, 0x2924, 0x20E4, 0x7985, 0xDA46, 0xD205,
  0xDA05, 0xD205, 0xDA25, 0xBA06, 0x30E4, 0x2104, 0x28E3, 0xA206, 0x6965, 0x20E4, 0x2104, 0x6144, 0xD226, 0xCA06, 0x5124, 0x2104,
  0x2925, 0x2904, 0x39A6, 0xEF19, 0xFFBC, 0xFF9B, 0xFFBC, 0xFFBC, 0xFFBC, 0xFFBC, 0xFFBC, 0xFFBC, 0xFFBC, 0xFFBC, 0xFFBC, 0xFFBC,
  0xFFBC, 0xFFBC, 0xFFBC, 0xFFBC, 0xFFBC, 0xFFBC, 0xFFBC, 0xFFBC, 0xFF9B, 0xFFBC, 0xD678, 0x2945, 0x2104, 0x5124, 0xD246, 0xD225,
  0xD205, 0xDA25, 0xA1C5, 0x28E3, 0x2104, 0x28E3, 0x6944, 0xA1C5, 0xA1C5, 0x8185, 0x4104, 0x2104, 0x2904, 0x2904, 0x28E3, 0x99C5,
  0xDA26, 0xD205, 0xDA25, 0xDA25, 0xD226, 0x4924, 0x18E3, 0x7185, 0xDA25, 0xD205, 0xD225, 0xD225, 0xD225, 0xD205, 0xDA45, 0x99C5,
  0x20E4, 0x30E4, 0xB206, 0xDA25, 0xD205, 0xD225, 0xD205, 0xD205, 0xD226, 0x5144, 0x20E3, 0xA1E6, 0xE245, 0xD205, 0xD205, 0xDA25,
  0xDA26, 0x8185, 0x28E4, 0x2924, 0x28E3, 0x7965, 0xCA26, 0xDA25, 0xDA25, 0xDA46, 0xC226, 0x4924, 0x2104, 0x2104, 0x5944, 0xCA26,
  0xDA25, 0xDA25, 0xD225, 0xDA05, 0xD226, 0x6965, 0x2104, 0x20E4, 0x7165, 0xE246, 0xB1C5, 0x9184, 0xCA05, 0xD205, 0xC206, 0x3904,
  0x2104, 0x2904, 0x3104, 0x2104, 0x2924, 0x20E3, 0xA1E6, 0xDA05, 0xDA26, 0x6965, 0x2104, 0x2924, 0x3166, 0xB553, 0xFFBC, 0xFF9B,
  0xFFBC, 0xFFBC, 0xFFBC, 0xFFBC, 0xFFBC, 0xFFBC, 0xFFBC, 0xFFBC, 0xFFBC, 0xFFBC, 0xFFBC, 0xFFBC, 0xFFBC, 0xFFBC, 0xFFBC, 0xFFBC,
  0xFFBC, 0xFFBC, 0xFFBC, 0xFF9B, 0xFFBC, 0xB574, 0x3165, 0x20E4, 0x7985, 0xDA46, 0xD205, 0xD205, 0xD205, 0xDA25, 0x89A5, 0x28E4,
  0x2104, 0x20E4, 0x28E4, 0x28E4, 0x20E4, 0x2104, 0x2924, 0x2904, 0x2904, 0x2104, 0x30E4, 0x8185, 0xBA05, 0xCA25, 0xC226, 0x99C5,
  0x3904, 0x18E3, 0x6965, 0xD225, 0xD205, 0xD225, 0xD205, 0xD205, 0xD205, 0xDA25, 0x91C5, 0x20E3, 0x3904, 0xC226, 0xD205, 0xD205,
  0xD225, 0xD225, 0xDA25, 0xA9E6, 0x28E3, 0x3904, 0xC226, 0xD205, 0xD205, 0xD205, 0xD225, 0xD205, 0xCA06, 0x4124, 0x18E4, 0x7985,
  0xDA46, 0xD205, 0xD1E5, 0xD205, 0xD225, 0xDA25, 0xA1C5, 0x20E3, 0x2904, 0xA9E6, 0xDA05, 0xC9E5, 0xD205, 0xD225, 0xD205, 0xDA05,
  0xB206, 0x3104, 0x2104, 0x4924, 0xD246, 0xA1A4, 0x2882, 0xA9A5, 0xE226, 0x8185, 0x20E4, 0x2924, 0x2924, 0x2104, 0x20E4, 0x20E4,
  0x20E3, 0x91A5, 0xDA46, 0xA9E6, 0x30E4, 0x2924, 0x2904, 0x840F, 0xFFBC, 0xFF9B, 0xFF9B, 0xFFBC, 0xFFBC, 0xFFBC, 0xFFBC, 0xFFBC,
  0xFFBC, 0xFFBC, 0xFFBC, 0xFFBC, 0xFFBC, 0xFFBC, 0xFFBC, 0xFFBC, 0xFFBC, 0xFFBC, 0xFFBC, 0xFFBC, 0xFFBC, 0xFFBC, 0xFF9B, 0xFFBC,
  0xBD94, 0x3165, 0x2104, 0x81A5, 0xDA25, 0xD205, 0xD205, 0xD205, 0xDA25, 0xA1E6, 0x28E3, 0x2924, 0x2104, 0x2104, 0x2924, 0x2924,
  0x2924, 0x2924, 0x2924, 0x2924, 0x2904, 0x2104, 0x20E3, 0x3904, 0x4124, 0x3904, 0x20E4, 0x2104, 0x2104, 0x4104, 0xCA26, 0xDA25,
  0xD205, 0xD205, 0xD205, 0xD205, 0xDA46, 0x7985, 0x20E4, 0x28E4, 0x8985, 0xDA26, 0xDA25, 0xDA25, 0xDA45, 0xCA26, 0x5124, 0x18E4,
  0x3104, 0xBA06, 0xD205, 0xD205, 0xD225, 0xD225, 0xD205, 0xD205, 0x4924, 0x18C3, 0x99C5, 0xDA25, 0xC9E5, 0xD205, 0xD225, 0xD225,
  0xD205, 0xBA06, 0x3104, 0x3904, 0xC205, 0xD205, 0xD205, 0xDA25, 0xD205, 0xD205, 0xDA25, 0xB206, 0x30E4, 0x2124, 0x20E3, 0x8185,
  0xD246, 0xC226, 0xCA46, 0x8985, 0x28C3, 0x2104, 0x2104, 0x20E4, 0x28E3, 0x7185, 0x6965, 0x20E3, 0x3104, 0x5124, 0x3104, 0x2124,
  0x2104, 0x5269, 0xFF9B, 0xFF9B, 0xFF9B, 0xFFBC, 0xFFBC, 0xFFBC, 0xFFBC, 0xFFBC, 0xFFBC, 0xFFBC, 0xFFBC, 0xFFBC, 0xFFBC, 0xFFBC,
  0xFFBC, 0xFFBC, 0xFFBC, 0xFFBC, 0xFFBC, 0xFFBC, 0xFFBC, 0xFFBC, 0xFFBC, 0xFF9B, 0xFFBC, 0xE6D9, 0x3166, 0x2104, 0x4924, 0xBA06,
  0xDA05, 0xD225, 0xDA25, 0xBA06, 0x38E3, 0x2104, 0x28E4, 0x4924, 0x3924, 0x2104, 0x2904, 0x2904, 0x2924, 0x2924, 0x2924, 0x2924,
  0x2924, 0x2924, 0x2104, 0x2104, 0x2104, 0x2924, 0x2924, 0x2904, 0x20E3, 0x6964, 0xCA26, 0xDA25, 0xDA25, 0xDA25, 0xCA26, 0x8185,
  0x30E4, 0x2904, 0x2104, 0x28E3, 0x7964, 0xB1E6, 0xA9E5, 0x8985, 0x4924, 0x28E4, 0x2924, 0x20E3, 0x7164, 0xDA26, 0xD205, 0xD225,
  0xD205, 0xDA25, 0xBA06, 0x3104, 0x18E3, 0x6944, 0xDA26, 0xD205, 0xD205, 0xD205, 0xD205, 0xDA25, 0xA1C5, 0x28E3, 0x3104, 0xB206,
  0xDA26, 0x7124, 0x7144, 0xD205, 0xD205, 0xE245, 0x91C5, 0x20E3, 0x2924, 0x2904, 0x28E4, 0x5944, 0x7985, 0x5144, 0x20E3, 0x2104,
  0x2904, 0x4124, 0x6964, 0xA1C5, 0xDA26, 0xB206, 0x28E3, 0x2104, 0x2104, 0x2924, 0x2924, 0x4208, 0xE6D9, 0xFFBC, 0xFF9B, 0xFFBC,
  0xFFBC, 0xFFBC, 0xFFBC, 0xFFBC, 0xFFBC, 0xFFBC, 0xFFBC, 0xFFBC, 0xFFBC, 0xFFBC, 0xFFBC, 0xFFBC, 0xFFBC, 0xFFBC, 0xFFBC, 0xFFBC,
  0xFFBC, 0xFFBC, 0xFFBC, 0xFFBC, 0xFFBC, 0xFF9B, 0xFFBC, 0x62EB, 0x2104, 0x2104, 0x3904, 0xA1C5, 0xD226, 0xDA46, 0x7985, 0x20E3,
  0x2104, 0x6965, 0xD267, 0xA1E6, 0x30E4, 0x2904, 0x2904, 0x2904, 0x2904, 0x2904, 0x2104, 0x28E4, 0x28E4, 0x2104, 0x2924, 0x2924,
  0x2924, 0x2924, 0x2904, 0x2904, 0x20E4, 0x4924, 0x7985, 0x8185, 0x7985, 0x4924, 0x20E3, 0x2104, 0x2904, 0x2904, 0x2104, 0x20E4,
  0x3104, 0x28E3, 0x20E3, 0x2104, 0x2924, 0x2904, 0x2104, 0x20E3, 0x7165, 0xD226, 0xDA25, 0xD225, 0xBA06, 0x5124, 0x2104, 0x2904,
  0x28E3, 0x8985, 0xDA46, 0xDA45, 0xDA05, 0xDA05, 0xBA06, 0x4924, 0x2104, 0x2104, 0x5944, 0xD247, 0x7144, 0x5103, 0xD205, 0xDA25,
  0xC226, 0x4924, 0x2104, 0x2904, 0x2924, 0x2924, 0x2104, 0x18E4, 0x2104, 0x2104, 0x2104, 0x28E4, 0xA9E6, 0xDA46, 0xD205, 0xDA05,
  0x8985, 0x20E4, 0x2924, 0x20E3, 0x2945, 0x6B0B, 0xE6F9, 0xFFBC, 0xFF9B, 0xFFBC, 0xFFBC, 0xFFBC, 0xFFBC, 0xFFBC, 0xFFBC, 0xFFBC,
  0xFFBC, 0xFFBC, 0xFFBC, 0xFFBC, 0xFFBC, 0xFFBC, 0xFFBC, 0xFFBC, 0xFFBC, 0xFFBC, 0xFFBC, 0xFFBC, 0xFFBC, 0xFFBC, 0xFFBC, 0xFFBC,
  0xFF9B, 0xFFBC, 0xDEB8, 0x3186, 0x2104, 0x2104, 0x28E4, 0x5924, 0x6944, 0x30E3, 0x2104, 0x3104, 0xBA26, 0xDA25, 0xD226, 0x6144,
  0x20E4, 0x2924, 0x2904, 0x2924, 0x2104, 0x4104, 0x99C6, 0xA1C5, 0x5964, 0x2104, 0x2924, 0x2904, 0x2904, 0x2904, 0x2104, 0x20E4,
  0x2104, 0x20E4, 0x20E4, 0x20E4, 0x2104, 0x2924, 0x2904, 0x2904, 0x2904, 0x2924, 0x2924, 0x2124, 0x2924, 0x2924, 0x2904, 0x2924,
  0x2904, 0x2904, 0x2904, 0x20E4, 0x5124, 0x7985, 0x6964, 0x3903, 0x20E4, 0x2924, 0x2904, 0x2104, 0x28E3, 0x6964, 0x99C5, 0x91A5,
  0x8185, 0x4104, 0x2104, 0x2924, 0x2924, 0x20E4, 0x6964, 0xBA26, 0xBA06, 0xB9E6, 0x91A5, 0x4104, 0x2104, 0x2924, 0x2104, 0x18E3,
  0x2104, 0x2924, 0x2904, 0x3104, 0x5965, 0x3104, 0x28E4, 0xA1E5, 0xDA46, 0xD246, 0x99A5, 0x3904, 0x20E4, 0x2945, 0x4208, 0xAD13,
  0xFFBC, 0xFFBC, 0xFF9B, 0xFFBC, 0xFFBC, 0xFFBC, 0xFFBC, 0xFFBC, 0xFFBC, 0xFFBC, 0xFFBC, 0xFFBC, 0xFFBC, 0xFFBC, 0xFFBC, 0xFFBC,
  0xFFBC, 0xFFBC, 0xFFBC, 0xFFBC, 0xFFBC, 0xFFBC, 0xFFBC, 0xFFBC, 0xFFBC, 0xFFBC, 0xFFBC, 0xFFBC, 0xFF9B, 0xFFBC, 0xBDB5, 0x41C7,
  0x2924, 0x2904, 0x2104, 0x2104, 0x2924, 0x2104, 0x3104, 0xB206, 0xDA25, 0xC9E5, 0x4903, 0x2104, 0x2924, 0x2904, 0x2924, 0x20E4,
  0x7985, 0xDA26, 0xE225, 0x8185, 0x18E4, 0x2924, 0x2904, 0x2924, 0x20E4, 0x5944, 0x99C6, 0x4904, 0x2104, 0x2924, 0x2924, 0x2904,
  0x2904, 0x2924, 0x2904, 0x2104, 0x20E4, 0x2904, 0x28E3, 0x20E4, 0x2924, 0x2924, 0x2904, 0x2904, 0x2904, 0x2904, 0x2924, 0x2104,
  0x10C3, 0x18C3, 0x18E3, 0x2104, 0x2904, 0x2904, 0x2904, 0x2904, 0x2104, 0x20E4, 0x18C3, 0x10C3, 0x2104, 0x2924, 0x2924, 0x2904,
  0x2904, 0x2104, 0x3104, 0x3904, 0x3104, 0x20E3, 0x2104, 0x2924, 0x2104, 0x3104, 0x7985, 0x5124, 0x2104, 0x2104, 0x4104, 0xC268,
  0x4924, 0x2104, 0x3904, 0x6965, 0x5965, 0x28E3, 0x20E3, 0x39C7, 0xC5F6, 0xF77B, 0xFFBC, 0xFFBC, 0xFF9B, 0xFFBC, 0xFFBC, 0xFFBC,
  0xFFBC, 0xFFBC, 0xFFBC, 0xFFBC, 0xFFBC, 0xFFBC, 0xFFBC, 0xFFBC, 0xFFBC, 0xFFBC, 0xFFBC, 0xFFBC, 0xFFBC, 0xFFBC, 0xFFBC, 0xFFBC,
  0xFFBC, 0xFFBC, 0xFFBC, 0xFFBC, 0xFFBC, 0xFFBC, 0xFFBC, 0xFFBC, 0xFF9B, 0xFFBC, 0xE6F9, 0x7BCE, 0x3165, 0x2945, 0x2924, 0x2904,
  0x2924, 0x2104, 0x6144, 0xCA06, 0xDA25, 0xA1E5, 0x3104, 0x2904, 0x2924, 0x2924, 0x28E4, 0xA1E5, 0xD205, 0xD225, 0x9184, 0x30E3,
  0x2904, 0x2924, 0x2104, 0x4924, 0xCA26, 0xE225, 0xB1E5, 0x3104, 0x2104, 0x2924, 0x2904, 0x2904, 0x2924, 0x2104, 0x28E4, 0x6965,
  0xB1E6, 0xA1C5, 0x5944, 0x2104, 0x2924, 0x2904, 0x2904, 0x2904, 0x2924, 0x2104, 0x3904, 0x7164, 0x89A5, 0x8185, 0x4104, 0x20E4,
  0x2904, 0x2904, 0x2904, 0x2104, 0x3904, 0x6965, 0x6164, 0x4104, 0x2104, 0x2924, 0x2904, 0x2904, 0x2904, 0x3104, 0x30E4, 0x2104,
  0x2924, 0x2924, 0x2924, 0x2104, 0x6165, 0xEA87, 0x91C5, 0x20E4, 0x2104, 0x3104, 0x6165, 0x2904, 0x2924, 0x2104, 0x18E3, 0x2104,
  0x3165, 0x5AAA, 0xD677, 0xFFBC, 0xFFBC, 0xFF9B, 0xFF9B, 0xFFBC, 0xFFBC, 0xFFBC, 0xFFBC, 0xFFBC, 0xFFBC, 0xFFBC, 0xFFBC, 0xFFBC,
  0xFFBC, 0xFFBC, 0xFFBC, 0xFFBC, 0xFFBC, 0xFFBC, 0xFFBC, 0xFFBC, 0xFFBC, 0xFFBC, 0xFFBC, 0xFFBC, 0xFFBC, 0xFFBC, 0xFFBC, 0xFFBC,
  0xFFBC, 0xFFBC, 0xFFBC, 0xFFBC, 0xFF9B, 0xFFBC, 0xFFBC, 0xE6D9, 0xAD53, 0x8C2F, 0x41E7, 0x2904, 0x2924, 0x20E4, 0x4104, 0x8985,
  0xAA26, 0x4124, 0x2104, 0x2924, 0x2924, 0x20E4, 0x89A5, 0xE266, 0xDA25, 0xD226, 0x89A6, 0x28E4, 0x2924, 0x28E4, 0x99C5, 0xDA45,
  0xCA05, 0xCA26, 0x5124, 0x2104, 0x2104, 0x2104, 0x2924, 0x2924, 0x28E4, 0x91A5, 0xDA46, 0xD225, 0xDA25, 0xC226, 0x3904, 0x2904,
  0x2904, 0x2904, 0x2924, 0x2104, 0x3904, 0xA9E6, 0xDA26, 0xDA25, 0xDA46, 0xC226, 0x4924, 0x2104, 0x2924, 0x2104, 0x3104, 0xA9E5,
  0xDA46, 0xE246, 0xC226, 0x5124, 0x2104, 0x2924, 0x2104, 0x4924, 0xBA06, 0xA9E6, 0x3904, 0x2104, 0x2924, 0x2924, 0x2104, 0x5165,
  0x89C6, 0x4104, 0x2104, 0x2924, 0x2924, 0x2104, 0x2924, 0x3145, 0x62EA, 0x7BAE, 0x9450, 0xCE16, 0xFF9B, 0xFFBC, 0xFF9B, 0xFFBC,
  0xFFBC, 0xFFBC, 0xFFBC, 0xFFBC, 0xFFBC, 0xFFBC, 0xFFBC, 0xFFBC, 0xFFBC, 0xFFBC, 0xFFBC, 0xFFBC, 0xFFBC, 0xFFBC, 0xFFBC, 0xFFBC,
  0xFFBC, 0xFFBC, 0xFFBC, 0xFFBC, 0xFFBC, 0xFFBC, 0xFFBC, 0xFFBC, 0xFFBC, 0xFFBC, 0xFFBC, 0xFFBC, 0xFFBC, 0xFFBC, 0xFFBC, 0xFFBC,
  0xFF9B, 0xFF9B, 0xFFBC, 0xFFBC, 0xFFBC, 0xD678, 0x3166, 0x2924, 0x2924, 0x2104, 0x20E4, 0x28E4, 0x2904, 0x2924, 0x2924, 0x2924,
  0x2124, 0x3104, 0x7985, 0x99A5, 0x7165, 0x3904, 0x2104, 0x2104, 0x3904, 0xC205, 0xD205, 0xD225, 0xA9C5, 0x28E3, 0x20E4, 0x5145,
  0x4124, 0x2104, 0x2104, 0x5124, 0xD226, 0xD205, 0xCA05, 0xD225, 0xC206, 0x30E3, 0x6165, 0x79A6, 0x20E3, 0x2924, 0x2104, 0x6965,
  0xD226, 0xD225, 0xC205, 0x58E3, 0xB1E5, 0x91C5, 0x20E3, 0x2924, 0x20E4, 0x6144, 0xDA26, 0xB9E5, 0x7144, 0xD226, 0x89A5, 0x20E4,
  0x2924, 0x20E3, 0x91C5, 0xE246, 0xD246, 0x4944, 0x2104, 0x2924, 0x2924, 0x2904, 0x2904, 0x20E4, 0x2124, 0x2924, 0x2904, 0x2104,
  0x2924, 0x2945, 0x7BAD, 0xFFBC, 0xFFBC, 0xFFBC, 0xFFBC, 0xFFBC, 0xFF9B, 0xFFBC, 0xFFBC, 0xFFBC, 0xFFBC, 0xFFBC, 0xFFBC, 0xFFBC,
  0xFFBC, 0xFFBC, 0xFFBC, 0xFFBC, 0xFFBC, 0xFFBC, 0xFFBC, 0xFFBC, 0xFFBC, 0xFFBC, 0xFFBC, 0xFFBC, 0xFFBC, 0xFFBC, 0xFFBC, 0xFFBC,
  0xFFBC, 0xFFBC, 0xFFBC, 0xFFBC, 0xFFBC, 0xFFBC, 0xFFBC, 0xFFBC, 0xFFBC, 0xFFBC, 0xFFBC, 0xFFBC, 0xFFBC, 0xFF9B, 0xFF9B, 0xFF7B,
  0xFFBC, 0xBD94, 0x2945, 0x2904, 0x2924, 0x2924, 0x2925, 0x2924, 0x2925, 0x2904, 0x2924, 0x2924, 0x2924, 0x20E4, 0x20E4, 0x20E4,
  0x2104, 0x2924, 0x2104, 0x3904, 0xBA05, 0xD205, 0xD205, 0xB9E5, 0x4104, 0x4103, 0xBA27, 0x6165, 0x2104, 0x2104, 0x6164, 0xD225,
  0xD205, 0xD205, 0xE225, 0x91A5, 0x1083, 0x7965, 0xC226, 0x3104, 0x2924, 0x20E4, 0x7165, 0xD225, 0xD205, 0xBA05, 0x28A3, 0x8984,
  0xAA06, 0x28E4, 0x2924, 0x18E4, 0x6944, 0xDA26, 0xB1C5, 0x48E3, 0xC226, 0x8185, 0x20E4, 0x2924, 0x2104, 0x5944, 0x8185, 0x5944,
  0x2904, 0x2924, 0x2924, 0x2924, 0x2924, 0x2925, 0x2924, 0x2924, 0x2945, 0x4208, 0x5269, 0x7BAD, 0xBD94, 0xFFBC, 0xFFBC, 0xFF9B,
  0xFF9B, 0xFF9B, 0xFFBC, 0xFFBC, 0xFFBC, 0xFFBC, 0xFFBC, 0xFFBC, 0xFFBC, 0xFFBC, 0xFFBC, 0xFFBC, 0xFFBC, 0xFFBC, 0xFFBC, 0xFFBC,
  0xFFBC, 0xFFBC, 0xFFBC, 0xFFBC, 0xFFBC, 0xFFBC, 0xFFBC, 0xFFBC, 0xFFBC, 0xFFBC, 0xFFBC, 0xFFBC, 0xFFBC, 0xFFBC, 0xFFBC, 0xFFBC,
  0xFFBC, 0xFFBC, 0xFFBC, 0xFFBC, 0xFFBC, 0xFFBC, 0xFFBC, 0xFFBC, 0xFFBC, 0xFFBC, 0xFFBC, 0xFF9B, 0xFFBC, 0xC5F5, 0x5289, 0x3145,
  0x2925, 0x2924, 0x2924, 0x2924, 0x3166, 0x3165, 0x2904, 0x2904, 0x2924, 0x2924, 0x2924, 0x2924, 0x2924, 0x2924, 0x20E3, 0x8185,
  0xDA26, 0xD205, 0xD205, 0xCA05, 0xD226, 0xA9E6, 0x3104, 0x2924, 0x2104, 0x5124, 0xCA26, 0xD205, 0xD205, 0xDA25, 0xA9C5, 0x5904,
  0xB1E5, 0xC206, 0x3904, 0x2124, 0x2104, 0x38E3, 0xB1E6, 0xDA25, 0xD225, 0xB9E5, 0xD226, 0x89A5, 0x20E4, 0x2924, 0x2104, 0x3904,
  0xA9E6, 0xD206, 0xCA26, 0xA9E6, 0x3904, 0x2104, 0x2924, 0x2924, 0x2104, 0x20E4, 0x2104, 0x2924, 0x2924, 0x2924, 0x2904, 0x2104,
  0x2945, 0x3165, 0x5249, 0xBD94, 0xFF7B, 0xFF9C, 0xFFBC, 0xFFBC, 0xFF9B, 0xFF9B, 0xFFBC, 0xFFBC, 0xFFBC, 0xFFBC, 0xFFBC, 0xFFBC,
  0xFFBC, 0xFFBC, 0xFFBC, 0xFFBC, 0xFFBC, 0xFFBC, 0xFFBC, 0xFFBC, 0xFFBC, 0xFFBC, 0xFFBC, 0xFFBC, 0xFFBC, 0xFFBC, 0xFFBC, 0xFFBC,
  0xFFBC, 0xFFBC, 0xFFBC, 0xFFBC, 0xFFBC, 0xFFBC, 0xFFBC, 0xFFBC, 0xFFBC, 0xFFBC, 0xFFBC, 0xFFBC, 0xFFBC, 0xFFBC, 0xFFBC, 0xFFBC,
  0xFFBC, 0xFFBC, 0xFFBC, 0xFFBC, 0xFFBC, 0xFFBC, 0xFFBC, 0xFF9B, 0xFFBC, 0xFF9C, 0xC5F5, 0x8C0F, 0x630B, 0x6B0B, 0x8C30, 0xCE16,
  0xB574, 0x62EB, 0x3145, 0x2924, 0x2924, 0x2104, 0x20E4, 0x2904, 0x2924, 0x2104, 0x28E3, 0x7965, 0xBA06, 0xCA26, 0xCA05, 0xA1C5,
  0x4104, 0x2104, 0x2924, 0x2924, 0x28E3, 0x99C5, 0xE225, 0xD205, 0xD205, 0xD205, 0xDA25, 0xDA46, 0x7985, 0x20E4, 0x2924, 0x2924,
  0x20E4, 0x4103, 0xA9E5, 0xD205, 0xCA05, 0x99C5, 0x3904, 0x2104, 0x2924, 0x2924, 0x2104, 0x3104, 0x5124, 0x4924, 0x3104, 0x2904,
  0x2924, 0x20E4, 0x2104, 0x2924, 0x2924, 0x2924, 0x2904, 0x2924, 0x3165, 0x738D, 0x9471, 0xB574, 0xCE16, 0xFF7B, 0xFFBC, 0xFFBC,
  0xFFBC, 0xFF9B, 0xFF9B, 0xFFBC, 0xFFBC, 0xFFBC, 0xFFBC, 0xFFBC, 0xFFBC, 0xFFBC, 0xFFBC, 0xFFBC, 0xFFBC, 0xFFBC, 0xFFBC, 0xFFBC,
  0xFFBC, 0xFFBC, 0xFFBC, 0xFFBC, 0xFFBC, 0xFFBC, 0xFFBC, 0xFFBC, 0xFFBC, 0xFFBC, 0xFFBC, 0xFFBC, 0xFFBC, 0xFFBC, 0xFFBC, 0xFFBC,
  0xFFBC, 0xFFBC, 0xFFBC, 0xFFBC, 0xFFBC, 0xFFBC, 0xFFBC, 0xFFBC, 0xFFBC, 0xFFBC, 0xFFBC, 0xFFBC, 0xFFBC, 0xFFBC, 0xFFBC, 0xFFBC,
  0xFFBC, 0xFFBC, 0xFFBC, 0xFF9B, 0xFFBC, 0xFFBC, 0xFFBC, 0xFFBC, 0xFFBC, 0xFFBC, 0xFFBC, 0xFFBC, 0xFFBC, 0xD677, 0x9470, 0x630B,
  0x4208, 0x41E7, 0x3165, 0x2104, 0x2924, 0x2104, 0x20E4, 0x3104, 0x4124, 0x3904, 0x28E4, 0x2104, 0x2924, 0x2924, 0x2924, 0x2104,
  0x3904, 0xA1C5, 0xD226, 0xD226, 0xDA25, 0xD226, 0x8185, 0x28E3, 0x2104, 0x2924, 0x2924, 0x2924, 0x2104, 0x30E4, 0x4924, 0x4104,
  0x28E4, 0x2924, 0x2904, 0x2104, 0x2104, 0x2904, 0x2924, 0x2104, 0x2104, 0x2904, 0x2904, 0x2924, 0x39C7, 0x3166, 0x2945, 0x3165,
  0x3145, 0x41E7, 0x83EF, 0xD677, 0xFFBC, 0xFFBC, 0xFFBC, 0xFFBC, 0xFFBC, 0xFF9B, 0xFF9B, 0xFF9B, 0xFFBC, 0xFFBC, 0xFFBC, 0xFFBC,
  0xFFBC, 0xFFBC, 0xFFBC, 0xFFBC, 0xFFBC, 0xFFBC, 0xFFBC, 0xFFBC, 0xFFBC, 0xFFBC, 0xFFBC, 0xFFBC, 0xFFBC, 0xFFBC, 0xFFBC, 0xFFBC,
  0xFFBC, 0xFFBC, 0xFFBC, 0xFFBC, 0xFFBC, 0xFFBC, 0xFFBC, 0xFFBC, 0xFFBC, 0xFFBC, 0xFFBC, 0xFFBC, 0xFFBC, 0xFFBC, 0xFFBC, 0xFFBC,
  0xFFBC, 0xFFBC, 0xFFBC, 0xFFBC, 0xFFBC, 0xFFBC, 0xFFBC, 0xFFBC, 0xFFBC, 0xFFBC, 0xFFBC, 0xFFBC, 0xFFBC, 0xFFBC, 0xFFBC, 0xFF9B,
  0xFF9B, 0xFF9B, 0xFF9B, 0xFF9B, 0xFF9B, 0xFF9B, 0xFF9B, 0xFF9B, 0xFFBC, 0xFFBC, 0xFFBC, 0xF77B, 0xF75B, 0xD677, 0x4A28, 0x2924,
  0x2924, 0x2925, 0x2924, 0x2124, 0x2124, 0x2924, 0x2924, 0x2104, 0x2924, 0x2924, 0x2924, 0x2104, 0x30E4, 0x5924, 0x7164, 0x7165,
  0x5124, 0x20E4, 0x2924, 0x2924, 0x2104, 0x2104, 0x2104, 0x2924, 0x2924, 0x2104, 0x2104, 0x2924, 0x2104, 0x2945, 0x62CB, 0x5AAA,
  0x3165, 0x3145, 0x2945, 0x2925, 0x2945, 0x39C7, 0x9C91, 0xF75A, 0xEF19, 0xD657, 0xBDB5, 0xCE16, 0xF75A, 0xFFBC, 0xFFBC, 0xFF9B,
  0xFF9B, 0xFF9B, 0xFF9B, 0xFF9B, 0xFFBC, 0xFFBC, 0xFFBC, 0xFFBC, 0xFFBC, 0xFFBC, 0xFFBC, 0xFFBC, 0xFFBC, 0xFFBC, 0xFFBC, 0xFFBC,
  0xFFBC, 0xFFBC, 0xFFBC, 0xFFBC, 0xFFBC, 0xFFBC, 0xFFBC, 0xFFBC, 0xFFBC, 0xFFBC, 0xFFBC, 0xFFBC, 0xFFBC, 0xFFBC, 0xFFBC, 0xFFBC,
  0xFFBC, 0xFFBC, 0xFFBC, 0xFFBC, 0xFFBC, 0xFFBC, 0xFFBC, 0xFFBC, 0xFFBC, 0xFFBC, 0xFFBC, 0xFFBC, 0xFFBC, 0xFFBC, 0xFFBC, 0xFFBC,
  0xFFBC, 0xFFBC, 0xFFBC, 0xFFBC, 0xFFBC, 0xFFBC, 0xFFBC, 0xFFBC, 0xFFBC, 0xFFBC, 0xFFBC, 0xFFBC, 0xFFBC, 0xFFBC, 0xFFBC, 0xFFBC,
  0xFFBC, 0xFFBC, 0xFFBC, 0xFF9B, 0xFF9B, 0xFF9B, 0xFFBC, 0xFFBC, 0xFFBC, 0xEEF9, 0x7BAD, 0x2945, 0x2924, 0x2904, 0x2924, 0x2904,
  0x2904, 0x2945, 0x3186, 0x2924, 0x2924, 0x2924, 0x2924, 0x2904, 0x20E4, 0x20E4, 0x18E4, 0x2104, 0x2924, 0x2924, 0x2924, 0x6B4C,
  0x7BAE, 0x3986, 0x2925, 0x2945, 0x2945, 0x2925, 0x3165, 0x5289, 0xC5F6, 0xFFBC, 0xFFBC, 0xE6D9, 0xB574, 0x9C91, 0x9CB1, 0xBDB5,
  0xEF3A, 0xFFBC, 0xFFBC, 0xFFBC, 0xFFBC, 0xFFBC, 0xFFBC, 0xFFBC, 0xFF9B, 0xFF9B, 0xFFBC, 0xFFBC, 0xFFBC, 0xFFBC, 0xFFBC, 0xFFBC,
  0xFFBC, 0xFFBC, 0xFFBC, 0xFFBC, 0xFFBC, 0xFFBC, 0xFFBC, 0xFFBC, 0xFFBC, 0xFFBC, 0xFFBC, 0xFFBC, 0xFFBC, 0xFFBC, 0xFFBC, 0xFFBC,
  0xFFBC, 0xFFBC, 0xFFBC, 0xFFBC, 0xFFBC, 0xFFBC, 0xFFBC, 0xFFBC, 0xFFBC, 0xFFBC, 0xFFBC, 0xFFBC, 0xFFBC, 0xFFBC, 0xFFBC, 0xFFBC,
  0xFFBC, 0xFFBC, 0xFFBC, 0xFFBC, 0xFFBC, 0xFFBC, 0xFFBC, 0xFFBC, 0xFFBC, 0xFFBC, 0xFFBC, 0xFFBC, 0xFFBC, 0xFFBC, 0xFFBC, 0xFFBC,
  0xFFBC, 0xFFBC, 0xFFBC, 0xFFBC, 0xFFBC, 0xFFBC, 0xFFBC, 0xFFBC, 0xFFBC, 0xFFBC, 0xFFBC, 0xFFBC, 0xFFBC, 0xFFBC, 0xFFBC, 0xFFBC,
  0xFFBC, 0xFFBC, 0xFF9B, 0xFF9B, 0xFFBC, 0xFFBC, 0xD657, 0x7BAE, 0x4A28, 0x41C7, 0x4A49, 0x7BAE, 0xBDB5, 0xE6D9, 0x6B2C, 0x2945,
  0x2924, 0x2924, 0x2924, 0x2924, 0x2925, 0x2924, 0x2924, 0x2104, 0x2945, 0x736D, 0xFFBC, 0xFFBC, 0xEF1A, 0xCE16, 0x9CB1, 0x9450,
  0xA4F2, 0xDE98, 0xFFBC, 0xFFBC, 0xFF9B, 0xFFBC, 0xFFBC, 0xFFBC, 0xFFBC, 0xFFBC, 0xFFBC, 0xFFBC, 0xFF9B, 0xFF9B, 0xFF9B, 0xFF9B,
  0xFF9B, 0xFF9B, 0xFF9B, 0xFFBC, 0xFFBC, 0xFFBC, 0xFFBC, 0xFFBC, 0xFFBC, 0xFFBC, 0xFFBC, 0xFFBC, 0xFFBC, 0xFFBC, 0xFFBC, 0xFFBC,
  0xFFBC, 0xFFBC, 0xFFBC, 0xFFBC, 0xFFBC, 0xFFBC, 0xFFBC, 0xFFBC, 0xFFBC, 0xFFBC, 0xFFBC, 0xFFBC, 0xFFBC, 0xFFBC, 0xFFBC, 0xFFBC,
  0xFFBC, 0xFFBC, 0xFFBC, 0xFFBC, 0xFFBC, 0xFFBC, 0xFFBC, 0xFFBC, 0xFFBC, 0xFFBC, 0xFFBC, 0xFFBC, 0xFFBC, 0xFFBC, 0xFFBC, 0xFFBC,
  0xFFBC, 0xFFBC, 0xFFBC, 0xFFBC, 0xFFBC, 0xFFBC, 0xFFBC, 0xFFBC, 0xFFBC, 0xFFBC, 0xFFBC, 0xFFBC, 0xFFBC, 0xFFBC, 0xFFBC, 0xFFBC,
  0xFFBC, 0xFFBC, 0xFFBC, 0xFFBC, 0xFFBC, 0xFFBC, 0xFFBC, 0xFFBC, 0xFFBC, 0xFFBC, 0xFFBC, 0xFFBC, 0xFFBC, 0xFFBC, 0xFFBC, 0xFF9B,
  0xFF9B, 0xFFBC, 0xFFBC, 0xFFBC, 0xFF9B, 0xFFBC, 0xFFBC, 0xFFBC, 0xFFBC, 0xFF9B, 0x8C2F, 0x3145, 0x2904, 0x2904, 0x20E3, 0x2104,
  0x2925, 0x2924, 0x3186, 0x8C30, 0xFF9B, 0xFFBC, 0xFF9B, 0xFFBC, 0xFFBC, 0xFFBC, 0xFFBC, 0xFFBC, 0xFFBC, 0xFFBC, 0xFF9B, 0xFFBC,
  0xFF9B, 0xFF9B, 0xFF9B, 0xFF9B, 0xFF9B, 0xFF9B, 0xFF9B, 0xFFBC, 0xFFBC, 0xFFBC, 0xFFBC, 0xFFBC, 0xFFBC, 0xFFBC, 0xFFBC, 0xFFBC,
  0xFFBC, 0xFFBC, 0xFFBC, 0xFFBC, 0xFFBC, 0xFFBC, 0xFFBC, 0xFFBC, 0xFFBC, 0xFFBC, 0xFFBC, 0xFFBC, 0xFFBC, 0xFFBC, 0xFFBC, 0xFFBC,
  0xFFBC, 0xFFBC, 0xFFBC, 0xFFBC, 0xFFBC, 0xFFBC, 0xFFBC, 0xFFBC, 0xFFBC, 0xFFBC, 0xFFBC, 0xFFBC, 0xFFBC, 0xFFBC, 0xFFBC, 0xFFBC,
  0xFFBC, 0xFFBC, 0xFFBC, 0xFFBC, 0xFFBC, 0xFFBC, 0xFFBC, 0xFFBC, 0xFFBC, 0xFFBC, 0xFFBC, 0xFFBC, 0xFFBC, 0xFFBC, 0xFFBC, 0xFFBC,
  0xFFBC, 0xFFBC, 0xFFBC, 0xFFBC, 0xFFBC, 0xFFBC, 0xFFBC, 0xFFBC, 0xFFBC, 0xFFBC, 0xFFBC, 0xFFBC, 0xFFBC, 0xFFBC, 0xFFBC, 0xFFBC,
  0xFFBC, 0xFFBC, 0xFFBC, 0xFFBC, 0xFFBC, 0xFFBC, 0xFFBC, 0xFFBC, 0xFFBC, 0xFFBC, 0xFFBC, 0xFFBC, 0xFF9B, 0xFF9B, 0xFFBC, 0xFFBC,
  0xFFBC, 0xFF9B, 0xFF9B, 0xFF9B, 0xFFBC, 0xFFBC, 0xCE36, 0x83CE, 0x62CB, 0x4A49, 0x5269, 0x6B2C, 0x9450, 0xE6B8, 0xFFBC, 0xFFBC,
  0xFF9B, 0xFFBC, 0xFF9B, 0xFF9B, 0xFF9B, 0xFF9B, 0xFF9B, 0xFF9B, 0xFFBC, 0xFFBC, 0xFFBC, 0xFFBC, 0xFFBC, 0xFFBC, 0xFFBC, 0xFFBC,
  0xFFBC, 0xFFBC, 0xFFBC, 0xFFBC, 0xFFBC, 0xFFBC, 0xFFBC, 0xFFBC, 0xFFBC, 0xFFBC, 0xFFBC, 0xFFBC, 0xFFBC, 0xFFBC, 0xFFBC, 0xFFBC,
  0xFFBC, 0xFFBC, 0xFFBC, 0xFFBC, 0xFFBC, 0xFFBC, 0xFFBC, 0xFFBC, 0xFFBC, 0xFFBC, 0xFFBC, 0xFFBC, 0xFFBC, 0xFFBC, 0xFFBC, 0xFFBC,
  0xFFBC, 0xFFBC, 0xFFBC, 0xFFBC, 0xFFBC, 0xFFBC, 0xFFBC, 0xFFBC, 0xFFBC, 0xFFBC, 0xFFBC, 0xFFBC, 0xFFBC, 0xFFBC,
};
